[2025-04-30 22:58:30] {"id":"100830542","title":"Honda CR-V","offer_type":776,"price":{"id":2,"value":32200,"unit":"eur"},"state":"public","categories":{"category":{"id":"658","title":"Транспорт","url":"transport"},"subcategory":{"id":"659","title":"Легковые автомобили","url":"transport/cars"}},"type":"standard","views_counter":93,"autorepublisher":{"enabled":false,"schedule":null},"posted":"2025-04-24T21:24:59+03:00","republished":"2025-04-30T12:32:07+03:00","expire":"2025-05-30T12:32:07+03:00","block_reasons":null,"location":{"location_region":"Кишинёв мун.","location_location":"","location_sector":"","location_street":"","location_building":""},"images":{"id":14,"value":["fb5b04652fce595638db0d4a40810e40.jpg","b19e4e0bc3cae88251be93757aa9c3e6.jpg","8146fc0770d76d06bd567d5433ea35a1.jpg","e8f30a7d43df2a87c4ba554c15a48a9d.jpg","2320178f754b1d5379d30a6d4edf8074.jpg","9b113ddf197f79b6566b14776b3e195f.jpg","3d4d5a9a93add5e5914bd2dae0cfada8.jpg","80ba1c8bb792d3ed159525c638a80ed0.jpg","a15820f54e002c429b26d2a66671abc0.jpg","d39a3b98b2b950eabea02d17cc4b68cf.jpg","a8284f061a76bd99a2673772aab42354.jpg","4706e4500c9c41f4bb6baa59211fa7d0.jpg","7e8a7b1cd790f28afc02148bf4f914c9.jpg","14bcf01b2e74008c9275071bcfa9b51d.jpg","0ba7ed01245ecaf8b736633a7d268721.jpg","0d3a6e94e4918f0c6e02860b5bcbe510.jpg","edeb47ff441323e0a5e2ab61311680e6.jpg","e9f1af3f696588c51f7ebac017b8ee0b.jpg","1ad971bc1eeeb7cd1132dfa951358a8e.jpg"],"unit":null},"videos":null,"contacts":{"id":16,"value":{"without_number":false,"phone_numbers":["37379500425"]},"unit":null},"delivery":null}
[2025-04-30 22:58:30] {"id":"100828672","title":"Opel Astra","offer_type":776,"price":{"id":2,"value":7499,"unit":"eur"},"state":"public","categories":{"category":{"id":"658","title":"Транспорт","url":"transport"},"subcategory":{"id":"659","title":"Легковые автомобили","url":"transport/cars"}},"type":"standard","views_counter":22,"autorepublisher":{"enabled":false,"schedule":null},"posted":"2025-04-24T18:02:52+03:00","republished":"2025-04-29T09:48:48+03:00","expire":"2025-05-29T09:48:48+03:00","block_reasons":null,"location":{"location_region":"Кишинёв мун.","location_location":"","location_sector":"","location_street":"","location_building":""},"images":{"id":14,"value":["fc335f5c39f00daed58a834bb75710ea.jpg","0ab294abfecbef0483a6e6a8ebe7efa2.jpg","b5a6e221318d673712e4b5880847ad5b.jpg","5593210b119d1a612caadf6ba4f49403.jpg","bb5a3cdb19f0e766192fd416f66819ab.jpg","07a20e17ed62a36b866e9083f1b653e1.jpg","b759aab7effbbda22476d439b85974cf.jpg","6349fcbcbab2b4e32b5110b965dfb67f.jpg","6b4b265040295ebddceb7fa75a14dd29.jpg","cc5f4d471921a6fe8a530a99ba3ca4de.jpg","3662d502a8802985aca072cb3abb199a.jpg","e526f987991396585f136bafc6830791.jpg","0be2233fab1e7014db5f8731a70e128c.jpg","38df9189fb939ef91f79e9d534e75cd1.jpg","cece09e35be6f44150b5bd4c33edec09.jpg","8b0294c1b8be6c3323f3c424e815a771.jpg","fe6fa598edc0a72a6c0a34307a2d8d13.jpg","186e901b9fe6947a7cac8d70ac4b6275.jpg"],"unit":null},"videos":null,"contacts":{"id":16,"value":{"without_number":false,"phone_numbers":["37379500425"]},"unit":null},"delivery":null}
[2025-04-30 22:58:30] {"id":"100828359","title":"Ford Mondeo","offer_type":776,"price":{"id":2,"value":9799,"unit":"eur"},"state":"public","categories":{"category":{"id":"658","title":"Транспорт","url":"transport"},"subcategory":{"id":"659","title":"Легковые автомобили","url":"transport/cars"}},"type":"standard","views_counter":19,"autorepublisher":{"enabled":false,"schedule":null},"posted":"2025-04-24T17:37:42+03:00","republished":"2025-04-30T12:15:13+03:00","expire":"2025-05-30T12:15:13+03:00","block_reasons":null,"location":{"location_region":"Кишинёв мун.","location_location":"","location_sector":"","location_street":"","location_building":""},"images":{"id":14,"value":["5f6bb0b49b5732ce4f0a6bf885cd68e3.jpg","9d6ed6e9c123cae5faf760a8c9454c2c.jpg","b07d78708497b1f9f710fa661d0bae8d.jpg","acf9191403b4af4ffe583c4e4136f4ce.jpg","d6339401190ba11feffb2a9998680054.jpg","4728899c6bd1efeee99156449b5c2cb6.jpg","f9e8db3764b1aa26a5481838e8f08cfb.jpg","3ab413c15a5ba5ed64150b4a8b98d4b0.jpg","20ed23b2fafa64a422c458417fb9d635.jpg","57f39251dd82c86b881443a2eec640e1.jpg","89300acd19e60ede96a19036f76118dc.jpg","d6c63901bc099d2a64ff0cbd342b0c43.jpg","956d67898ee56b248ae4cc47f03e8dfb.jpg","bca3ff8d5e2fb177f6a02b2bcfc0aff5.jpg","97c0fa41e739807d7e49d0d88018ac8a.jpg","a24920e896cff893d0810c8f29fc5b8f.jpg"],"unit":null},"videos":null,"contacts":{"id":16,"value":{"without_number":false,"phone_numbers":["37379500425"]},"unit":null},"delivery":null}
[2025-04-30 22:58:30] {"id":"100821865","title":"Audi SQ5","offer_type":776,"price":{"id":2,"value":35500,"unit":"eur"},"state":"public","categories":{"category":{"id":"658","title":"Транспорт","url":"transport"},"subcategory":{"id":"659","title":"Легковые автомобили","url":"transport/cars"}},"type":"standard","views_counter":15,"autorepublisher":{"enabled":false,"schedule":null},"posted":"2025-04-24T09:45:37+03:00","republished":"2025-04-29T13:21:08+03:00","expire":"2025-05-29T13:21:08+03:00","block_reasons":null,"location":{"location_region":"Кишинёв мун.","location_location":"","location_sector":"","location_street":"","location_building":""},"images":{"id":14,"value":["5a954dc238ff47c97a0f3374264def17.jpg","a037fb7c0b1d2e812d820e2a67502093.jpg","9e506328b28b03663d239889d2fa1520.jpg","b878f5d8d87b92ff9de749c822b09075.jpg","3a58ab64d2a9c15a20ca86b40cfc838d.jpg","42cb55d9a8787b010ae73678ba136193.jpg","5772e619161afe642ce09b1291db8cc6.jpg","1a472b4ac0313c552ab27052c11cf646.jpg","dd5bf538a02f61043d7a73e5a459c7ec.jpg","b1d2ea0d2e9753e5b2ce074c565cbe99.jpg","1d86590b294bc2af6ada8b544391a459.jpg","d03434d0316ac4d3e2c4dc158061f75d.jpg","e501f69ad9a59c4d7657a1feadbb7471.jpg","af46f9a2cd8266f89e3a4c55af39010f.jpg"],"unit":null},"videos":null,"contacts":{"id":16,"value":{"without_number":false,"phone_numbers":["37379500425"]},"unit":null},"delivery":null}
[2025-04-30 22:58:30] {"id":"100819412","title":"Volkswagen Passat","offer_type":776,"price":{"id":2,"value":13999,"unit":"eur"},"state":"public","categories":{"category":{"id":"658","title":"Транспорт","url":"transport"},"subcategory":{"id":"659","title":"Легковые автомобили","url":"transport/cars"}},"type":"standard","views_counter":40,"autorepublisher":{"enabled":false,"schedule":null},"posted":"2025-04-23T21:35:20+03:00","republished":"2025-04-30T12:55:08+03:00","expire":"2025-05-30T12:55:08+03:00","block_reasons":null,"location":{"location_region":"Кишинёв мун.","location_location":"","location_sector":"","location_street":"","location_building":""},"images":{"id":14,"value":["74bad943a86473bc4981c42b77f5ad37.jpg","7cf39fdff353e8dc54dd46da8ed44616.jpg","2e55219a0c6b3d6a92b194701b9a357b.jpg","691c44090f1c23c3feae75965369ca14.jpg","29c889ad02588194e3657a3af57a9396.jpg","17f11a7bcc3f00450eadd89eea07d683.jpg","79bda3dd481d6c45a41f3d999e6c3d82.jpg","a2cb487e79d9db94bb91b113ea410371.jpg","330af3a698777c37f603e92c6c6eb72d.jpg","a98ff39dea4c7d27f643d94e61a5789e.jpg","30c2dc5936ceb2cbc303b49a46c34778.jpg","34990b6b7acf30b3f3565d57521b9c47.jpg","19684be3f34934e7945c792dfc8a0d07.jpg","62a522bb48d339c434f8a927286d533c.jpg","63102477f8ca29901778219cd8d8c860.jpg","b1e0a4391adf5bdbfaf6b0d62e7944c2.jpg","62197311b5707d83e82f15b9c1e4e02b.jpg","76926cb9e6bd219521612a4325033af8.jpg","967bf88a442cb882ad166ced0f0ca5b3.jpg"],"unit":null},"videos":null,"contacts":{"id":16,"value":{"without_number":false,"phone_numbers":["37379500425"]},"unit":null},"delivery":null}
[2025-04-30 22:58:30] {"id":"100821922","title":"Volkswagen Crafter","offer_type":776,"price":{"id":2,"value":11900,"unit":"eur"},"state":"public","categories":{"category":{"id":"658","title":"Транспорт","url":"transport"},"subcategory":{"id":"662","title":"Грузовые автомобили","url":"transport/trucks"}},"type":"standard","views_counter":30,"autorepublisher":{"enabled":false,"schedule":null},"posted":"2025-04-24T09:49:32+03:00","republished":"2025-04-30T12:15:10+03:00","expire":"2025-05-30T12:15:10+03:00","block_reasons":null,"location":{"location_region":"Кишинёв мун.","location_location":"","location_sector":"","location_street":"","location_building":""},"images":{"id":14,"value":["53e323b1d5b8ec4ec5baabf58b4d34d1.jpg","25525d7b8eb1cd58a998e820c33717b6.jpg","31a4b037775b9acbde983a10e6d5f372.jpg","f60493db07b9001cd4e4d24a973ebeb0.jpg","83ea9fd79fb25f4a666f88a47afdf899.jpg","71f4f2273f8058a95ae4eb35b8255f70.jpg","adb7d82b524ca41cafbd6a669c7413bf.jpg","1d204d36ecf60e816ec4e04b3ffac2fb.jpg","66ec651f43dd030c47d5f07430a6c171.jpg","5f89c29fbd540b30ddff749dcc94adea.jpg","05a9d08dc9f6d5b1eb5c504322a976d6.jpg","ffec1be46e5356e6123142f91f7c006a.jpg","fa9b8db3d6c6f846271954d4ca958a28.jpg"],"unit":null},"videos":null,"contacts":{"id":16,"value":{"without_number":false,"phone_numbers":["37379954375"]},"unit":null},"delivery":null}
[2025-04-30 22:58:30] {"id":"100777281","title":"Volvo XC60","offer_type":776,"price":{"id":2,"value":25700,"unit":"eur"},"state":"public","categories":{"category":{"id":"658","title":"Транспорт","url":"transport"},"subcategory":{"id":"659","title":"Легковые автомобили","url":"transport/cars"}},"type":"standard","views_counter":56,"autorepublisher":{"enabled":false,"schedule":null},"posted":"2025-04-18T22:51:21+03:00","republished":"2025-04-30T20:45:01+03:00","expire":"2025-05-30T20:45:01+03:00","block_reasons":null,"location":{"location_region":"Кишинёв мун.","location_location":"","location_sector":"","location_street":"","location_building":""},"images":{"id":14,"value":["a9c2e797fcb3814b49ac4036eb2829ea.jpg","531de54e1b067e952341f4e817c2222e.jpg","d47349415f29767b79bd38215459893b.jpg","3660ddb62402d7fb3e65c89a2d45c605.jpg","bfdd25e39aac6c61fd63ed8d5d3eb1d3.jpg","7bebac790c1cb04dc85c2c2adbf070db.jpg","5c2b796f3de180641b922395cd6c351f.jpg","881f6d8e115945784193af3715a6e0f0.jpg","cc3e3bd37a06b87e444a33153f216892.jpg","c32936a590fad1eb1adb7fffebf375eb.jpg","da03f1dd64b73bec475d3aa40cefbd47.jpg","694bdb6bb4a28d46825ad1725a5e0a80.jpg","8262b20306c203502103cc93fd62e2d9.jpg","6d09312794d600637ac348a12b10b3a1.jpg","1b7a148d68290ac3ed26110dc7d6e2a6.jpg","7e49f56cf170d850cc8b730b1be455f1.jpg","116540daecd2f895c6c57e2018afceed.jpg","3d5b63b1709e0b8b31ac9a7d207aa94a.jpg","a868b3583e49c4deeae2ac510e185d51.jpg"],"unit":null},"videos":null,"contacts":{"id":16,"value":{"without_number":false,"phone_numbers":["37379500425"]},"unit":null},"delivery":null}
[2025-04-30 22:58:30] {"id":"100777307","title":"Renault Kadjar","offer_type":776,"price":{"id":2,"value":15900,"unit":"eur"},"state":"public","categories":{"category":{"id":"658","title":"Транспорт","url":"transport"},"subcategory":{"id":"659","title":"Легковые автомобили","url":"transport/cars"}},"type":"standard","views_counter":14,"autorepublisher":{"enabled":false,"schedule":null},"posted":"2025-04-18T22:54:24+03:00","republished":"2025-04-29T09:48:48+03:00","expire":"2025-05-29T09:48:48+03:00","block_reasons":null,"location":{"location_region":"Кишинёв мун.","location_location":"","location_sector":"","location_street":"","location_building":""},"images":{"id":14,"value":["742077be3fe8883bb436152d07758177.jpg","e432b9e74a951209d0520cca8a8ac27d.jpg","4186879915e7d9e02822d5221b727a7d.jpg","a2972f51173f2cfba01396856a579115.jpg","f7eac6571040f69104079bb76a8e1673.jpg","9f093ae1f7e6a420b184ae1ce131c35b.jpg","81b3e8374da4102c6e7557b341be645d.jpg","0b79149b354115dc6f05111b51937a7f.jpg","515a98166de113d4133d60db9017e232.jpg","a30874fe152e6463b24dc80e1c43b561.jpg","b685af3409b0456602ed46c56b4a766b.jpg","0eba5d3caa9cebd171bb3953a3aad82b.jpg","26e10c6884b54b41628834beff84b3d9.jpg","6dc78badcd14d7b363760a41ee411fa0.jpg","e9b6622b6465522940f4ac55a92559e2.jpg","30239173a9a3272070ac2215ab997cf3.jpg","69b9edcd80210f55fed9ff8ae046b8a4.jpg"],"unit":null},"videos":null,"contacts":{"id":16,"value":{"without_number":false,"phone_numbers":["37379500425"]},"unit":null},"delivery":null}
[2025-04-30 22:58:30] <html>
<head><title>429 Too Many Requests</title></head>
<body>
<center><h1>429 Too Many Requests</h1></center>
<hr><center>nginx</center>
</body>
</html>

[2025-04-30 22:58:30] <html>
<head><title>429 Too Many Requests</title></head>
<body>
<center><h1>429 Too Many Requests</h1></center>
<hr><center>nginx</center>
</body>
</html>

[2025-04-30 22:58:30] <html>
<head><title>429 Too Many Requests</title></head>
<body>
<center><h1>429 Too Many Requests</h1></center>
<hr><center>nginx</center>
</body>
</html>

[2025-04-30 22:58:30] <html>
<head><title>429 Too Many Requests</title></head>
<body>
<center><h1>429 Too Many Requests</h1></center>
<hr><center>nginx</center>
</body>
</html>

[2025-04-30 22:58:30] <html>
<head><title>429 Too Many Requests</title></head>
<body>
<center><h1>429 Too Many Requests</h1></center>
<hr><center>nginx</center>
</body>
</html>

[2025-04-30 22:58:31] {"id":"100740886","title":"Mitsubishi Outlander","offer_type":776,"price":{"id":2,"value":11999,"unit":"eur"},"state":"public","categories":{"category":{"id":"658","title":"Транспорт","url":"transport"},"subcategory":{"id":"659","title":"Легковые автомобили","url":"transport/cars"}},"type":"standard","views_counter":78,"autorepublisher":{"enabled":false,"schedule":null},"posted":"2025-04-15T13:56:36+03:00","republished":"2025-04-28T20:43:02+03:00","expire":"2025-05-28T20:43:02+03:00","block_reasons":null,"location":{"location_region":"Кишинёв мун.","location_location":"","location_sector":"","location_street":"","location_building":""},"images":{"id":14,"value":["b1f7d8677d314c8892e18bb9b36240a8.jpg","2995ff19941bc31f2727a05ce3b5b110.jpg","399e155e3bfa9d92b8d1ccd78f91facd.jpg","09377774bea995b3c741511a2827115f.jpg","3e4a2bb83ea63559cfcbcab10f474223.jpg","21eef08982042d416646824533bbc9cf.jpg","fb90a783468b6dd9e9a72184560d347d.jpg","ea781e3cefb7d4c446295310d7ae73ef.jpg","b99021069074ad2f64bf4853d1de7fe8.jpg","09f535ec1b29d670fba039fb63e67822.jpg","6937d6c7940ad69630c6bb7e05211892.jpg","e033beb186ef4d8e25ea6ba1256577ea.jpg","60a2b16ac89798ffa24526614e076814.jpg","0f74bc5a9b14af15bbad2ae5b8e267d2.jpg","b0cf8d95531ad754df38ebab2de1ff45.jpg","d640108b3e51bb94843434996108f491.jpg","2b981453dc82e070dc2c9f27b502d6bd.jpg"],"unit":null},"videos":null,"contacts":{"id":16,"value":{"without_number":false,"phone_numbers":["37379500425"]},"unit":null},"delivery":null}
[2025-04-30 22:58:31] <html>
<head><title>429 Too Many Requests</title></head>
<body>
<center><h1>429 Too Many Requests</h1></center>
<hr><center>nginx</center>
</body>
</html>

[2025-04-30 22:58:31] <html>
<head><title>429 Too Many Requests</title></head>
<body>
<center><h1>429 Too Many Requests</h1></center>
<hr><center>nginx</center>
</body>
</html>

[2025-04-30 22:58:31] <html>
<head><title>429 Too Many Requests</title></head>
<body>
<center><h1>429 Too Many Requests</h1></center>
<hr><center>nginx</center>
</body>
</html>

[2025-04-30 22:58:31] <html>
<head><title>429 Too Many Requests</title></head>
<body>
<center><h1>429 Too Many Requests</h1></center>
<hr><center>nginx</center>
</body>
</html>

[2025-04-30 22:58:31] <html>
<head><title>429 Too Many Requests</title></head>
<body>
<center><h1>429 Too Many Requests</h1></center>
<hr><center>nginx</center>
</body>
</html>

[2025-04-30 22:58:31] {"id":"100673732","title":"Skoda Rapid","offer_type":776,"price":{"id":2,"value":8599,"unit":"eur"},"state":"public","categories":{"category":{"id":"658","title":"Транспорт","url":"transport"},"subcategory":{"id":"659","title":"Легковые автомобили","url":"transport/cars"}},"type":"standard","views_counter":89,"autorepublisher":{"enabled":false,"schedule":null},"posted":"2025-04-09T11:27:51+03:00","republished":"2025-04-24T21:17:08+03:00","expire":"2025-05-24T21:17:08+03:00","block_reasons":null,"location":{"location_region":"Кишинёв мун.","location_location":"","location_sector":"","location_street":"","location_building":""},"images":{"id":14,"value":["20760cc00e606259b5b4cd3c4f42f21c.jpg","856297bb9ce7d9b8633bfc1e15095f59.jpg","629822b8b2ef7a3d826f117e575815d1.jpg","5cf7987116221b9529ab837a885bcd16.jpg","270fa98786522b63dd70830fcd0b244f.jpg","be3243c97f75dd3a0b7cfc2ab8fe5b77.jpg","d228c6133043435bbc765225ce9b2b0f.jpg","21fd81b1755dd7c3bd5547791a036225.jpg","b7ee29dd9cdf5905ffced61a465feb17.jpg","a3f2388c36ea07f2b2f0034d1c4ff229.jpg","6b7ef492c86b61dcfe6cca8a27e491df.jpg","9ba050f7e57ee548c57e6a41e3350c68.jpg","e3fbd613c5a6f5e470931b232c49c4dc.jpg","ea787e84652ff351159560c1213d69b9.jpg","e4cd28ddcac1792c5980129d6f2d1258.jpg","983ba134c7d63b879f430539dad4fc49.jpg","10f85e4cdc077e4d5c576713168fecb3.jpg","b2d34004c14ae0d02cff01a2b7f71468.jpg"],"unit":null},"videos":null,"contacts":{"id":16,"value":{"without_number":false,"phone_numbers":["37379500425"]},"unit":null},"delivery":null}
[2025-04-30 22:58:31] <html>
<head><title>429 Too Many Requests</title></head>
<body>
<center><h1>429 Too Many Requests</h1></center>
<hr><center>nginx</center>
</body>
</html>

[2025-04-30 22:58:31] <html>
<head><title>429 Too Many Requests</title></head>
<body>
<center><h1>429 Too Many Requests</h1></center>
<hr><center>nginx</center>
</body>
</html>

[2025-04-30 22:58:31] <html>
<head><title>429 Too Many Requests</title></head>
<body>
<center><h1>429 Too Many Requests</h1></center>
<hr><center>nginx</center>
</body>
</html>

[2025-04-30 22:58:31] <html>
<head><title>429 Too Many Requests</title></head>
<body>
<center><h1>429 Too Many Requests</h1></center>
<hr><center>nginx</center>
</body>
</html>

[2025-04-30 22:58:31] {"id":"100607787","title":"Ford Focus","offer_type":776,"price":{"id":2,"value":12495,"unit":"eur"},"state":"public","categories":{"category":{"id":"658","title":"Транспорт","url":"transport"},"subcategory":{"id":"659","title":"Легковые автомобили","url":"transport/cars"}},"type":"standard","views_counter":16,"autorepublisher":{"enabled":false,"schedule":null},"posted":"2025-04-03T10:40:41+03:00","republished":"2025-04-18T15:33:10+03:00","expire":"2025-05-18T15:33:10+03:00","block_reasons":null,"location":{"location_region":"Кишинёв мун.","location_location":"","location_sector":"","location_street":"","location_building":""},"images":{"id":14,"value":["5d93047f411f6b60123598617a526d7b.jpg","3e2ac8d5c71df3c748649ada905458b8.jpg","09e190c8e8d0162d784e0b6c459bd18a.jpg","479ea4e47d69a549741911802f8a08f2.jpg","0a1c9a1d992246991795320d88490445.jpg","fc43481c6d2c8dd6c4a8e424861ad950.jpg","5865c50bfb9fde23fe557775e06e04d2.jpg","c1c5cbe72a50f742dd642e4a9b16b942.jpg","c5f700c79221a2dd552dcdbdcda5fbfe.jpg","b41a939668c403ec06ee69c165ec02db.jpg","aa3c4dc666cd21300d08236ce1b988ac.jpg","7dd67298dd7f5001ba57d81f54a74e41.jpg","b4d235890da511b9c1fef306295e1fc4.jpg","6dc1811feb360b54aaaf1174a0213d5c.jpg","796edbeade2fd77de26b9b27efeb68d6.jpg"],"unit":null},"videos":null,"contacts":{"id":16,"value":{"without_number":false,"phone_numbers":["37379500425"]},"unit":null},"delivery":null}
[2025-04-30 22:58:31] <html>
<head><title>429 Too Many Requests</title></head>
<body>
<center><h1>429 Too Many Requests</h1></center>
<hr><center>nginx</center>
</body>
</html>

[2025-04-30 22:58:31] <html>
<head><title>429 Too Many Requests</title></head>
<body>
<center><h1>429 Too Many Requests</h1></center>
<hr><center>nginx</center>
</body>
</html>

[2025-04-30 22:58:31] <html>
<head><title>429 Too Many Requests</title></head>
<body>
<center><h1>429 Too Many Requests</h1></center>
<hr><center>nginx</center>
</body>
</html>

[2025-04-30 22:58:31] <html>
<head><title>429 Too Many Requests</title></head>
<body>
<center><h1>429 Too Many Requests</h1></center>
<hr><center>nginx</center>
</body>
</html>

[2025-04-30 22:58:31] {"id":"100524543","title":"Volkswagen Caddy","offer_type":776,"price":{"id":2,"value":10000,"unit":"eur"},"state":"public","categories":{"category":{"id":"658","title":"Транспорт","url":"transport"},"subcategory":{"id":"659","title":"Легковые автомобили","url":"transport/cars"}},"type":"standard","views_counter":197,"autorepublisher":{"enabled":false,"schedule":null},"posted":"2025-03-26T15:29:07+02:00","republished":"2025-04-30T12:32:05+03:00","expire":"2025-05-30T12:32:05+03:00","block_reasons":null,"location":{"location_region":"Кишинёв мун.","location_location":"","location_sector":"","location_street":"","location_building":""},"images":{"id":14,"value":["9b4431577cf512b849cde4f93030868e.jpg","d41daf493ff7483b25d52fd5d26b385a.jpg","cea419ff37fa2b6c7f7aa1072b22c501.jpg","ec3e0adb0caeded91ac7435abd183cbd.jpg","ac7142b1efc22333675b67e7ff06626a.jpg","e1447a7f26ac9c590b7f656bb2c97f6d.jpg","62197592ecb704c42df8936ad9be2251.jpg","0a848b82b13c73bfa5db0eb835665018.jpg","3380276a546de5188340b2b7e90e286a.jpg","e88c6363cf1cb38ac837e025f976ea8e.jpg","67abdf6771fe01b0c51183527ed819b8.jpg","0eb5d50785834907a0cfa8b553ab0d6e.jpg","5f6b9b905a4aec82c670318a514ae1e0.jpg","82276f8faa53be29c90afddc09798f90.jpg","76d0d9b728c0ac5aacb2bb0abfb60372.jpg","ab9f958ab67f7bd8e14df40ed6a12821.jpg","b086aa36ab06ee865c63aa174000348e.jpg","a53d600939334c951a1752b41d399dce.jpg"],"unit":null},"videos":null,"contacts":{"id":16,"value":{"without_number":false,"phone_numbers":["37379500425"]},"unit":null},"delivery":null}
[2025-04-30 22:58:31] <html>
<head><title>429 Too Many Requests</title></head>
<body>
<center><h1>429 Too Many Requests</h1></center>
<hr><center>nginx</center>
</body>
</html>

[2025-04-30 22:58:31] <html>
<head><title>429 Too Many Requests</title></head>
<body>
<center><h1>429 Too Many Requests</h1></center>
<hr><center>nginx</center>
</body>
</html>

[2025-04-30 22:58:31] <html>
<head><title>429 Too Many Requests</title></head>
<body>
<center><h1>429 Too Many Requests</h1></center>
<hr><center>nginx</center>
</body>
</html>

[2025-04-30 22:58:31] {"id":"100521311","title":"Volvo XC60","offer_type":776,"price":{"id":2,"value":25500,"unit":"eur"},"state":"public","categories":{"category":{"id":"658","title":"Транспорт","url":"transport"},"subcategory":{"id":"659","title":"Легковые автомобили","url":"transport/cars"}},"type":"standard","views_counter":97,"autorepublisher":{"enabled":false,"schedule":null},"posted":"2025-03-26T11:20:48+02:00","republished":"2025-04-29T20:16:25+03:00","expire":"2025-05-29T20:16:25+03:00","block_reasons":null,"location":{"location_region":"Кишинёв мун.","location_location":"","location_sector":"","location_street":"","location_building":""},"images":{"id":14,"value":["ef5721c0834b5310da7438761d62a327.jpg","f93ebbedec281bfec98642a9a72672c8.jpg","1bb11e1eade97f15ca236608236fefc5.jpg","6824829ab931efa098e716c11f8827d6.jpg","bba7be286e0866c3dca411c438bc2408.jpg","4b105ead7c05f1f169f9e7c710604160.jpg","d511ba1142a1de961d3fa8cb7c293e9c.jpg","17a8974aaa97fe28930cf5674227ddbd.jpg","058a39f4c9dd2407da8df373d08f139c.jpg","ded73f1164ef4cc75bef29e996a74bd1.jpg","5db87ffcb6bf5b2c11b30990b810c567.jpg","230d0c67ee78a8a9f7d906058e4707eb.jpg","e55f15c49c0bf4b6dc6d4f39e29cb529.jpg","e0e8a8de192ccb9d35b537d66da43ed4.jpg","64cd43ebc0417f411b6ac6d376e0b066.jpg","f35f5cb5855464b34015d10f73f75d36.jpg","b0a4cff25e8716c225dc880b9505b92e.jpg"],"unit":null},"videos":null,"contacts":{"id":16,"value":{"without_number":false,"phone_numbers":["37379500425"]},"unit":null},"delivery":null}
[2025-04-30 22:58:31] <html>
<head><title>429 Too Many Requests</title></head>
<body>
<center><h1>429 Too Many Requests</h1></center>
<hr><center>nginx</center>
</body>
</html>

[2025-04-30 22:58:31] <html>
<head><title>429 Too Many Requests</title></head>
<body>
<center><h1>429 Too Many Requests</h1></center>
<hr><center>nginx</center>
</body>
</html>

[2025-04-30 22:58:31] <html>
<head><title>429 Too Many Requests</title></head>
<body>
<center><h1>429 Too Many Requests</h1></center>
<hr><center>nginx</center>
</body>
</html>

[2025-04-30 22:58:31] <html>
<head><title>429 Too Many Requests</title></head>
<body>
<center><h1>429 Too Many Requests</h1></center>
<hr><center>nginx</center>
</body>
</html>

[2025-04-30 22:58:31] <html>
<head><title>429 Too Many Requests</title></head>
<body>
<center><h1>429 Too Many Requests</h1></center>
<hr><center>nginx</center>
</body>
</html>

[2025-04-30 22:58:32] {"id":"100442615","title":"Opel Astra","offer_type":776,"price":{"id":2,"value":6699,"unit":"eur"},"state":"public","categories":{"category":{"id":"658","title":"Транспорт","url":"transport"},"subcategory":{"id":"659","title":"Легковые автомобили","url":"transport/cars"}},"type":"standard","views_counter":111,"autorepublisher":{"enabled":false,"schedule":null},"posted":"2025-03-19T10:24:16+02:00","republished":"2025-04-29T13:21:06+03:00","expire":"2025-05-29T13:21:06+03:00","block_reasons":null,"location":{"location_region":"Кишинёв мун.","location_location":"","location_sector":"","location_street":"","location_building":""},"images":{"id":14,"value":["cda6ce6574d83626c582593c7b6f9546.jpg","e2909276eee46b0048376900b1c42b59.jpg","917513305166e0bf2e8ab89b591e2248.jpg","2ee409360fa0c44101b53fb8003910cd.jpg","2507b6b18cbb487e5209068d16a20143.jpg","927bb004c84d8e7dd36590c5e129ca3a.jpg","26f6f44c006ebeb448ec878a59c5f2e2.jpg","6eddea3ba219852fa96d8e49dedaee99.jpg","6ef8cfae1f1249109e0c25db0ada70dc.jpg","4c6d18fbc90e50a19b99422ec608593f.jpg","3b655566ab708d3cf2d59a5e16592230.jpg","3b348929202ead7b27d319d972618494.jpg","044dd469fa701b68ee049026ae1e9c02.jpg","4030c6f9de2612b97145b049d50875e2.jpg","d0fe3d3751f85ebd924af16652cdd512.jpg"],"unit":null},"videos":null,"contacts":{"id":16,"value":{"without_number":false,"phone_numbers":["37379500425"]},"unit":null},"delivery":null}
[2025-04-30 22:58:32] <html>
<head><title>429 Too Many Requests</title></head>
<body>
<center><h1>429 Too Many Requests</h1></center>
<hr><center>nginx</center>
</body>
</html>

[2025-04-30 22:58:32] <html>
<head><title>429 Too Many Requests</title></head>
<body>
<center><h1>429 Too Many Requests</h1></center>
<hr><center>nginx</center>
</body>
</html>

[2025-04-30 22:58:32] <html>
<head><title>429 Too Many Requests</title></head>
<body>
<center><h1>429 Too Many Requests</h1></center>
<hr><center>nginx</center>
</body>
</html>

[2025-04-30 22:58:32] <html>
<head><title>429 Too Many Requests</title></head>
<body>
<center><h1>429 Too Many Requests</h1></center>
<hr><center>nginx</center>
</body>
</html>

[2025-04-30 22:58:32] <html>
<head><title>429 Too Many Requests</title></head>
<body>
<center><h1>429 Too Many Requests</h1></center>
<hr><center>nginx</center>
</body>
</html>

[2025-04-30 22:58:32] <html>
<head><title>429 Too Many Requests</title></head>
<body>
<center><h1>429 Too Many Requests</h1></center>
<hr><center>nginx</center>
</body>
</html>

[2025-04-30 22:58:32] {"id":"100686187","title":"Ford Kuga","offer_type":776,"price":{"id":2,"value":17400,"unit":"eur"},"state":"public","categories":{"category":{"id":"658","title":"Транспорт","url":"transport"},"subcategory":{"id":"659","title":"Легковые автомобили","url":"transport/cars"}},"type":"standard","views_counter":65,"autorepublisher":{"enabled":false,"schedule":null},"posted":"2025-04-10T12:43:03+03:00","republished":"2025-04-29T08:14:10+03:00","expire":"2025-05-29T08:14:10+03:00","block_reasons":null,"location":{"location_region":"Кишинёв мун.","location_location":"","location_sector":"","location_street":"","location_building":""},"images":{"id":14,"value":["0c087943de81a7e2e339ba57a4ac7738.jpg","17f43fb90acf462caad4fb32ff7792b2.jpg","2c217924f7c71af101e44e39473caee1.jpg","e007e2024e056cb547bbe2973cd42cb4.jpg","461c0dd61686609ede3682cadfba5285.jpg","05ce36b8521a614426f49af43584e53d.jpg","39d5da896f883e10efb623dd264043c4.jpg","e2fb5111655350b0cdb0c310fefe2fe1.jpg","db33dc40f40d937faf059b5009302905.jpg","364ef32db81a4bca4f15058612f518a8.jpg","e81f0b528a16021eef46f973271367f2.jpg","2db854dd479db76f6374f906e212c4ce.jpg","baace750fb826afaee5394887d66063a.jpg","236ac69cd789d413e9a0dc821a89f356.jpg"],"unit":null},"videos":null,"contacts":{"id":16,"value":{"without_number":false,"phone_numbers":["37379500425"]},"unit":null},"delivery":null}
[2025-04-30 22:58:32] <html>
<head><title>429 Too Many Requests</title></head>
<body>
<center><h1>429 Too Many Requests</h1></center>
<hr><center>nginx</center>
</body>
</html>

[2025-04-30 22:58:32] <html>
<head><title>429 Too Many Requests</title></head>
<body>
<center><h1>429 Too Many Requests</h1></center>
<hr><center>nginx</center>
</body>
</html>

[2025-04-30 22:58:32] <html>
<head><title>429 Too Many Requests</title></head>
<body>
<center><h1>429 Too Many Requests</h1></center>
<hr><center>nginx</center>
</body>
</html>

[2025-04-30 22:58:32] <html>
<head><title>429 Too Many Requests</title></head>
<body>
<center><h1>429 Too Many Requests</h1></center>
<hr><center>nginx</center>
</body>
</html>

[2025-04-30 22:58:32] <html>
<head><title>429 Too Many Requests</title></head>
<body>
<center><h1>429 Too Many Requests</h1></center>
<hr><center>nginx</center>
</body>
</html>

[2025-04-30 22:58:32] {"id":"100297774","title":"Hyundai Tucson","offer_type":776,"price":{"id":2,"value":17895,"unit":"eur"},"state":"public","categories":{"category":{"id":"658","title":"Транспорт","url":"transport"},"subcategory":{"id":"659","title":"Легковые автомобили","url":"transport/cars"}},"type":"standard","views_counter":280,"autorepublisher":{"enabled":false,"schedule":null},"posted":"2025-03-06T20:53:31+02:00","republished":"2025-04-28T07:45:05+03:00","expire":"2025-05-28T07:45:05+03:00","block_reasons":null,"location":{"location_region":"Кишинёв мун.","location_location":"","location_sector":"","location_street":"","location_building":""},"images":{"id":14,"value":["c01912c41dbbef60b4a0c9e4a8360de5.jpg","f05993615120ba94f736286737b34af1.jpg","aacda58e9274e7ad129e3b1d725e917d.jpg","d5ac67df7df09befd9b53b7439d94fa9.jpg","3606755b052468cf36590451155495f4.jpg","b12196dbc70c1e9bb70dd698846414a9.jpg","3101e2bb457572ba107f768b7d42923e.jpg","1e5269b302f4dffb42883edd726378dd.jpg","907751e7280c9def83c19a1c2cb4e399.jpg","1f4e74e0d73ffe19efec250382fd7d6e.jpg","276cf5e1c1062f89d760a88a969656be.jpg","ce7ff09cd451b4a74f071238a5b12b9a.jpg","1c32a4940af377dc79b4f5a2d34b88c1.jpg","06d66a988437db02f6f2a215771318e6.jpg","b153cfd6b544af2538d581dd5713bbc3.jpg","9cda363602e17bd6f8bfad00eb4a75bb.jpg","33c8c17222a9c30e050223450a387108.jpg","ac16098112889cd68d6e33626f4dda28.jpg","49626fe36f89911799c605bd1327f7d7.jpg","ee8a0346e6e040fdf9760f809faf1460.jpg"],"unit":null},"videos":null,"contacts":{"id":16,"value":{"without_number":false,"phone_numbers":["37379500425"]},"unit":null},"delivery":null}
[2025-04-30 22:58:32] <html>
<head><title>429 Too Many Requests</title></head>
<body>
<center><h1>429 Too Many Requests</h1></center>
<hr><center>nginx</center>
</body>
</html>

[2025-04-30 22:58:32] <html>
<head><title>429 Too Many Requests</title></head>
<body>
<center><h1>429 Too Many Requests</h1></center>
<hr><center>nginx</center>
</body>
</html>

[2025-04-30 22:58:32] <html>
<head><title>429 Too Many Requests</title></head>
<body>
<center><h1>429 Too Many Requests</h1></center>
<hr><center>nginx</center>
</body>
</html>

[2025-04-30 22:58:32] <html>
<head><title>429 Too Many Requests</title></head>
<body>
<center><h1>429 Too Many Requests</h1></center>
<hr><center>nginx</center>
</body>
</html>

[2025-04-30 22:58:32] <html>
<head><title>429 Too Many Requests</title></head>
<body>
<center><h1>429 Too Many Requests</h1></center>
<hr><center>nginx</center>
</body>
</html>

[2025-04-30 22:58:32] <html>
<head><title>429 Too Many Requests</title></head>
<body>
<center><h1>429 Too Many Requests</h1></center>
<hr><center>nginx</center>
</body>
</html>

[2025-04-30 22:58:32] {"id":"100145484","title":"Nissan Micra","offer_type":776,"price":{"id":2,"value":2699,"unit":"eur"},"state":"public","categories":{"category":{"id":"658","title":"Транспорт","url":"transport"},"subcategory":{"id":"659","title":"Легковые автомобили","url":"transport/cars"}},"type":"standard","views_counter":1043,"autorepublisher":{"enabled":false,"schedule":null},"posted":"2025-02-22T12:00:29+02:00","republished":"2025-04-30T20:15:02+03:00","expire":"2025-05-30T20:15:02+03:00","block_reasons":null,"location":{"location_region":"Кишинёв мун.","location_location":"","location_sector":"","location_street":"","location_building":""},"images":{"id":14,"value":["ecde546a22ce0c366e8d7ba9682267c3.jpg","aacc132920ea9fdc1a3fc8823d076d08.jpg","0d44d07a8843abb82a1557ddd09e9c5b.jpg","ddc7f701c57753736348c4e5d1a880c8.jpg","b3b00882439489ba304acfe8cab39af3.jpg","0aa1cd5724b86473fb9e16300b2aebe5.jpg","1dd742953d278ad1fdd5527b8908f5a5.jpg","bb6a725da558bb3c8ac69bf0f28e490a.jpg","cd8ab33a027a0897ca60285a60e894bb.jpg","83b40746b63f77fe77300689dd6e9569.jpg","9b4cb20d21f810f6f87d1abe24b72bef.jpg","015a968954ea8c4ef36896d71d68539f.jpg"],"unit":null},"videos":null,"contacts":{"id":16,"value":{"without_number":false,"phone_numbers":["37379500425"]},"unit":null},"delivery":null}
[2025-04-30 22:58:32] <html>
<head><title>429 Too Many Requests</title></head>
<body>
<center><h1>429 Too Many Requests</h1></center>
<hr><center>nginx</center>
</body>
</html>

[2025-04-30 22:58:32] <html>
<head><title>429 Too Many Requests</title></head>
<body>
<center><h1>429 Too Many Requests</h1></center>
<hr><center>nginx</center>
</body>
</html>

[2025-04-30 22:58:32] <html>
<head><title>429 Too Many Requests</title></head>
<body>
<center><h1>429 Too Many Requests</h1></center>
<hr><center>nginx</center>
</body>
</html>

[2025-04-30 22:58:32] <html>
<head><title>429 Too Many Requests</title></head>
<body>
<center><h1>429 Too Many Requests</h1></center>
<hr><center>nginx</center>
</body>
</html>

[2025-04-30 22:58:32] <html>
<head><title>429 Too Many Requests</title></head>
<body>
<center><h1>429 Too Many Requests</h1></center>
<hr><center>nginx</center>
</body>
</html>

[2025-04-30 22:58:32] {"id":"100031103","title":"Volkswagen Transporter","offer_type":776,"price":{"id":2,"value":17499,"unit":"eur"},"state":"public","categories":{"category":{"id":"658","title":"Транспорт","url":"transport"},"subcategory":{"id":"660","title":"Автобусы и микроавтобусы","url":"transport/buses-and-minibuses"}},"type":"standard","views_counter":1100,"autorepublisher":{"enabled":false,"schedule":null},"posted":"2025-02-11T16:30:53+02:00","republished":"2025-04-30T12:18:01+03:00","expire":"2025-05-30T12:18:01+03:00","block_reasons":null,"location":{"location_region":"Кишинёв мун.","location_location":"","location_sector":"","location_street":"","location_building":""},"images":{"id":14,"value":["a610b61fb9b691e913425fb4d516aed4.jpg","1f2be643a8b1e2a2c087ce8bb57d65d1.jpg","6e8a941636443d01b16a982252d18b6e.jpg","6e697c49ecb444e5edeb2a73d0ec9060.jpg","9dc0912f519fd894114596d1339b550f.jpg","914be0e1a2287de5a98a595f5e016b17.jpg","406054b01b387f5b7786e6d3113ca374.jpg","990a0b05f115d75c62a9a5ad52af924f.jpg","e57ee667d7172d5c43aa547cfd6643ab.jpg","47483a604e978ccd6a495a1053d81f01.jpg","62c86728b74d64445a9dae7238a837fa.jpg","0395fd3a5c38c367a564f78c2e2076dd.jpg","f0942504a4a90d423fb27946269eaebf.jpg"],"unit":null},"videos":null,"contacts":{"id":16,"value":{"without_number":false,"phone_numbers":["37379500425"]},"unit":null},"delivery":null}
[2025-04-30 22:58:32] <html>
<head><title>429 Too Many Requests</title></head>
<body>
<center><h1>429 Too Many Requests</h1></center>
<hr><center>nginx</center>
</body>
</html>

[2025-04-30 22:58:32] <html>
<head><title>429 Too Many Requests</title></head>
<body>
<center><h1>429 Too Many Requests</h1></center>
<hr><center>nginx</center>
</body>
</html>

[2025-04-30 22:58:32] <html>
<head><title>429 Too Many Requests</title></head>
<body>
<center><h1>429 Too Many Requests</h1></center>
<hr><center>nginx</center>
</body>
</html>

[2025-04-30 22:58:32] <html>
<head><title>429 Too Many Requests</title></head>
<body>
<center><h1>429 Too Many Requests</h1></center>
<hr><center>nginx</center>
</body>
</html>

[2025-04-30 22:58:32] <html>
<head><title>429 Too Many Requests</title></head>
<body>
<center><h1>429 Too Many Requests</h1></center>
<hr><center>nginx</center>
</body>
</html>

[2025-04-30 22:58:32] <html>
<head><title>429 Too Many Requests</title></head>
<body>
<center><h1>429 Too Many Requests</h1></center>
<hr><center>nginx</center>
</body>
</html>

[2025-04-30 22:58:33] {"id":"100000792","title":"Seat Ibiza","offer_type":776,"price":{"id":2,"value":6499,"unit":"eur"},"state":"public","categories":{"category":{"id":"658","title":"Транспорт","url":"transport"},"subcategory":{"id":"659","title":"Легковые автомобили","url":"transport/cars"}},"type":"standard","views_counter":31,"autorepublisher":{"enabled":false,"schedule":null},"posted":"2025-02-09T09:27:03+02:00","republished":"2025-03-12T21:19:27+02:00","expire":"2025-04-11T22:19:27+03:00","block_reasons":null,"location":{"location_region":"Кишинёв мун.","location_location":"","location_sector":"","location_street":"","location_building":""},"images":{"id":14,"value":["70c133ea1aa2d48f0594efb5b1e759da.jpg","58da9896254ee5edff1263b01ebdd4ce.jpg","23de9ead593a99e1f340a51f8ba850ab.jpg","fb8ba57dc1aad537a0770f255ecf3568.jpg","c45a119db5f76e9d1ebbd72201a8ba1f.jpg","67c8757c4cf426ec353618053315ed5a.jpg","f84c8e15805ef1487fe8caf605b12f98.jpg","646c477a3439e59cc91760ba6a880972.jpg","c67c2bde3e4755298649c9500cf20a3c.jpg","3bc73433a2b25049bbb575b4543e69d5.jpg","82cf5b56f1ba32f6470beb595ae64c52.jpg","0ffb2ef2548cee74f6b90fe31d1570ef.jpg","c9f7dcda70cdec2492385cbfabc88bc7.jpg"],"unit":null},"videos":null,"contacts":{"id":16,"value":{"without_number":false,"phone_numbers":["37379500425"]},"unit":null},"delivery":null}
[2025-04-30 22:58:33] <html>
<head><title>429 Too Many Requests</title></head>
<body>
<center><h1>429 Too Many Requests</h1></center>
<hr><center>nginx</center>
</body>
</html>

[2025-04-30 22:58:33] <html>
<head><title>429 Too Many Requests</title></head>
<body>
<center><h1>429 Too Many Requests</h1></center>
<hr><center>nginx</center>
</body>
</html>

[2025-04-30 22:58:33] <html>
<head><title>429 Too Many Requests</title></head>
<body>
<center><h1>429 Too Many Requests</h1></center>
<hr><center>nginx</center>
</body>
</html>

[2025-04-30 22:58:33] <html>
<head><title>429 Too Many Requests</title></head>
<body>
<center><h1>429 Too Many Requests</h1></center>
<hr><center>nginx</center>
</body>
</html>

[2025-04-30 22:58:33] <html>
<head><title>429 Too Many Requests</title></head>
<body>
<center><h1>429 Too Many Requests</h1></center>
<hr><center>nginx</center>
</body>
</html>

[2025-04-30 22:58:33] {"id":"89860562","title":"Peugeot 3008","offer_type":776,"price":{"id":2,"value":16899,"unit":"eur"},"state":"public","categories":{"category":{"id":"658","title":"Транспорт","url":"transport"},"subcategory":{"id":"659","title":"Легковые автомобили","url":"transport/cars"}},"type":"standard","views_counter":481,"autorepublisher":{"enabled":false,"schedule":null},"posted":"2025-02-06T17:49:03+02:00","republished":"2025-04-24T13:37:02+03:00","expire":"2025-05-24T13:37:02+03:00","block_reasons":null,"location":{"location_region":"Кишинёв мун.","location_location":"","location_sector":"","location_street":"","location_building":""},"images":{"id":14,"value":["05a1eddd38565f73c6d62b5ebecb631c.jpg","7b83da282b39b4b15d2006622d211cc2.jpg","c5ec9e1c516fa5e30051687f0628036f.jpg","43cec91d68dc00f9616124151e6bd2e9.jpg","4f1ec4554c559211458151b88f83cf6a.jpg","bfced1700e339bef524cb08ceb996864.jpg","a7bb1e026f7a995b69c4ee54a06aa271.jpg","fdd0e70724a0554a1429b8709447b793.jpg","f6009cf637c45b0a52217682e57fe532.jpg","8e71ee820a1866631b9bc8140b011ac9.jpg","8429a573b7728e4f7ab9a4fc68a778b6.jpg","48e74ddfddce7f133e549f34d7b808a8.jpg"],"unit":null},"videos":{"id":15,"value":[{"thumbnail_url":"https://i1.ytimg.com/vi/_sbHQnaZ9kk/mqdefault.jpg","video_url":"https://www.youtube.com/watch?v=_sbHQnaZ9kk"},{"thumbnail_url":"https://i1.ytimg.com/vi/O9CdDeJ9vXs/mqdefault.jpg","video_url":"https://www.youtube.com/watch?v=O9CdDeJ9vXs"},{"thumbnail_url":"https://i1.ytimg.com/vi/LDzcvhjTf0w/mqdefault.jpg","video_url":"https://www.youtube.com/watch?v=LDzcvhjTf0w"}],"unit":null},"contacts":{"id":16,"value":{"without_number":false,"phone_numbers":["37379500425"]},"unit":null},"delivery":null}
[2025-04-30 22:58:33] <html>
<head><title>429 Too Many Requests</title></head>
<body>
<center><h1>429 Too Many Requests</h1></center>
<hr><center>nginx</center>
</body>
</html>

[2025-04-30 22:58:33] <html>
<head><title>429 Too Many Requests</title></head>
<body>
<center><h1>429 Too Many Requests</h1></center>
<hr><center>nginx</center>
</body>
</html>

[2025-04-30 22:58:33] <html>
<head><title>429 Too Many Requests</title></head>
<body>
<center><h1>429 Too Many Requests</h1></center>
<hr><center>nginx</center>
</body>
</html>

[2025-04-30 22:58:33] <html>
<head><title>429 Too Many Requests</title></head>
<body>
<center><h1>429 Too Many Requests</h1></center>
<hr><center>nginx</center>
</body>
</html>

[2025-04-30 22:58:33] <html>
<head><title>429 Too Many Requests</title></head>
<body>
<center><h1>429 Too Many Requests</h1></center>
<hr><center>nginx</center>
</body>
</html>

[2025-04-30 22:58:33] {"id":"89745446","title":"Mercedes Sprinter 316","offer_type":776,"price":{"id":2,"value":22999,"unit":"eur"},"state":"public","categories":{"category":{"id":"658","title":"Транспорт","url":"transport"},"subcategory":{"id":"660","title":"Автобусы и микроавтобусы","url":"transport/buses-and-minibuses"}},"type":"standard","views_counter":540,"autorepublisher":{"enabled":false,"schedule":null},"posted":"2025-01-27T14:09:23+02:00","republished":"2025-02-07T20:33:21+02:00","expire":"2025-03-09T20:33:21+02:00","block_reasons":null,"location":{"location_region":"Кишинёв мун.","location_location":"","location_sector":"","location_street":"","location_building":""},"images":{"id":14,"value":["9c6a4a79e9284f3db6c56459027cb01a.jpg","84e2f271fba242d8fab94ad594646484.jpg","67142676552b98886223a320762c1c27.jpg","0e7887b9fded55ee684a821db2a974cf.jpg","8c6b796c0257df0c8f02cc32f05113cd.jpg","41eca6632debaef5196c643f7c2ad336.jpg","36cfe6a6d4f02eac2a847e1ee6e10b6c.jpg","aeb1c38237a6c55989a8c8c79da136cc.jpg","3bcd29c51d45174b1912d73e9323a4c2.jpg","19c93a6adc7a784effe1fb85d728e05e.jpg","2f52749d0989cc607d4044e360b73de9.jpg","30cf8d55b7be95db0dd461b061fb3217.jpg","772a396bae98041feec01930dd09feeb.jpg","c08c6ead176ce4b4184cd006c19fb378.jpg","9ff20161c07788fab401b00ccd888a71.jpg","7c9ffac77b79951f0cf808557c034985.jpg"],"unit":null},"videos":{"id":15,"value":[{"thumbnail_url":"https://i1.ytimg.com/vi/_sbHQnaZ9kk/mqdefault.jpg","video_url":"https://www.youtube.com/watch?v=_sbHQnaZ9kk"},{"thumbnail_url":"https://i1.ytimg.com/vi/O9CdDeJ9vXs/mqdefault.jpg","video_url":"https://www.youtube.com/watch?v=O9CdDeJ9vXs"},{"thumbnail_url":"https://i1.ytimg.com/vi/LDzcvhjTf0w/mqdefault.jpg","video_url":"https://www.youtube.com/watch?v=LDzcvhjTf0w"}],"unit":null},"contacts":{"id":16,"value":{"without_number":false,"phone_numbers":["37379500425"]},"unit":null},"delivery":null}
[2025-04-30 22:58:33] <html>
<head><title>429 Too Many Requests</title></head>
<body>
<center><h1>429 Too Many Requests</h1></center>
<hr><center>nginx</center>
</body>
</html>

[2025-04-30 22:58:33] <html>
<head><title>429 Too Many Requests</title></head>
<body>
<center><h1>429 Too Many Requests</h1></center>
<hr><center>nginx</center>
</body>
</html>

[2025-04-30 22:58:33] <html>
<head><title>429 Too Many Requests</title></head>
<body>
<center><h1>429 Too Many Requests</h1></center>
<hr><center>nginx</center>
</body>
</html>

[2025-04-30 22:58:33] <html>
<head><title>429 Too Many Requests</title></head>
<body>
<center><h1>429 Too Many Requests</h1></center>
<hr><center>nginx</center>
</body>
</html>

[2025-04-30 22:58:33] <html>
<head><title>429 Too Many Requests</title></head>
<body>
<center><h1>429 Too Many Requests</h1></center>
<hr><center>nginx</center>
</body>
</html>

[2025-04-30 22:58:33] <html>
<head><title>429 Too Many Requests</title></head>
<body>
<center><h1>429 Too Many Requests</h1></center>
<hr><center>nginx</center>
</body>
</html>

[2025-04-30 22:58:33] {"id":"89649908","title":"Renault Kangoo Maxi","offer_type":776,"price":{"id":2,"value":7299,"unit":"eur"},"state":"public","categories":{"category":{"id":"658","title":"Транспорт","url":"transport"},"subcategory":{"id":"659","title":"Легковые автомобили","url":"transport/cars"}},"type":"standard","views_counter":1841,"autorepublisher":{"enabled":false,"schedule":null},"posted":"2025-01-18T15:17:02+02:00","republished":"2025-04-17T13:30:02+03:00","expire":"2025-05-17T13:30:02+03:00","block_reasons":null,"location":{"location_region":"Кишинёв мун.","location_location":"","location_sector":"","location_street":"","location_building":""},"images":{"id":14,"value":["78e07bc3a21c6a5e9ecd92fbdbfcbdff.jpg","93890dda5b14426bb5bd6c4dfb325f81.jpg","eaa60f1f78afde55808277ff5b9ddf9d.jpg","2806147a14eb921ed1ff93f78a506f9e.jpg","0aa2a31f5061435922aa0f7f591a4bdb.jpg","38bfbc3febce93b0d3e5db82ecfe59c9.jpg","348dfc533354fa7f097fd52dab1b533e.jpg","7e35c17e51c9c9eaf7f3e4eaceb3814a.jpg","32b21c83c11029e0c44d9844c83560d8.jpg","a3399b876f6fed008ed92fc7b65818ce.jpg","980d181bae348fafcabb68389f1e519f.jpg","dacb012e7e08134602b3197445ea4a86.jpg","3bb47b13abc2e47fece239af9f0973c2.jpg","628de0d630b639be967d2f209b3ac944.jpg","bfb0c6bed01b510b849150ca55f30be0.jpg","90b8d54e6f203f8e824cf0ee1b7ddcb5.jpg"],"unit":null},"videos":{"id":15,"value":[{"thumbnail_url":"https://i1.ytimg.com/vi/_sbHQnaZ9kk/mqdefault.jpg","video_url":"https://www.youtube.com/watch?v=_sbHQnaZ9kk"},{"thumbnail_url":"https://i1.ytimg.com/vi/O9CdDeJ9vXs/mqdefault.jpg","video_url":"https://www.youtube.com/watch?v=O9CdDeJ9vXs"},{"thumbnail_url":"https://i1.ytimg.com/vi/LDzcvhjTf0w/mqdefault.jpg","video_url":"https://www.youtube.com/watch?v=LDzcvhjTf0w"}],"unit":null},"contacts":{"id":16,"value":{"without_number":false,"phone_numbers":["37379500425"]},"unit":null},"delivery":null}
[2025-04-30 22:58:33] <html>
<head><title>429 Too Many Requests</title></head>
<body>
<center><h1>429 Too Many Requests</h1></center>
<hr><center>nginx</center>
</body>
</html>

[2025-04-30 22:58:33] <html>
<head><title>429 Too Many Requests</title></head>
<body>
<center><h1>429 Too Many Requests</h1></center>
<hr><center>nginx</center>
</body>
</html>

[2025-04-30 22:58:33] <html>
<head><title>429 Too Many Requests</title></head>
<body>
<center><h1>429 Too Many Requests</h1></center>
<hr><center>nginx</center>
</body>
</html>

[2025-04-30 22:58:33] <html>
<head><title>429 Too Many Requests</title></head>
<body>
<center><h1>429 Too Many Requests</h1></center>
<hr><center>nginx</center>
</body>
</html>

[2025-04-30 22:58:33] <html>
<head><title>429 Too Many Requests</title></head>
<body>
<center><h1>429 Too Many Requests</h1></center>
<hr><center>nginx</center>
</body>
</html>

[2025-04-30 22:58:33] {"id":"89608232","title":"Renault Kadjar","offer_type":776,"price":{"id":2,"value":12496,"unit":"eur"},"state":"hidden","categories":{"category":{"id":"658","title":"Транспорт","url":"transport"},"subcategory":{"id":"659","title":"Легковые автомобили","url":"transport/cars"}},"type":"standard","views_counter":346,"autorepublisher":{"enabled":false,"schedule":null},"posted":"2025-01-14T17:05:38+02:00","republished":"2025-01-21T08:31:02+02:00","expire":"2025-02-20T08:31:02+02:00","block_reasons":null,"location":{"location_region":"Кишинёв мун.","location_location":"","location_sector":"","location_street":"","location_building":""},"images":{"id":14,"value":["d160a7bced7ce8ab7bf95c18a4f57945.jpg","d160a7bced7ce8ab7bf95c18a4f57945.jpg","2550a9b83134d51cf66d907ef0fa49e5.jpg","4cf924b0260a8b1efdc6e099fdd1d5f2.jpg","2550a9b83134d51cf66d907ef0fa49e5.jpg","4cf924b0260a8b1efdc6e099fdd1d5f2.jpg","0949ded8b312ca7f99017d0ea3746f72.jpg","37e1e0b44f4cfeb9a5c39d96bfb25887.jpg","0949ded8b312ca7f99017d0ea3746f72.jpg","f62f86a032babfc4d3cc574a9dff34f1.jpg","37e1e0b44f4cfeb9a5c39d96bfb25887.jpg","db679512051a8c380b19181958d2fed8.jpg","f62f86a032babfc4d3cc574a9dff34f1.jpg","8cd5bf6a7986d70e5910676fb7ee03fb.jpg","db679512051a8c380b19181958d2fed8.jpg","14e038f6ee2be4e32db2582bf2445cf4.jpg","206d4e0eef10f40495c67ecd7f55b67b.jpg","400ddd3eb81df4aa31d22c30a1e7353a.jpg","34184047fe733f03d2e5cb0ee28888ee.jpg","206d4e0eef10f40495c67ecd7f55b67b.jpg"],"unit":null},"videos":{"id":15,"value":[{"thumbnail_url":"https://i1.ytimg.com/vi/_sbHQnaZ9kk/mqdefault.jpg","video_url":"https://www.youtube.com/watch?v=_sbHQnaZ9kk"},{"thumbnail_url":"https://i1.ytimg.com/vi/O9CdDeJ9vXs/mqdefault.jpg","video_url":"https://www.youtube.com/watch?v=O9CdDeJ9vXs"},{"thumbnail_url":"https://i1.ytimg.com/vi/LDzcvhjTf0w/mqdefault.jpg","video_url":"https://www.youtube.com/watch?v=LDzcvhjTf0w"}],"unit":null},"contacts":{"id":16,"value":{"without_number":false,"phone_numbers":["37379500645"]},"unit":null},"delivery":null}
[2025-04-30 22:58:33] <html>
<head><title>429 Too Many Requests</title></head>
<body>
<center><h1>429 Too Many Requests</h1></center>
<hr><center>nginx</center>
</body>
</html>

[2025-04-30 22:58:33] <html>
<head><title>429 Too Many Requests</title></head>
<body>
<center><h1>429 Too Many Requests</h1></center>
<hr><center>nginx</center>
</body>
</html>

[2025-04-30 22:58:33] <html>
<head><title>429 Too Many Requests</title></head>
<body>
<center><h1>429 Too Many Requests</h1></center>
<hr><center>nginx</center>
</body>
</html>

[2025-04-30 22:58:33] <html>
<head><title>429 Too Many Requests</title></head>
<body>
<center><h1>429 Too Many Requests</h1></center>
<hr><center>nginx</center>
</body>
</html>

[2025-04-30 22:58:33] <html>
<head><title>429 Too Many Requests</title></head>
<body>
<center><h1>429 Too Many Requests</h1></center>
<hr><center>nginx</center>
</body>
</html>

[2025-04-30 22:58:34] <html>
<head><title>429 Too Many Requests</title></head>
<body>
<center><h1>429 Too Many Requests</h1></center>
<hr><center>nginx</center>
</body>
</html>

[2025-04-30 22:58:34] {"id":"89613804","title":"Renault Megane","offer_type":776,"price":{"id":2,"value":7999,"unit":"eur"},"state":"hidden","categories":{"category":{"id":"658","title":"Транспорт","url":"transport"},"subcategory":{"id":"659","title":"Легковые автомобили","url":"transport/cars"}},"type":"standard","views_counter":983,"autorepublisher":{"enabled":false,"schedule":null},"posted":"2025-01-15T10:33:13+02:00","republished":"2025-02-04T08:49:09+02:00","expire":"2025-03-06T08:49:09+02:00","block_reasons":null,"location":{"location_region":"Кишинёв мун.","location_location":"","location_sector":"","location_street":"","location_building":""},"images":{"id":14,"value":["230fb318dc01600f64f029c580cc3274.jpg","e6e3da4fc1d57e978c6ba880dca5b669.jpg","9dca882b6770582234166acef7246d96.jpg","19c7db01f4711e92069f3eadf14b8c37.jpg","bdef3e36a15f0d95175c3302a5a5abcb.jpg","64c38b21a854e133d28a6737a699e40d.jpg","89a0bbe53d66d8e85f7be8a830b69d67.jpg","79ead4e0b170d97d8e597b025d03303a.jpg","76f50686dcb578d08987ea251a59fc8a.jpg","ffc56ded8bea61b80b81922980d3f5f2.jpg","3fd689ca5d8cdc518f015ae61d73bd88.jpg","ec65a78cd812073ce5c0b03a1e141086.jpg","e0f5dc6191c029fc1083fd69d9050810.jpg","5e9a7709a43de7b12e06d98b9fa84e2d.jpg","1c23186ecf8efb9d0d511f2c9ae0e65b.jpg","1cc0881c46b5a934a7497a373d81bf4e.jpg","4fcb521b1cd134deaf7b5080759d4fac.jpg"],"unit":null},"videos":{"id":15,"value":[{"thumbnail_url":"https://i1.ytimg.com/vi/_sbHQnaZ9kk/mqdefault.jpg","video_url":"https://www.youtube.com/watch?v=_sbHQnaZ9kk"},{"thumbnail_url":"https://i1.ytimg.com/vi/O9CdDeJ9vXs/mqdefault.jpg","video_url":"https://www.youtube.com/watch?v=O9CdDeJ9vXs"},{"thumbnail_url":"https://i1.ytimg.com/vi/LDzcvhjTf0w/mqdefault.jpg","video_url":"https://www.youtube.com/watch?v=LDzcvhjTf0w"}],"unit":null},"contacts":{"id":16,"value":{"without_number":false,"phone_numbers":["37379500425"]},"unit":null},"delivery":null}
[2025-04-30 22:58:34] <html>
<head><title>429 Too Many Requests</title></head>
<body>
<center><h1>429 Too Many Requests</h1></center>
<hr><center>nginx</center>
</body>
</html>

[2025-04-30 22:58:34] <html>
<head><title>429 Too Many Requests</title></head>
<body>
<center><h1>429 Too Many Requests</h1></center>
<hr><center>nginx</center>
</body>
</html>

[2025-04-30 22:58:34] <html>
<head><title>429 Too Many Requests</title></head>
<body>
<center><h1>429 Too Many Requests</h1></center>
<hr><center>nginx</center>
</body>
</html>

[2025-04-30 22:58:34] <html>
<head><title>429 Too Many Requests</title></head>
<body>
<center><h1>429 Too Many Requests</h1></center>
<hr><center>nginx</center>
</body>
</html>

[2025-04-30 22:58:34] <html>
<head><title>429 Too Many Requests</title></head>
<body>
<center><h1>429 Too Many Requests</h1></center>
<hr><center>nginx</center>
</body>
</html>

[2025-04-30 22:58:34] {"error":{"errors":[{"field":"invalid ownership","message":"You are not the owner of this ad","value":null}],"reason":"forbiden","code":403,"message":"Invalid user_id"}}
[2025-04-30 22:58:34] <html>
<head><title>429 Too Many Requests</title></head>
<body>
<center><h1>429 Too Many Requests</h1></center>
<hr><center>nginx</center>
</body>
</html>

[2025-04-30 22:58:34] <html>
<head><title>429 Too Many Requests</title></head>
<body>
<center><h1>429 Too Many Requests</h1></center>
<hr><center>nginx</center>
</body>
</html>

[2025-04-30 22:58:34] <html>
<head><title>429 Too Many Requests</title></head>
<body>
<center><h1>429 Too Many Requests</h1></center>
<hr><center>nginx</center>
</body>
</html>

[2025-04-30 22:58:34] <html>
<head><title>429 Too Many Requests</title></head>
<body>
<center><h1>429 Too Many Requests</h1></center>
<hr><center>nginx</center>
</body>
</html>

[2025-04-30 22:58:34] <html>
<head><title>429 Too Many Requests</title></head>
<body>
<center><h1>429 Too Many Requests</h1></center>
<hr><center>nginx</center>
</body>
</html>

[2025-04-30 22:58:34] {"id":"100186299","title":"Mitsubishi Outlander","offer_type":776,"price":{"id":2,"value":18899,"unit":"eur"},"state":"public","categories":{"category":{"id":"658","title":"Транспорт","url":"transport"},"subcategory":{"id":"659","title":"Легковые автомобили","url":"transport/cars"}},"type":"standard","views_counter":654,"autorepublisher":{"enabled":false,"schedule":null},"posted":"2025-02-25T21:55:47+02:00","republished":"2025-04-17T13:05:01+03:00","expire":"2025-05-17T13:05:01+03:00","block_reasons":null,"location":{"location_region":"Кишинёв мун.","location_location":"","location_sector":"","location_street":"","location_building":""},"images":{"id":14,"value":["8f12bd64278f40149a9dd9ab92bbfa98.jpg","8b4426b33d3b1cb78eff17228af04ee0.jpg","0207be7721bd2e720f4c6ba790c83b06.jpg","8c0b5df1226e35afe9f86408147a3d77.jpg","bbabfb93020b803965f7fe7fcc6fe1de.jpg","9665d386193741c15a133ccc1d74c0c1.jpg","1a2b78074c3d71843e8e9d6821098ff9.jpg","07555d3523b35685add05ada6bfcca1d.jpg","9cf0e231c5cdca7e1971986e4a4952a0.jpg","079c5c960dcc5fcf353c482be10a43b8.jpg","ae333e752edf740ba6b7f4df5347563d.jpg","eff4bd2c0352ead839853a4028422da2.jpg","421bb7075bd6bf57dafc8215513b2410.jpg"],"unit":null},"videos":null,"contacts":{"id":16,"value":{"without_number":false,"phone_numbers":["37379500425"]},"unit":null},"delivery":null}
[2025-04-30 22:58:34] <html>
<head><title>429 Too Many Requests</title></head>
<body>
<center><h1>429 Too Many Requests</h1></center>
<hr><center>nginx</center>
</body>
</html>

[2025-04-30 22:58:34] <html>
<head><title>429 Too Many Requests</title></head>
<body>
<center><h1>429 Too Many Requests</h1></center>
<hr><center>nginx</center>
</body>
</html>

[2025-04-30 22:58:34] <html>
<head><title>429 Too Many Requests</title></head>
<body>
<center><h1>429 Too Many Requests</h1></center>
<hr><center>nginx</center>
</body>
</html>

[2025-04-30 22:58:34] <html>
<head><title>429 Too Many Requests</title></head>
<body>
<center><h1>429 Too Many Requests</h1></center>
<hr><center>nginx</center>
</body>
</html>

[2025-04-30 22:58:34] <html>
<head><title>429 Too Many Requests</title></head>
<body>
<center><h1>429 Too Many Requests</h1></center>
<hr><center>nginx</center>
</body>
</html>

[2025-04-30 22:58:34] {"id":"100305357","title":"BMW 5 Series","offer_type":776,"price":{"id":2,"value":18000,"unit":"eur"},"state":"public","categories":{"category":{"id":"658","title":"Транспорт","url":"transport"},"subcategory":{"id":"659","title":"Легковые автомобили","url":"transport/cars"}},"type":"standard","views_counter":151,"autorepublisher":{"enabled":false,"schedule":null},"posted":"2025-03-07T14:45:46+02:00","republished":"2025-04-15T18:48:02+03:00","expire":"2025-05-15T18:48:02+03:00","block_reasons":null,"location":{"location_region":"Кишинёв мун.","location_location":"","location_sector":"","location_street":"","location_building":""},"images":{"id":14,"value":["facbd66b9f183cefe8eddf1ead526e95.jpg","c6511d0e7b73b0a242f345c5133296ad.jpg","5ce665a72b9f3a29e36ddf6693fb76bd.jpg","70f42dd1197dbb610851324bcfb3f50a.jpg","30ccc0ffd4282f2da8d66cb43b4dd48e.jpg","9acc99cf473eed02e18770390960158b.jpg","5b73e40c00a9d45d8c0a6d357efb1a97.jpg","4439749e856b28278aa2f891e6d40024.jpg","90fc5d78a0852dbc12f2bf0a488b2d86.jpg","44685638fb7a4410e0f06994fbe08f6a.jpg","f55bda9850e94220baa92c4d8c87ba21.jpg","6fe9dc3aecfe8bff812085f77cbf681a.jpg","4eacd490cd3f62e9985c644e7a9cd65f.jpg","ab7a6d8758e3bf0d2cbdce26afceb65a.jpg","f265ee2f523a4c937b9b7836e978b536.jpg","4cdc7242c10e793c99d7cfd60a752bf9.jpg","c171a6484ef5bbd68c55415101b7eaee.jpg","ea14c56bab9edd5b1e4535d8ce79b121.jpg"],"unit":null},"videos":null,"contacts":{"id":16,"value":{"without_number":false,"phone_numbers":["37379500425"]},"unit":null},"delivery":null}
[2025-04-30 22:58:34] <html>
<head><title>429 Too Many Requests</title></head>
<body>
<center><h1>429 Too Many Requests</h1></center>
<hr><center>nginx</center>
</body>
</html>

[2025-04-30 22:58:34] <html>
<head><title>429 Too Many Requests</title></head>
<body>
<center><h1>429 Too Many Requests</h1></center>
<hr><center>nginx</center>
</body>
</html>

[2025-04-30 22:58:34] <html>
<head><title>429 Too Many Requests</title></head>
<body>
<center><h1>429 Too Many Requests</h1></center>
<hr><center>nginx</center>
</body>
</html>

[2025-04-30 22:58:34] <html>
<head><title>429 Too Many Requests</title></head>
<body>
<center><h1>429 Too Many Requests</h1></center>
<hr><center>nginx</center>
</body>
</html>

[2025-04-30 22:58:34] {"id":"100186475","title":"Nissan Qashqai","offer_type":776,"price":{"id":2,"value":14199,"unit":"eur"},"state":"public","categories":{"category":{"id":"658","title":"Транспорт","url":"transport"},"subcategory":{"id":"659","title":"Легковые автомобили","url":"transport/cars"}},"type":"standard","views_counter":285,"autorepublisher":{"enabled":false,"schedule":null},"posted":"2025-02-25T22:19:42+02:00","republished":"2025-04-16T20:16:01+03:00","expire":"2025-05-16T20:16:01+03:00","block_reasons":null,"location":{"location_region":"Кишинёв мун.","location_location":"","location_sector":"","location_street":"","location_building":""},"images":{"id":14,"value":["55bc79df65f5debdc53a7e7a8e294316.jpg","2849728ad3aa9efe6648eb243bbb40cf.jpg","8502d33e496afb7bdff0d9ebb559245c.jpg","ee060c150c6e6e3dd87283915c26ce5e.jpg","4e323ae4bb9ddd2bbe28e7663e1ea2b4.jpg","f30e165da987eba0fa65d91429274ccb.jpg","499a562853b8edb9402661ecaa736137.jpg","f877911c80dcef1b593d03481ba86fb7.jpg","fa463920051586642f2bcf3549275331.jpg","576bff15e7f7c727befd431bd276d82c.jpg","9fdd45d138637ed95828b209bafcf804.jpg","670b77f9f7fd7c4d9cb4341c4683759e.jpg","544ee0bb6bb2943210e08c44eedaacf3.jpg","d9964c22b4008bfb84aec20c5a98fd48.jpg","fafc9e30bc2aed5f5a10e654c5ecb692.jpg"],"unit":null},"videos":null,"contacts":{"id":16,"value":{"without_number":false,"phone_numbers":["37379500425"]},"unit":null},"delivery":null}
[2025-04-30 22:58:34] <html>
<head><title>429 Too Many Requests</title></head>
<body>
<center><h1>429 Too Many Requests</h1></center>
<hr><center>nginx</center>
</body>
</html>

[2025-04-30 22:58:34] <html>
<head><title>429 Too Many Requests</title></head>
<body>
<center><h1>429 Too Many Requests</h1></center>
<hr><center>nginx</center>
</body>
</html>

[2025-04-30 22:58:34] <html>
<head><title>429 Too Many Requests</title></head>
<body>
<center><h1>429 Too Many Requests</h1></center>
<hr><center>nginx</center>
</body>
</html>

[2025-04-30 22:58:34] <html>
<head><title>429 Too Many Requests</title></head>
<body>
<center><h1>429 Too Many Requests</h1></center>
<hr><center>nginx</center>
</body>
</html>

[2025-04-30 22:58:34] <html>
<head><title>429 Too Many Requests</title></head>
<body>
<center><h1>429 Too Many Requests</h1></center>
<hr><center>nginx</center>
</body>
</html>

[2025-04-30 22:58:35] {"id":"100191535","title":"Renault Kangoo","offer_type":776,"price":{"id":2,"value":8499,"unit":"eur"},"state":"public","categories":{"category":{"id":"658","title":"Транспорт","url":"transport"},"subcategory":{"id":"659","title":"Легковые автомобили","url":"transport/cars"}},"type":"standard","views_counter":96,"autorepublisher":{"enabled":false,"schedule":null},"posted":"2025-02-26T12:32:43+02:00","republished":"2025-04-30T12:38:13+03:00","expire":"2025-05-30T12:38:13+03:00","block_reasons":null,"location":{"location_region":"Кишинёв мун.","location_location":"","location_sector":"","location_street":"","location_building":""},"images":{"id":14,"value":["a4e526e502ee789cf364a7d8ee52c193.jpg","862a60af101ddb873eff3db20351941a.jpg","ce79078b9e027562cfa563a1df3dcb03.jpg","a3346ce01cb81d6a35183f7bd321b220.jpg","a8bff0855d0265ba18851da7cf9d5e7d.jpg","769f55c0d1d16327c1490f801cd9b57b.jpg","6b8ffbf69ae03c8b5cf594b97784fc3e.jpg","6e00c42c1113b0a7a58341ce2a2baab1.jpg","5d89a1d2d0cb07efa7b401dfee036a7d.jpg","f1b4be79b2869a6f7bed4007e7c76aa1.jpg","04387a4ac505ac4bcec5bd78d4c3df3f.jpg","220f0fcb454d7c15da0edf022b161781.jpg","edcde959f965150019ba5e560485c2f7.jpg","fd016abc44127e61aed907701d501d53.jpg","62498e5af1a1498e6a9f443b3475c95d.jpg","479c5a3514cd958c9b9bc0d674ff6826.jpg","61dc9394193417cb7d5678b44bb830e3.jpg","e5660d0c4834cc6965cfdbdc48602421.jpg"],"unit":null},"videos":null,"contacts":{"id":16,"value":{"without_number":false,"phone_numbers":["37379500425"]},"unit":null},"delivery":null}
[2025-04-30 22:58:35] <html>
<head><title>429 Too Many Requests</title></head>
<body>
<center><h1>429 Too Many Requests</h1></center>
<hr><center>nginx</center>
</body>
</html>

[2025-04-30 22:58:35] <html>
<head><title>429 Too Many Requests</title></head>
<body>
<center><h1>429 Too Many Requests</h1></center>
<hr><center>nginx</center>
</body>
</html>

[2025-04-30 22:58:35] <html>
<head><title>429 Too Many Requests</title></head>
<body>
<center><h1>429 Too Many Requests</h1></center>
<hr><center>nginx</center>
</body>
</html>

[2025-04-30 22:58:35] <html>
<head><title>429 Too Many Requests</title></head>
<body>
<center><h1>429 Too Many Requests</h1></center>
<hr><center>nginx</center>
</body>
</html>

[2025-04-30 22:58:35] <html>
<head><title>429 Too Many Requests</title></head>
<body>
<center><h1>429 Too Many Requests</h1></center>
<hr><center>nginx</center>
</body>
</html>

[2025-04-30 22:58:35] {"id":"100283669","title":"Renault Kangoo","offer_type":776,"price":{"id":2,"value":7899,"unit":"eur"},"state":"public","categories":{"category":{"id":"658","title":"Транспорт","url":"transport"},"subcategory":{"id":"659","title":"Легковые автомобили","url":"transport/cars"}},"type":"standard","views_counter":100,"autorepublisher":{"enabled":true,"schedule":{"monday":{"enabled":true,"times":["11:00","14:00","17:00"]},"tuesday":{"enabled":true,"times":["11:00","14:00","17:00"]},"wednesday":{"enabled":true,"times":["11:00","14:00","17:00"]},"thursday":{"enabled":true,"times":["11:00","14:00","17:00"]},"friday":{"enabled":true,"times":["11:00","14:00","17:00"]},"saturday":{"enabled":true,"times":["11:00","14:00","17:00"]},"sunday":{"enabled":true,"times":["11:00","14:00","17:00"]}}},"posted":"2025-03-05T22:15:56+02:00","republished":"2025-04-30T17:00:11+03:00","expire":"2025-05-30T17:00:11+03:00","block_reasons":null,"location":{"location_region":"Кишинёв мун.","location_location":"","location_sector":"","location_street":"","location_building":""},"images":{"id":14,"value":["0b9c858b2e1cf8194caa16d1f73400bd.jpg","f7a328dec698693439183c29431df7dd.jpg","9abfae8a1cf62c5d864d39b9a5963056.jpg","7d0d656aceba199a258f797aa5818c99.jpg","d1b983a55740584a5e59cf31cedc423d.jpg","d44f0cd794c84dbfa3ade63d50fb234b.jpg","da8230c8ed05f49352adb833031284b3.jpg","f76ac738e43b5d4f496818e842cdc3a2.jpg","b98c8dd214fa18c57bf82cbb5dd69c7d.jpg","f22e209e9039a1403b01e25056f5fa47.jpg","95d1491fc0ea7bcb00d15e27b8000ec2.jpg","0feed62e18f6edccc127d0a883dbe5e6.jpg","61a166ae053128687226c6f58598915a.jpg","f2871ee753a322b31cbb026ae279f17d.jpg"],"unit":null},"videos":null,"contacts":{"id":16,"value":{"without_number":false,"phone_numbers":["37379977674","37379954375"]},"unit":null},"delivery":null}
[2025-04-30 22:58:35] <html>
<head><title>429 Too Many Requests</title></head>
<body>
<center><h1>429 Too Many Requests</h1></center>
<hr><center>nginx</center>
</body>
</html>

[2025-04-30 22:58:35] <html>
<head><title>429 Too Many Requests</title></head>
<body>
<center><h1>429 Too Many Requests</h1></center>
<hr><center>nginx</center>
</body>
</html>

[2025-04-30 22:58:35] <html>
<head><title>429 Too Many Requests</title></head>
<body>
<center><h1>429 Too Many Requests</h1></center>
<hr><center>nginx</center>
</body>
</html>

[2025-04-30 22:58:35] <html>
<head><title>429 Too Many Requests</title></head>
<body>
<center><h1>429 Too Many Requests</h1></center>
<hr><center>nginx</center>
</body>
</html>

[2025-04-30 22:58:35] {"id":"100283475","title":"Ford Focus","offer_type":776,"price":{"id":2,"value":9899,"unit":"eur"},"state":"public","categories":{"category":{"id":"658","title":"Транспорт","url":"transport"},"subcategory":{"id":"659","title":"Легковые автомобили","url":"transport/cars"}},"type":"standard","views_counter":82,"autorepublisher":{"enabled":false,"schedule":null},"posted":"2025-03-05T22:01:46+02:00","republished":"2025-04-29T13:21:04+03:00","expire":"2025-05-29T13:21:04+03:00","block_reasons":null,"location":{"location_region":"Кишинёв мун.","location_location":"","location_sector":"","location_street":"","location_building":""},"images":{"id":14,"value":["6af031ed0ae77d826ea7a05e1921c4fb.jpg","83d12372fa381cd84d76539432492d74.jpg","48675f167779a9a06c927d8e0deedd11.jpg","06397560107f6e672018441c81d78387.jpg","fadf94ed44bc85c9a0f54663fe4b7c08.jpg","06f4bd899f0bc5e7ee5bffb5afdc8dfc.jpg","d2ba427023ba1b5cc0ff69e42f75ceb9.jpg","c1c12ea35dcf7494cd0cf538680d5f98.jpg","11b08e582a1bd0b1513a20e1d6895052.jpg","9fb6abe3e05e100bd443bc46d67fece2.jpg","459ca10cc9ba197558da318618a20eed.jpg","d428e99ddbc10637a9409a5ac302b8b4.jpg","ae9ab9ac52ddd796fe6547c0063c8fd3.jpg","63243af56bf8eb1a15d7f3ab1085057d.jpg"],"unit":null},"videos":null,"contacts":{"id":16,"value":{"without_number":false,"phone_numbers":["37379500425"]},"unit":null},"delivery":null}
[2025-04-30 22:58:35] <html>
<head><title>429 Too Many Requests</title></head>
<body>
<center><h1>429 Too Many Requests</h1></center>
<hr><center>nginx</center>
</body>
</html>

[2025-04-30 22:58:35] <html>
<head><title>429 Too Many Requests</title></head>
<body>
<center><h1>429 Too Many Requests</h1></center>
<hr><center>nginx</center>
</body>
</html>

[2025-04-30 22:58:35] <html>
<head><title>429 Too Many Requests</title></head>
<body>
<center><h1>429 Too Many Requests</h1></center>
<hr><center>nginx</center>
</body>
</html>

[2025-04-30 22:58:35] <html>
<head><title>429 Too Many Requests</title></head>
<body>
<center><h1>429 Too Many Requests</h1></center>
<hr><center>nginx</center>
</body>
</html>

[2025-04-30 22:58:35] {"id":"100106355","title":"Porsche Cayenne","offer_type":776,"price":{"id":2,"value":25500,"unit":"eur"},"state":"public","categories":{"category":{"id":"658","title":"Транспорт","url":"transport"},"subcategory":{"id":"659","title":"Легковые автомобили","url":"transport/cars"}},"type":"standard","views_counter":695,"autorepublisher":{"enabled":false,"schedule":null},"posted":"2025-02-18T17:25:50+02:00","republished":"2025-04-30T12:58:05+03:00","expire":"2025-05-30T12:58:05+03:00","block_reasons":null,"location":{"location_region":"Кишинёв мун.","location_location":"","location_sector":"","location_street":"","location_building":""},"images":{"id":14,"value":["0f58fae017499a2f3f4482140a91d1b1.jpg","cb59c2eb3eeee6d9a98ede68e17d0206.jpg","2c00d9265e3519bf394a174c57b1214f.jpg","867e49fad20b9f50adfe9fc7b9e9f017.jpg","eec3b9cc77824072b3810542f577277f.jpg","b7451940096ec63c4c1a3a8128196f54.jpg","24bfe5dc66c594593a8070d6cabf1322.jpg","e1cf8e1eb83cfd7cdf0c8f945b84519f.jpg","d2642c08fa99df617e4083d8c1840113.jpg","ec70f97ab693ccffbb6692ee87bdca21.jpg","20fd9afbf2092d4d73b27507443a9135.jpg","e7d8cac3a6a43a3c5fa03ceef37a03c1.jpg","42de6ac9905dd75307a8ebd8d5f99eb8.jpg","01b4325e17504e404e28a557e6c5fe6e.jpg","432074ec333ed60b58b7d21b8ffa2bd7.jpg"],"unit":null},"videos":null,"contacts":{"id":16,"value":{"without_number":false,"phone_numbers":["37379500425"]},"unit":null},"delivery":null}
[2025-04-30 22:58:35] <html>
<head><title>429 Too Many Requests</title></head>
<body>
<center><h1>429 Too Many Requests</h1></center>
<hr><center>nginx</center>
</body>
</html>

[2025-04-30 22:58:35] <html>
<head><title>429 Too Many Requests</title></head>
<body>
<center><h1>429 Too Many Requests</h1></center>
<hr><center>nginx</center>
</body>
</html>

[2025-04-30 22:59:12] {"categories":[{"id":"658","title":"Транспорт","url":"transport"},{"id":"270","title":"Недвижимость","url":"real-estate"},{"id":"38","title":"Телефоны и гаджеты","url":"phone-and-communication"},{"id":"2","title":"Компьютеры и оргтехника","url":"computers-and-office-equipment"},{"id":"1237","title":"Строительство и ремонт","url":"construction-and-repair"},{"id":"1213","title":"Одежда, обувь и аксессуары","url":"clothes-and-shoes"},{"id":"1195","title":"Мебель и интерьер","url":"furniture-and-interior"},{"id":"44","title":"Аудио-Видео-Фото","url":"audio-video-photo"},{"id":"753","title":"Все остальное","url":"all-else"},{"id":"6146","title":"Работа","url":"work"},{"id":"6026","title":"Сельское хозяйство","url":"agriculture"},{"id":"6341","title":"Услуги","url":"services"},{"id":"226","title":"Питомцы и растения","url":"animals-and-plants"},{"id":"1155","title":"Спорт и здоровье","url":"sports-health-and-beauty"},{"id":"7522","title":"Красота и уход","url":"beauty-and-personal-care"},{"id":"693","title":"Туризм, отдых и развлечения","url":"tourism-leisure-and-entertainment"},{"id":"1182","title":"Бизнес","url":"business"},{"id":"269","title":"Музыкальные инструменты","url":"musical-instruments"},{"id":"45","title":"Бытовая техника","url":"household-appliances"},{"id":"1223","title":"Все для торжеств","url":"all-for-celebrations"},{"id":"1412","title":"Детский мир","url":"children-world"},{"id":"1170","title":"Все для дома и офиса","url":"all-for-home-and-office"},{"id":"1187","title":"Знакомства","url":"dating-and-greetings"}]}
[2025-04-30 22:59:12] {"subcategories":[{"id":"659","title":"Легковые автомобили","url":"transport/cars"},{"id":"660","title":"Автобусы и микроавтобусы","url":"transport/buses-and-minibuses"},{"id":"662","title":"Грузовые автомобили","url":"transport/trucks"},{"id":"663","title":"Мотоциклы и мототехника","url":"transport/motorcycles"},{"id":"664","title":"Велотранспорт","url":"transport/bicycles"},{"id":"6636","title":"Гироскутеры, электросамокаты","url":"transport/electric-scooters"},{"id":"669","title":"Спецтехника","url":"transport/special-equipment"},{"id":"667","title":"Прицепы","url":"transport/trailers"},{"id":"671","title":"Ретроавтомобили и автоэкспонаты","url":"transport/retro-cars"},{"id":"666","title":"Водный транспорт","url":"transport/snowmobiles-and-jet-ski"},{"id":"1411","title":"Воздушный транспорт","url":"transport/airplanes"},{"id":"678","title":"Диски и шины","url":"transport/wheels-and-tires"},{"id":"674","title":"Запчасти и разборка легковых автомобилей","url":"transport/spare-parts-for-cars"},{"id":"6054","title":"Мотоэкипировка","url":"transport/moto-equipment"},{"id":"675","title":"Запчасти для грузовых автомобилей","url":"transport/spare-parts-for-trucks"},{"id":"677","title":"Автозеркала, автостекла и автооптика","url":"transport/auto-glass-and-optics"},{"id":"1348","title":"Запчасти для мототехники","url":"transport/spare-parts-for-motorcycles"},{"id":"6024","title":"Велозапчасти и велоаксессуары","url":"transport/spare-parts-for-bicycles"},{"id":"6718","title":"Аккумуляторы","url":"transport/batteries"},{"id":"688","title":"Автомагнитолы и DVD","url":"transport/carcaraudio"},{"id":"685","title":"Автоакустика","url":"transport/acoustic"},{"id":"6592","title":"Видеорегистраторы","url":"transport/video-recorders"},{"id":"687","title":"GPS, навигация","url":"transport/dvd-tv-gps-tuner"},{"id":"689","title":"Комплектующие автозвука","url":"transport/supplies-of-car-audio"},{"id":"6593","title":"Радары, сигнализация","url":"transport/radars-alarms"},{"id":"6710","title":"Аксессуары для салона","url":"transport/interior-accessories"},{"id":"6711","title":"Коврики для авто","url":"transport/car-carpets"},{"id":"6705","title":"Краски автомобильные","url":"transport/car-paint"},{"id":"6713","title":"Тех помощь","url":"transport/technical-support"},{"id":"6712","title":"Аксессуары для кузова","url":"transport/car-body-accessories"},{"id":"6714","title":"Автобагажники","url":"transport/car-trunks"},{"id":"6715","title":"Подкрылки","url":"transport/wheel-arch-liners"},{"id":"6716","title":"Парковочные радары","url":"transport/parktronic"},{"id":"6717","title":"Автомобильные ключи","url":"transport/car-keys"},{"id":"6720","title":"Ключи","url":"transport/keys"},{"id":"6722","title":"Домкраты","url":"transport/car-jacks"},{"id":"6723","title":"Подъёмники","url":"transport/car-lifts"},{"id":"6721","title":"Съемники","url":"transport/pullers"},{"id":"6724","title":"Компрессоры автомобильные","url":"transport/automobile-compressors"},{"id":"6725","title":"Стенд развал-схождения","url":"transport/wheel-alignment-stand"},{"id":"6726","title":"Зарядные устройства для авто","url":"transport/chargers-for-cars"},{"id":"6727","title":"Мойки высокого давления","url":"transport/pressure-washers"},{"id":"6728","title":"Диагностическое оборудование","url":"transport/diagnostic-equipment"},{"id":"6729","title":"Шиномонтажное оборудование","url":"transport/tire-equipment"},{"id":"6730","title":"Гидравлическое и механическое оборудование","url":"transport/hydraulic-and-mechanical-equipment"},{"id":"6731","title":"Мебель для СТО","url":"transport/service-station-furniture"},{"id":"6732","title":"Инструмент для смазочных работ","url":"transport/lubrication-tool"},{"id":"6733","title":"Оборудование для кузовных работ","url":"transport/bodywork-equipment"},{"id":"6734","title":"Дополнительное оборудование для авто","url":"transport/additional-car-equipment"},{"id":"6689","title":"Гидравлические масла","url":"transport/hydraulic-oils"},{"id":"6688","title":"Трансмиссионные масла","url":"transport/gear-oils"},{"id":"6691","title":"Антифризы","url":"transport/antifreeze"},{"id":"6690","title":"Тормозные жидкости","url":"transport/brake-fluid"},{"id":"6693","title":"Смазки","url":"transport/automotive-lubricants"},{"id":"6687","title":"Моторные масла","url":"transport/motor-oil"},{"id":"6692","title":"Омывающие жидкости","url":"transport/washer-fluid"},{"id":"6696","title":"Присадки в масло","url":"transport/oil-additives"},{"id":"6695","title":"Присадки в топливо","url":"transport/fuel-additives"},{"id":"6697","title":"Присадки к трансмиссионным маслам","url":"transport/gear-oil-additives"},{"id":"6698","title":"Промывки и очистители","url":"transport/washes-and-cleaners"},{"id":"6699","title":"Корректоры и осушители топлива","url":"transport/fuel-additives-and-dispersants"},{"id":"1403","title":"Автосервис","url":"transport/car-2"},{"id":"1401","title":"Грузоперевозки","url":"transport/cargo"},{"id":"6647","title":"Авто на заказ","url":"transport/order-car"},{"id":"1358","title":"Пассажироперевозки","url":"transport/passenger"},{"id":"6663","title":"Мотосервис и велосервис","url":"transport/motoservice"},{"id":"1402","title":"Аренда транспорта","url":"transport/rent-a-car"},{"id":"6790","title":"Аксессуары для мойки автомобиля","url":"transport/car-wash-accessories"},{"id":"6702","title":"Автошампуни","url":"transport/car-shampoo"},{"id":"6704","title":"Очистители кузова","url":"transport/car-cleaner"},{"id":"6701","title":"Всё для полировки","url":"transport/polishes"},{"id":"6703","title":"Защитные составы для кузова","url":"transport/anti-corrosion-coatings"},{"id":"6706","title":"Автокосметика для салона","url":"transport/interior-cleaning"},{"id":"6707","title":"Автокосметика для колес","url":"transport/rim-protection"},{"id":"6708","title":"Автокосметика для стекол и оптики","url":"transport/autocosmetics-for-glasses-and-optics"},{"id":"1339","title":"Разное","url":"transport/miscellaneous"}]}
[2025-04-30 22:59:22] {"offer_types":[{"id":"776","title":"Продам"},{"id":"777","title":"Куплю"},{"id":"23844","title":"Авто на заказ"},{"id":"778","title":"Меняю"}]}
[2025-04-30 22:59:24] {"features_groups":[{"title":"Общее","features":[{"id":"20","title":"Марка","depends_on":null,"required":true,"options":[{"id":"139","title":"Ford"},{"id":"149","title":"Honda"},{"id":"111","title":"Hyundai"},{"id":"130","title":"KIA"},{"id":"22","title":"Mercedes"},{"id":"28","title":"Nissan"},{"id":"143","title":"Skoda"},{"id":"47","title":"Toyota"},{"id":"193","title":"Volvo"},{"id":"20","title":"Volkswagen"},{"id":"22223","title":"ARO"},{"id":"23516","title":"Abarth"},{"id":"392","title":"Acura"},{"id":"38968","title":"Aito"},{"id":"24787","title":"Aiways"},{"id":"295","title":"Alfa Romeo"},{"id":"24790","title":"ArcFox"},{"id":"22887","title":"Aston Martin"},{"id":"57","title":"Audi"},{"id":"36217","title":"Avatr"},{"id":"23696","title":"BAIC"},{"id":"43030","title":"BAW"},{"id":"34","title":"BMW"},{"id":"288","title":"Bentley"},{"id":"748","title":"Brilliance"},{"id":"20947","title":"Buick"},{"id":"487","title":"Byd"},{"id":"439","title":"Cadillac"},{"id":"23654","title":"Changan"},{"id":"119","title":"Chery"},{"id":"167","title":"Chevrolet"},{"id":"101","title":"Chrysler"},{"id":"32","title":"Citroen"},{"id":"24455","title":"Cupra"},{"id":"24352","title":"DS Automobiles"},{"id":"375","title":"Dacia"},{"id":"99","title":"Daewoo"},{"id":"132","title":"Daihatsu"},{"id":"20359","title":"Datsun"},{"id":"31863","title":"Denza"},{"id":"89","title":"Dodge"},{"id":"24796","title":"Dongfeng"},{"id":"38687","title":"Exeed"},{"id":"504","title":"FAW"},{"id":"22889","title":"Ferrari"},{"id":"41","title":"Fiat"},{"id":"24719","title":"GAC"},{"id":"616","title":"GMC"},{"id":"587","title":"Geely"},{"id":"24520","title":"Genesis"},{"id":"202","title":"Great Wall"},{"id":"22890","title":"Hafei"},{"id":"521","title":"Haima"},{"id":"23260","title":"Haval"},{"id":"36703","title":"HiPhi"},{"id":"39680","title":"Hongqi"},{"id":"24782","title":"Hozon"},{"id":"37326","title":"Hozon"},{"id":"247","title":"Hummer"},{"id":"32708","title":"IM Motors"},{"id":"419","title":"Infiniti"},{"id":"22891","title":"Iran Khodro"},{"id":"14","title":"Isuzu"},{"id":"1049","title":"Iveco"},{"id":"1667","title":"JMC"},{"id":"662","title":"Jac"},{"id":"369","title":"Jaguar"},{"id":"186","title":"Jeep"},{"id":"28752","title":"Jetour"},{"id":"37820","title":"Jetta"},{"id":"39760","title":"LEVC"},{"id":"24420","title":"Lada"},{"id":"85","title":"Lada / ВАЗ"},{"id":"12462","title":"Lamborghini"},{"id":"210","title":"Lancia"},{"id":"291","title":"Land Rover"},{"id":"24738","title":"Leapmotor"},{"id":"136","title":"Lexus"},{"id":"34753","title":"LiXiang"},{"id":"414","title":"Lifan"},{"id":"305","title":"Lincoln"},{"id":"25004","title":"Linktour"},{"id":"1743","title":"Lotus"},{"id":"40826","title":"Lucid"},{"id":"39770","title":"Luxeed"},{"id":"28447","title":"Lynk \u0026 Co"},{"id":"33046","title":"MG"},{"id":"1704","title":"Maserati"},{"id":"45","title":"Mazda"},{"id":"23296","title":"McLaren"},{"id":"22892","title":"Mercedes-Maybach"},{"id":"22893","title":"Mercury"},{"id":"577","title":"Mini"},{"id":"36","title":"Mitsubishi"},{"id":"34747","title":"NIO"},{"id":"1","title":"Opel"},{"id":"24773","title":"Oshan"},{"id":"76","title":"Peugeot"},{"id":"1125","title":"Piaggio"},{"id":"39267","title":"Polestar"},{"id":"284","title":"Pontiac"},{"id":"282","title":"Porsche"},{"id":"23870","title":"Ravon"},{"id":"8","title":"Renault"},{"id":"27737","title":"Renault Samsung"},{"id":"42104","title":"Riddara"},{"id":"39472","title":"Rivian"},{"id":"24729","title":"Roewe"},{"id":"266","title":"Rolls-Royce"},{"id":"62","title":"Rover"},{"id":"344","title":"Saab"},{"id":"22895","title":"Saturn"},{"id":"22352","title":"Scion"},{"id":"200","title":"Seat"},{"id":"24732","title":"Skywell"},{"id":"263","title":"Smart"},{"id":"397","title":"Ssangyong"},{"id":"121","title":"Subaru"},{"id":"43","title":"Suzuki"},{"id":"34794","title":"Tank"},{"id":"883","title":"Tata"},{"id":"1662","title":"Tatra"},{"id":"17483","title":"Tesla"},{"id":"35821","title":"Venucia"},{"id":"36707","title":"Voyah"},{"id":"23709","title":"Weltmeister"},{"id":"31867","title":"Wuling"},{"id":"37323","title":"Xiaomi"},{"id":"23680","title":"Xpeng"},{"id":"24793","title":"Zeekr"},{"id":"23261","title":"Zotye"},{"id":"219","title":"ГАЗ"},{"id":"154","title":"Другая марка"},{"id":"249","title":"ЗАЗ"},{"id":"21019","title":"ЛуАЗ"},{"id":"59","title":"Москвич / Иж"},{"id":"410","title":"УАЗ"}],"units":null,"type":"drop_down_options"},{"id":"21","title":"Модель","depends_on":"20","required":true,"options":null,"units":null,"type":"drop_down_options"},{"id":"2095","title":"Поколение","depends_on":"21","required":true,"options":null,"units":null,"type":"drop_down_options"},{"id":"775","title":"Регистрация","depends_on":null,"required":true,"options":[{"id":"18592","title":"Республика Молдова"},{"id":"18593","title":"Приднестровье"},{"id":"20473","title":"Растаможен"},{"id":"20474","title":"Не растаможен"},{"id":"18594","title":"Другое"}],"units":null,"type":"drop_down_options"},{"id":"593","title":"Состояние","depends_on":null,"required":true,"options":[{"id":"18672","title":"Новый"},{"id":"18668","title":"С пробегом"},{"id":"23242","title":"Требует ремонта"}],"units":null,"type":"drop_down_options"},{"id":"1761","title":"Наличие","depends_on":null,"required":true,"options":[{"id":"29670","title":"На месте"},{"id":"29671","title":"В пути"},{"id":"29672","title":"Под заказ"}],"units":null,"type":"drop_down_options"},{"id":"1763","title":"Происхождение автомобиля","depends_on":null,"required":true,"options":[{"id":"29677","title":"Еврозона"},{"id":"29678","title":"США"},{"id":"33042","title":"Китай"},{"id":"33043","title":"Корея"},{"id":"42430","title":"Япония"},{"id":"33044","title":"Другое"}],"units":null,"type":"drop_down_options"},{"id":"13","title":"body","depends_on":null,"required":false,"options":null,"units":null,"type":"textarea_text"},{"id":"1404","title":"Теги","depends_on":null,"required":false,"options":null,"units":null,"type":"textbox_text"}]},{"title":"Цена и регион","features":[{"id":"7","title":"Регион","depends_on":null,"required":true,"options":[{"id":"12912","title":"Бельцы мун."},{"id":"12882","title":"Бендеры мун."},{"id":"12901","title":"Бессарабка"},{"id":"12898","title":"Бричаны"},{"id":"12878","title":"Вулканешты"},{"id":"12904","title":"Глодяны"},{"id":"12873","title":"Григориополь"},{"id":"17475","title":"Днестровск"},{"id":"12896","title":"Дондюшаны"},{"id":"12893","title":"Дрокия"},{"id":"12879","title":"Дубоссары"},{"id":"12895","title":"Единцы"},{"id":"12908","title":"Кагул"},{"id":"12907","title":"Калараш"},{"id":"12874","title":"Каменка"},{"id":"12890","title":"Кантемир"},{"id":"12903","title":"Каушаны"},{"id":"12900","title":"Кишинёв мун."},{"id":"12875","title":"Комрат"},{"id":"12888","title":"Криуляны"},{"id":"12881","title":"Леова"},{"id":"12877","title":"Ниспорены"},{"id":"12905","title":"Новые Анены"},{"id":"12902","title":"Окница"},{"id":"12909","title":"Оргеев"},{"id":"12891","title":"Резина"},{"id":"12883","title":"Рыбница"},{"id":"12897","title":"Рышканы"},{"id":"12884","title":"Слободзея"},{"id":"12899","title":"Сороки"},{"id":"12910","title":"Страшены"},{"id":"12906","title":"Сынжерей"},{"id":"12894","title":"Тараклия"},{"id":"12892","title":"Теленешты"},{"id":"12885","title":"Тирасполь мун."},{"id":"12870","title":"Унгены"},{"id":"12887","title":"Фалешты"},{"id":"12911","title":"Флорешты"},{"id":"12876","title":"Хынчешты"},{"id":"12871","title":"Чадыр-Лунга"},{"id":"12889","title":"Чимишлия"},{"id":"12880","title":"Шолданешты"},{"id":"12872","title":"Штефан-Водэ"},{"id":"12886","title":"Яловены"}],"units":null,"type":"drop_down_options"},{"id":"2","title":"Цена","depends_on":null,"required":true,"options":null,"units":["eur","usd","mdl"],"type":"textbox_numeric_measurement"}]},{"title":"Свойства","features":[{"id":"795","title":"Автор объявления","depends_on":null,"required":true,"options":[{"id":"23241","title":"Автодилер"}],"units":null,"type":"drop_down_options"},{"id":"19","title":"Год выпуска","depends_on":null,"required":true,"options":null,"units":null,"type":"textbox_numeric"},{"id":"1196","title":"Руль","depends_on":null,"required":true,"options":[{"id":"21979","title":"Левый"},{"id":"21978","title":"Правый"}],"units":null,"type":"drop_down_options"},{"id":"846","title":"Количество мест","depends_on":null,"required":true,"options":[{"id":"19117","title":"2"},{"id":"19123","title":"3"},{"id":"19007","title":"3-4"},{"id":"19118","title":"4"},{"id":"19119","title":"5"},{"id":"19121","title":"6"},{"id":"19120","title":"7"},{"id":"19122","title":"8"},{"id":"24583","title":"9"}],"units":null,"type":"drop_down_options"},{"id":"102","title":"Тип кузова","depends_on":null,"required":true,"options":[{"id":"18","title":"Внедорожник"},{"id":"156","title":"Кабриолет"},{"id":"68","title":"Комби"},{"id":"74","title":"Кроссовер"},{"id":"96","title":"Купе"},{"id":"53","title":"Микровэн"},{"id":"49","title":"Минивэн"},{"id":"61","title":"Пикап"},{"id":"265","title":"Родстер"},{"id":"6","title":"Седан"},{"id":"27","title":"Универсал"},{"id":"97","title":"Фургон"},{"id":"11","title":"Хетчбэк"}],"units":null,"type":"drop_down_options"},{"id":"851","title":"Количество дверей","depends_on":null,"required":false,"options":[{"id":"19083","title":"2"},{"id":"19084","title":"3"},{"id":"19085","title":"4"},{"id":"19086","title":"5"}],"units":null,"type":"drop_down_options"},{"id":"104","title":"Пробег","depends_on":null,"required":true,"options":null,"units":["km","mi"],"type":"textbox_numeric_measurement"},{"id":"103","title":"Объём двигателя","depends_on":null,"required":true,"options":null,"units":["cm3"],"type":"textbox_numeric_measurement"},{"id":"107","title":"Мощность (л.с.)","depends_on":null,"required":false,"options":null,"units":["hp"],"type":"textbox_numeric_measurement"},{"id":"151","title":"Тип топлива","depends_on":null,"required":true,"options":[{"id":"10","title":"Бензин"},{"id":"24","title":"Дизель"},{"id":"3","title":"Газ / Бензин (пропан)"},{"id":"159","title":"Газ / Бензин (метан)"},{"id":"161","title":"Гибрид"},{"id":"22987","title":"Плагин-гибрид"},{"id":"12617","title":"Электричество"},{"id":"21311","title":"Газ"}],"units":null,"type":"drop_down_options"},{"id":"101","title":"КПП","depends_on":null,"required":true,"options":[{"id":"1051","title":"Вариатор"},{"id":"1054","title":"Роботизированная"},{"id":"16","title":"Автоматическая"},{"id":"4","title":"Механическая"}],"units":null,"type":"drop_down_options"},{"id":"108","title":"Привод","depends_on":null,"required":true,"options":[{"id":"25","title":"Задний"},{"id":"5","title":"Передний"},{"id":"17","title":"4х4"}],"units":null,"type":"drop_down_options"},{"id":"17","title":"Цвет","depends_on":null,"required":false,"options":[{"id":"87","title":"Бежевый"},{"id":"19","title":"Белый"},{"id":"65","title":"Бордовый"},{"id":"31","title":"Голубой"},{"id":"179","title":"Желтый"},{"id":"13","title":"Зелёный"},{"id":"72","title":"Золотой"},{"id":"208","title":"Коричневый"},{"id":"38","title":"Красный"},{"id":"309","title":"Малины"},{"id":"334","title":"Оранжевый"},{"id":"554","title":"Розовый"},{"id":"176","title":"Салатовый"},{"id":"56","title":"Серебряный"},{"id":"50","title":"Серый"},{"id":"40","title":"Синий"},{"id":"12","title":"Тёмно-зелёный"},{"id":"93","title":"Фиолетовый"},{"id":"79","title":"Хамелеон"},{"id":"7","title":"Черный"}],"units":null,"type":"drop_down_options"}]},{"title":"Безопасность","features":[{"id":"109","title":"Антиблокировочная тормозная система (ABS)","depends_on":null,"required":false,"options":null,"units":null,"type":"check_box"},{"id":"115","title":"Шторки безопасности","depends_on":null,"required":false,"options":null,"units":null,"type":"check_box"},{"id":"110","title":"Антипробуксовочная система (TCS, ASR, TRC)","depends_on":null,"required":false,"options":null,"units":null,"type":"check_box"},{"id":"114","title":"Боковые подушки безопасности","depends_on":null,"required":false,"options":null,"units":null,"type":"check_box"},{"id":"116","title":"Датчик парковки","depends_on":null,"required":false,"options":null,"units":null,"type":"check_box"},{"id":"1639","title":"Система кругового обзора","depends_on":null,"required":false,"options":null,"units":null,"type":"check_box"},{"id":"113","title":"Подушка безопасности пассажира","depends_on":null,"required":false,"options":null,"units":null,"type":"check_box"},{"id":"111","title":"Система стабилизации (ESP, DSC, VDC, ESC)","depends_on":null,"required":false,"options":null,"units":null,"type":"check_box"},{"id":"112","title":"Подушка безопасности водителя","depends_on":null,"required":false,"options":null,"units":null,"type":"check_box"},{"id":"119","title":"Омыватель фар","depends_on":null,"required":false,"options":null,"units":null,"type":"check_box"},{"id":"118","title":"Датчик света","depends_on":null,"required":false,"options":null,"units":null,"type":"check_box"},{"id":"120","title":"Противоугонное устройство","depends_on":null,"required":false,"options":null,"units":null,"type":"check_box"},{"id":"127","title":"Летние шины","depends_on":null,"required":false,"options":null,"units":null,"type":"check_box"},{"id":"126","title":"Легкосплавные колесные диски","depends_on":null,"required":false,"options":null,"units":null,"type":"check_box"},{"id":"121","title":"Противоугонная сигнализация","depends_on":null,"required":false,"options":null,"units":null,"type":"check_box"},{"id":"124","title":"Многофункциональный руль","depends_on":null,"required":false,"options":null,"units":null,"type":"check_box"},{"id":"125","title":"Стальные колесные диски","depends_on":null,"required":false,"options":null,"units":null,"type":"check_box"},{"id":"128","title":"Зимние шины","depends_on":null,"required":false,"options":null,"units":null,"type":"check_box"},{"id":"123","title":"Противотуманные фары","depends_on":null,"required":false,"options":null,"units":null,"type":"check_box"},{"id":"129","title":"Всесезонные шины","depends_on":null,"required":false,"options":null,"units":null,"type":"check_box"},{"id":"117","title":"Датчик дождя","depends_on":null,"required":false,"options":null,"units":null,"type":"check_box"},{"id":"1638","title":"Камера заднего вида","depends_on":null,"required":false,"options":null,"units":null,"type":"check_box"},{"id":"122","title":"Ксеноновые фары","depends_on":null,"required":false,"options":null,"units":null,"type":"check_box"},{"id":"1757","title":"Светодиодные фары","depends_on":null,"required":false,"options":null,"units":null,"type":"check_box"},{"id":"1758","title":"Лазерные фары","depends_on":null,"required":false,"options":null,"units":null,"type":"check_box"},{"id":"1766","title":"Фаркоп","depends_on":null,"required":false,"options":null,"units":null,"type":"check_box"},{"id":"2201","title":"Крепления для детских сидений (Isofix)","depends_on":null,"required":false,"options":null,"units":null,"type":"check_box"},{"id":"2200","title":"Крепление для якорного ремня (Top Tether)","depends_on":null,"required":false,"options":null,"units":null,"type":"check_box"}]},{"title":"Комфорт","features":[{"id":"130","title":"Кондиционер","depends_on":null,"required":false,"options":null,"units":null,"type":"check_box"},{"id":"131","title":"Климат-контроль","depends_on":null,"required":false,"options":null,"units":null,"type":"check_box"},{"id":"132","title":"Усилитель руля","depends_on":null,"required":false,"options":null,"units":null,"type":"check_box"},{"id":"133","title":"Регулируемая по высоте рулевая колонка","depends_on":null,"required":false,"options":null,"units":null,"type":"check_box"},{"id":"134","title":"Регулируемая по вылету рулевая колонка","depends_on":null,"required":false,"options":null,"units":null,"type":"check_box"},{"id":"135","title":"Люк","depends_on":null,"required":false,"options":null,"units":null,"type":"check_box"},{"id":"136","title":"Электростеклоподъемники","depends_on":null,"required":false,"options":null,"units":null,"type":"check_box"},{"id":"137","title":"Электрорегулировка боковых зеркал","depends_on":null,"required":false,"options":null,"units":null,"type":"check_box"},{"id":"138","title":"Электрорегулировка водительского сиденья","depends_on":null,"required":false,"options":null,"units":null,"type":"check_box"},{"id":"139","title":"Электрорегулировка пассажирского сиденья","depends_on":null,"required":false,"options":null,"units":null,"type":"check_box"},{"id":"140","title":"Подогрев передних сидений","depends_on":null,"required":false,"options":null,"units":null,"type":"check_box"},{"id":"141","title":"Подогрев боковых зеркал","depends_on":null,"required":false,"options":null,"units":null,"type":"check_box"},{"id":"142","title":"Центральный замок","depends_on":null,"required":false,"options":null,"units":null,"type":"check_box"},{"id":"143","title":"Круиз-контроль","depends_on":null,"required":false,"options":null,"units":null,"type":"check_box"},{"id":"144","title":"Аудиосистема, Bluetooth","depends_on":null,"required":false,"options":null,"units":null,"type":"check_box"},{"id":"145","title":"Кожаный салон","depends_on":null,"required":false,"options":null,"units":null,"type":"check_box"},{"id":"147","title":"Обивка салона ткань","depends_on":null,"required":false,"options":null,"units":null,"type":"check_box"},{"id":"148","title":"Бортовой компьютер","depends_on":null,"required":false,"options":null,"units":null,"type":"check_box"},{"id":"149","title":"Навигационная система, TV, DVD","depends_on":null,"required":false,"options":null,"units":null,"type":"check_box"},{"id":"150","title":"Тонированные стекла","depends_on":null,"required":false,"options":null,"units":null,"type":"check_box"}]},{"title":"Медиа","features":[{"id":"14","title":"Фото","depends_on":null,"required":true,"options":null,"units":null,"type":"upload_images"},{"id":"15","title":"Видео","depends_on":null,"required":false,"options":null,"units":null,"type":"upload_videos"}]},{"title":"Контакты","features":[{"id":"16","title":"Контакты","depends_on":null,"required":false,"options":null,"units":null,"type":"contacts"}]}]}
[2025-04-30 22:59:24] {"phone_numbers":[{"phone_number":"37369977674","country_code":373,"national_number":"69977674","region":"Молдова"},{"phone_number":"37368500573","country_code":373,"national_number":"68500573","region":"Молдова"},{"phone_number":"37369533300","country_code":373,"national_number":"69533300","region":"Молдова"},{"phone_number":"37362166882","country_code":373,"national_number":"62166882","region":"Молдова"},{"phone_number":"37379500425","country_code":373,"national_number":"79500425","region":"Молдова"},{"phone_number":"37379500645","country_code":373,"national_number":"79500645","region":"Молдова"}]}
[2025-04-30 22:59:38] {"Options":[{"id":"714","title":"3000gt"},{"id":"1683","title":"ASX"},{"id":"24737","title":"Airtrek"},{"id":"23510","title":"Attrage"},{"id":"356","title":"Carisma"},{"id":"318","title":"Colt"},{"id":"550","title":"Eclipse"},{"id":"22974","title":"Eclipse Cross"},{"id":"64","title":"Galant"},{"id":"622","title":"Grandis"},{"id":"165","title":"L200"},{"id":"36861","title":"L300"},{"id":"805","title":"L400"},{"id":"37","title":"Lancer"},{"id":"409","title":"Mirage"},{"id":"822","title":"Montero Sport"},{"id":"73","title":"Outlander"},{"id":"242","title":"Pajero"},{"id":"293","title":"Pajero Pinin"},{"id":"12515","title":"Pajero Sport"},{"id":"12601","title":"Raider"},{"id":"535","title":"Sigma"},{"id":"788","title":"Space Gear"},{"id":"82","title":"Space Runner"},{"id":"221","title":"Space Star"},{"id":"341","title":"Space Wagon"}]}
[2025-04-30 22:59:40] {"Options":[{"id":"36872","title":"I (2003 - 2005)"},{"id":"36873","title":"II (2005 - 2012)"},{"id":"36874","title":"III (2012 - 2021)"},{"id":"36875","title":"IV (2021 - н. в)"}]}
[2025-04-30 23:01:31] {"advert":{"id":"100880864"}}
[2025-04-30 23:01:31] {"id":"100880864","title":"Mitsubishi Outlander","offer_type":776,"price":{"id":2,"value":16699,"unit":"eur"},"state":"public","categories":{"category":{"id":"658","title":"Транспорт","url":"transport"},"subcategory":{"id":"659","title":"Легковые автомобили","url":"transport/cars"}},"type":"standard","views_counter":0,"autorepublisher":{"enabled":false,"schedule":null},"posted":"2025-04-30T23:01:29+03:00","republished":"2025-04-30T23:01:31+03:00","expire":"2025-05-30T23:01:31+03:00","block_reasons":null,"location":{"location_region":"Кишинёв мун.","location_location":"","location_sector":"","location_street":"","location_building":""},"images":{"id":14,"value":["5f3e9163bbf88c005e21f8eea2bf59dc.jpg","33658edffb5b020a81ca14bbd154dad2.jpg","af3e4d431544d295f2fea7122ba0bda5.jpg","32d89444dd3f9768f65b06d3f13aa76a.jpg","31260dc15fede331e2f1b54b31641c67.jpg","6b9d8589f5a3413592ff7b8dd56452bf.jpg","fc8711281df6441c380d5f8479453a23.jpg","005b3390419b60d373bf757fd40d4339.jpg","b2b2b38cc5fda8d12cf565be0ec2dd4c.jpg","8e8b5b19e78692474099eac182fdadbb.jpg","76b3667631cf6609c51e07386167dcf6.jpg","a24279f2a528c3a2e1aa077ceeeacd08.jpg","8e973ad41cd5b1ef11b5b2c2443001c5.jpg","8c2cf8ae6ca454273e4f346719403849.jpg","7e761ec22de2c0627faba85f17fe6590.jpg","5e2fe24acda5fc70e8c02523a9c22cd2.jpg","6f73654f0007fb29718ad5f7d9a3daaf.jpg","f83acca6e0740cb999d540abcf6fd4d8.jpg","7b70b43bc118656304d3bd68c637423d.jpg","3f0a0e4b97929589dee454f7cc07c36e.jpg"],"unit":null},"videos":null,"contacts":{"id":16,"value":{"without_number":false,"phone_numbers":["37379500425"]},"unit":null},"delivery":null}
[2025-04-30 23:01:31] {"id":"100830542","title":"Honda CR-V","offer_type":776,"price":{"id":2,"value":32200,"unit":"eur"},"state":"public","categories":{"category":{"id":"658","title":"Транспорт","url":"transport"},"subcategory":{"id":"659","title":"Легковые автомобили","url":"transport/cars"}},"type":"standard","views_counter":93,"autorepublisher":{"enabled":false,"schedule":null},"posted":"2025-04-24T21:24:59+03:00","republished":"2025-04-30T12:32:07+03:00","expire":"2025-05-30T12:32:07+03:00","block_reasons":null,"location":{"location_region":"Кишинёв мун.","location_location":"","location_sector":"","location_street":"","location_building":""},"images":{"id":14,"value":["fb5b04652fce595638db0d4a40810e40.jpg","b19e4e0bc3cae88251be93757aa9c3e6.jpg","8146fc0770d76d06bd567d5433ea35a1.jpg","e8f30a7d43df2a87c4ba554c15a48a9d.jpg","2320178f754b1d5379d30a6d4edf8074.jpg","9b113ddf197f79b6566b14776b3e195f.jpg","3d4d5a9a93add5e5914bd2dae0cfada8.jpg","80ba1c8bb792d3ed159525c638a80ed0.jpg","a15820f54e002c429b26d2a66671abc0.jpg","d39a3b98b2b950eabea02d17cc4b68cf.jpg","a8284f061a76bd99a2673772aab42354.jpg","4706e4500c9c41f4bb6baa59211fa7d0.jpg","7e8a7b1cd790f28afc02148bf4f914c9.jpg","14bcf01b2e74008c9275071bcfa9b51d.jpg","0ba7ed01245ecaf8b736633a7d268721.jpg","0d3a6e94e4918f0c6e02860b5bcbe510.jpg","edeb47ff441323e0a5e2ab61311680e6.jpg","e9f1af3f696588c51f7ebac017b8ee0b.jpg","1ad971bc1eeeb7cd1132dfa951358a8e.jpg"],"unit":null},"videos":null,"contacts":{"id":16,"value":{"without_number":false,"phone_numbers":["37379500425"]},"unit":null},"delivery":null}
[2025-04-30 23:01:31] {"id":"100828672","title":"Opel Astra","offer_type":776,"price":{"id":2,"value":7499,"unit":"eur"},"state":"public","categories":{"category":{"id":"658","title":"Транспорт","url":"transport"},"subcategory":{"id":"659","title":"Легковые автомобили","url":"transport/cars"}},"type":"standard","views_counter":22,"autorepublisher":{"enabled":false,"schedule":null},"posted":"2025-04-24T18:02:52+03:00","republished":"2025-04-29T09:48:48+03:00","expire":"2025-05-29T09:48:48+03:00","block_reasons":null,"location":{"location_region":"Кишинёв мун.","location_location":"","location_sector":"","location_street":"","location_building":""},"images":{"id":14,"value":["fc335f5c39f00daed58a834bb75710ea.jpg","0ab294abfecbef0483a6e6a8ebe7efa2.jpg","b5a6e221318d673712e4b5880847ad5b.jpg","5593210b119d1a612caadf6ba4f49403.jpg","bb5a3cdb19f0e766192fd416f66819ab.jpg","07a20e17ed62a36b866e9083f1b653e1.jpg","b759aab7effbbda22476d439b85974cf.jpg","6349fcbcbab2b4e32b5110b965dfb67f.jpg","6b4b265040295ebddceb7fa75a14dd29.jpg","cc5f4d471921a6fe8a530a99ba3ca4de.jpg","3662d502a8802985aca072cb3abb199a.jpg","e526f987991396585f136bafc6830791.jpg","0be2233fab1e7014db5f8731a70e128c.jpg","38df9189fb939ef91f79e9d534e75cd1.jpg","cece09e35be6f44150b5bd4c33edec09.jpg","8b0294c1b8be6c3323f3c424e815a771.jpg","fe6fa598edc0a72a6c0a34307a2d8d13.jpg","186e901b9fe6947a7cac8d70ac4b6275.jpg"],"unit":null},"videos":null,"contacts":{"id":16,"value":{"without_number":false,"phone_numbers":["37379500425"]},"unit":null},"delivery":null}
[2025-04-30 23:01:31] {"id":"100828359","title":"Ford Mondeo","offer_type":776,"price":{"id":2,"value":9799,"unit":"eur"},"state":"public","categories":{"category":{"id":"658","title":"Транспорт","url":"transport"},"subcategory":{"id":"659","title":"Легковые автомобили","url":"transport/cars"}},"type":"standard","views_counter":19,"autorepublisher":{"enabled":false,"schedule":null},"posted":"2025-04-24T17:37:42+03:00","republished":"2025-04-30T12:15:13+03:00","expire":"2025-05-30T12:15:13+03:00","block_reasons":null,"location":{"location_region":"Кишинёв мун.","location_location":"","location_sector":"","location_street":"","location_building":""},"images":{"id":14,"value":["5f6bb0b49b5732ce4f0a6bf885cd68e3.jpg","9d6ed6e9c123cae5faf760a8c9454c2c.jpg","b07d78708497b1f9f710fa661d0bae8d.jpg","acf9191403b4af4ffe583c4e4136f4ce.jpg","d6339401190ba11feffb2a9998680054.jpg","4728899c6bd1efeee99156449b5c2cb6.jpg","f9e8db3764b1aa26a5481838e8f08cfb.jpg","3ab413c15a5ba5ed64150b4a8b98d4b0.jpg","20ed23b2fafa64a422c458417fb9d635.jpg","57f39251dd82c86b881443a2eec640e1.jpg","89300acd19e60ede96a19036f76118dc.jpg","d6c63901bc099d2a64ff0cbd342b0c43.jpg","956d67898ee56b248ae4cc47f03e8dfb.jpg","bca3ff8d5e2fb177f6a02b2bcfc0aff5.jpg","97c0fa41e739807d7e49d0d88018ac8a.jpg","a24920e896cff893d0810c8f29fc5b8f.jpg"],"unit":null},"videos":null,"contacts":{"id":16,"value":{"without_number":false,"phone_numbers":["37379500425"]},"unit":null},"delivery":null}
[2025-04-30 23:01:31] {"id":"100821865","title":"Audi SQ5","offer_type":776,"price":{"id":2,"value":35500,"unit":"eur"},"state":"public","categories":{"category":{"id":"658","title":"Транспорт","url":"transport"},"subcategory":{"id":"659","title":"Легковые автомобили","url":"transport/cars"}},"type":"standard","views_counter":15,"autorepublisher":{"enabled":false,"schedule":null},"posted":"2025-04-24T09:45:37+03:00","republished":"2025-04-29T13:21:08+03:00","expire":"2025-05-29T13:21:08+03:00","block_reasons":null,"location":{"location_region":"Кишинёв мун.","location_location":"","location_sector":"","location_street":"","location_building":""},"images":{"id":14,"value":["5a954dc238ff47c97a0f3374264def17.jpg","a037fb7c0b1d2e812d820e2a67502093.jpg","9e506328b28b03663d239889d2fa1520.jpg","b878f5d8d87b92ff9de749c822b09075.jpg","3a58ab64d2a9c15a20ca86b40cfc838d.jpg","42cb55d9a8787b010ae73678ba136193.jpg","5772e619161afe642ce09b1291db8cc6.jpg","1a472b4ac0313c552ab27052c11cf646.jpg","dd5bf538a02f61043d7a73e5a459c7ec.jpg","b1d2ea0d2e9753e5b2ce074c565cbe99.jpg","1d86590b294bc2af6ada8b544391a459.jpg","d03434d0316ac4d3e2c4dc158061f75d.jpg","e501f69ad9a59c4d7657a1feadbb7471.jpg","af46f9a2cd8266f89e3a4c55af39010f.jpg"],"unit":null},"videos":null,"contacts":{"id":16,"value":{"without_number":false,"phone_numbers":["37379500425"]},"unit":null},"delivery":null}
[2025-04-30 23:01:31] {"id":"100819412","title":"Volkswagen Passat","offer_type":776,"price":{"id":2,"value":13999,"unit":"eur"},"state":"public","categories":{"category":{"id":"658","title":"Транспорт","url":"transport"},"subcategory":{"id":"659","title":"Легковые автомобили","url":"transport/cars"}},"type":"standard","views_counter":40,"autorepublisher":{"enabled":false,"schedule":null},"posted":"2025-04-23T21:35:20+03:00","republished":"2025-04-30T12:55:08+03:00","expire":"2025-05-30T12:55:08+03:00","block_reasons":null,"location":{"location_region":"Кишинёв мун.","location_location":"","location_sector":"","location_street":"","location_building":""},"images":{"id":14,"value":["74bad943a86473bc4981c42b77f5ad37.jpg","7cf39fdff353e8dc54dd46da8ed44616.jpg","2e55219a0c6b3d6a92b194701b9a357b.jpg","691c44090f1c23c3feae75965369ca14.jpg","29c889ad02588194e3657a3af57a9396.jpg","17f11a7bcc3f00450eadd89eea07d683.jpg","79bda3dd481d6c45a41f3d999e6c3d82.jpg","a2cb487e79d9db94bb91b113ea410371.jpg","330af3a698777c37f603e92c6c6eb72d.jpg","a98ff39dea4c7d27f643d94e61a5789e.jpg","30c2dc5936ceb2cbc303b49a46c34778.jpg","34990b6b7acf30b3f3565d57521b9c47.jpg","19684be3f34934e7945c792dfc8a0d07.jpg","62a522bb48d339c434f8a927286d533c.jpg","63102477f8ca29901778219cd8d8c860.jpg","b1e0a4391adf5bdbfaf6b0d62e7944c2.jpg","62197311b5707d83e82f15b9c1e4e02b.jpg","76926cb9e6bd219521612a4325033af8.jpg","967bf88a442cb882ad166ced0f0ca5b3.jpg"],"unit":null},"videos":null,"contacts":{"id":16,"value":{"without_number":false,"phone_numbers":["37379500425"]},"unit":null},"delivery":null}
[2025-04-30 23:01:31] {"id":"100821922","title":"Volkswagen Crafter","offer_type":776,"price":{"id":2,"value":11900,"unit":"eur"},"state":"public","categories":{"category":{"id":"658","title":"Транспорт","url":"transport"},"subcategory":{"id":"662","title":"Грузовые автомобили","url":"transport/trucks"}},"type":"standard","views_counter":30,"autorepublisher":{"enabled":false,"schedule":null},"posted":"2025-04-24T09:49:32+03:00","republished":"2025-04-30T12:15:10+03:00","expire":"2025-05-30T12:15:10+03:00","block_reasons":null,"location":{"location_region":"Кишинёв мун.","location_location":"","location_sector":"","location_street":"","location_building":""},"images":{"id":14,"value":["53e323b1d5b8ec4ec5baabf58b4d34d1.jpg","25525d7b8eb1cd58a998e820c33717b6.jpg","31a4b037775b9acbde983a10e6d5f372.jpg","f60493db07b9001cd4e4d24a973ebeb0.jpg","83ea9fd79fb25f4a666f88a47afdf899.jpg","71f4f2273f8058a95ae4eb35b8255f70.jpg","adb7d82b524ca41cafbd6a669c7413bf.jpg","1d204d36ecf60e816ec4e04b3ffac2fb.jpg","66ec651f43dd030c47d5f07430a6c171.jpg","5f89c29fbd540b30ddff749dcc94adea.jpg","05a9d08dc9f6d5b1eb5c504322a976d6.jpg","ffec1be46e5356e6123142f91f7c006a.jpg","fa9b8db3d6c6f846271954d4ca958a28.jpg"],"unit":null},"videos":null,"contacts":{"id":16,"value":{"without_number":false,"phone_numbers":["37379954375"]},"unit":null},"delivery":null}
[2025-04-30 23:01:32] {"id":"100777281","title":"Volvo XC60","offer_type":776,"price":{"id":2,"value":25700,"unit":"eur"},"state":"public","categories":{"category":{"id":"658","title":"Транспорт","url":"transport"},"subcategory":{"id":"659","title":"Легковые автомобили","url":"transport/cars"}},"type":"standard","views_counter":56,"autorepublisher":{"enabled":false,"schedule":null},"posted":"2025-04-18T22:51:21+03:00","republished":"2025-04-30T20:45:01+03:00","expire":"2025-05-30T20:45:01+03:00","block_reasons":null,"location":{"location_region":"Кишинёв мун.","location_location":"","location_sector":"","location_street":"","location_building":""},"images":{"id":14,"value":["a9c2e797fcb3814b49ac4036eb2829ea.jpg","531de54e1b067e952341f4e817c2222e.jpg","d47349415f29767b79bd38215459893b.jpg","3660ddb62402d7fb3e65c89a2d45c605.jpg","bfdd25e39aac6c61fd63ed8d5d3eb1d3.jpg","7bebac790c1cb04dc85c2c2adbf070db.jpg","5c2b796f3de180641b922395cd6c351f.jpg","881f6d8e115945784193af3715a6e0f0.jpg","cc3e3bd37a06b87e444a33153f216892.jpg","c32936a590fad1eb1adb7fffebf375eb.jpg","da03f1dd64b73bec475d3aa40cefbd47.jpg","694bdb6bb4a28d46825ad1725a5e0a80.jpg","8262b20306c203502103cc93fd62e2d9.jpg","6d09312794d600637ac348a12b10b3a1.jpg","1b7a148d68290ac3ed26110dc7d6e2a6.jpg","7e49f56cf170d850cc8b730b1be455f1.jpg","116540daecd2f895c6c57e2018afceed.jpg","3d5b63b1709e0b8b31ac9a7d207aa94a.jpg","a868b3583e49c4deeae2ac510e185d51.jpg"],"unit":null},"videos":null,"contacts":{"id":16,"value":{"without_number":false,"phone_numbers":["37379500425"]},"unit":null},"delivery":null}
[2025-04-30 23:01:32] <html>
<head><title>429 Too Many Requests</title></head>
<body>
<center><h1>429 Too Many Requests</h1></center>
<hr><center>nginx</center>
</body>
</html>

[2025-04-30 23:01:32] <html>
<head><title>429 Too Many Requests</title></head>
<body>
<center><h1>429 Too Many Requests</h1></center>
<hr><center>nginx</center>
</body>
</html>

[2025-04-30 23:01:32] {"id":"100777345","title":"BMW 2 Series","offer_type":776,"price":{"id":2,"value":14999,"unit":"eur"},"state":"public","categories":{"category":{"id":"658","title":"Транспорт","url":"transport"},"subcategory":{"id":"659","title":"Легковые автомобили","url":"transport/cars"}},"type":"standard","views_counter":22,"autorepublisher":{"enabled":false,"schedule":null},"posted":"2025-04-18T23:01:57+03:00","republished":"2025-04-30T12:55:07+03:00","expire":"2025-05-30T12:55:07+03:00","block_reasons":null,"location":{"location_region":"Кишинёв мун.","location_location":"","location_sector":"","location_street":"","location_building":""},"images":{"id":14,"value":["2c240adbcea259ac6fc4240ac8b32b56.jpg","b88fdc6e5d091c271cb0efb734aba389.jpg","a83897d67df1f44975990317d1e10e5f.jpg","5784aadc1e9ce3a67685ff99ef6b67fe.jpg","721245c6da4a78c995818520f4719575.jpg","5e31bf503db05ae83bedbf9d8c38e90a.jpg","6f4b03a4007b36de3e82d746c55bae7e.jpg","6e5206eb405ec1a8c69f13e08af3fd17.jpg","a21d2b0945900fdeac08aedc74c46a0f.jpg","e986d0089b14da8005afc1d18aae394b.jpg","4b0e4b3bd7dca15f5911dd0be6e47f0d.jpg","604613ef3c6adcff7b69c97e92b04400.jpg","7494c03e88eb3097c1640c8e690f9987.jpg","fdfec01f52f09f4c161d7d39ae6573cb.jpg","1ec47abf471bbc7cdabf3611dc220ea1.jpg","ddd3330cb2655c4f1041e7d2c7917e84.jpg","6a70238ab18603cf229951984c0e38d6.jpg","a9deda676835e61a299545d7c3c93e4c.jpg","4da5e7183ebedf0c0ab40fdbdbbc836c.jpg"],"unit":null},"videos":null,"contacts":{"id":16,"value":{"without_number":false,"phone_numbers":["37379500425"]},"unit":null},"delivery":null}
[2025-04-30 23:01:32] <html>
<head><title>429 Too Many Requests</title></head>
<body>
<center><h1>429 Too Many Requests</h1></center>
<hr><center>nginx</center>
</body>
</html>

[2025-04-30 23:01:32] <html>
<head><title>429 Too Many Requests</title></head>
<body>
<center><h1>429 Too Many Requests</h1></center>
<hr><center>nginx</center>
</body>
</html>

[2025-04-30 23:01:32] <html>
<head><title>429 Too Many Requests</title></head>
<body>
<center><h1>429 Too Many Requests</h1></center>
<hr><center>nginx</center>
</body>
</html>

[2025-04-30 23:01:32] <html>
<head><title>429 Too Many Requests</title></head>
<body>
<center><h1>429 Too Many Requests</h1></center>
<hr><center>nginx</center>
</body>
</html>

[2025-04-30 23:01:32] <html>
<head><title>429 Too Many Requests</title></head>
<body>
<center><h1>429 Too Many Requests</h1></center>
<hr><center>nginx</center>
</body>
</html>

[2025-04-30 23:01:32] {"id":"100777381","title":"Renault Scenic","offer_type":776,"price":{"id":2,"value":8500,"unit":"eur"},"state":"public","categories":{"category":{"id":"658","title":"Транспорт","url":"transport"},"subcategory":{"id":"659","title":"Легковые автомобили","url":"transport/cars"}},"type":"standard","views_counter":53,"autorepublisher":{"enabled":false,"schedule":null},"posted":"2025-04-18T23:08:34+03:00","republished":"2025-04-30T12:55:08+03:00","expire":"2025-05-30T12:55:08+03:00","block_reasons":null,"location":{"location_region":"Кишинёв мун.","location_location":"","location_sector":"","location_street":"","location_building":""},"images":{"id":14,"value":["e54d5a7bd81da5d921a353d5cc7905a0.jpg","2279e6d13de297adaf36dc99d2c48761.jpg","342fb593e44a19ab99af728170be16c1.jpg","51491bd51dd1ebf19b93213c1938bf23.jpg","30bf22da5d52270fa34cb13e27b902af.jpg","5950878bd6a0caa0aed184a8a9914a88.jpg","3edf7c3b4e3d034aee92cfb8cdc40c7f.jpg","f21e4142a45a583fea16e3f6683948f9.jpg","ba7e270e479bb4893f8a4cc930fbbfc7.jpg","01015e23d1bab974a086550ef484a0d1.jpg","8690efce8dbfe7501a594f76d60eeff0.jpg","a0b4f27a7b479454ff66f0c1be0153ee.jpg","148a67f579090e9f40ab4c60719e3ff6.jpg","6e1f40a5c43da8b0e969b70a656dd279.jpg","339603448c97aa377b5b0816a32cb1ef.jpg","6031bbc791474281acc784bead9dba3f.jpg","04d886a88cec749ed5d768ae42475d2b.jpg","aacf4655f9e5ade4049e0b239627a973.jpg","52db4d448b080f247f8f38b439c04ffe.jpg"],"unit":null},"videos":null,"contacts":{"id":16,"value":{"without_number":false,"phone_numbers":["37379500425"]},"unit":null},"delivery":null}
[2025-04-30 23:01:32] <html>
<head><title>429 Too Many Requests</title></head>
<body>
<center><h1>429 Too Many Requests</h1></center>
<hr><center>nginx</center>
</body>
</html>

[2025-04-30 23:01:32] <html>
<head><title>429 Too Many Requests</title></head>
<body>
<center><h1>429 Too Many Requests</h1></center>
<hr><center>nginx</center>
</body>
</html>

[2025-04-30 23:01:32] <html>
<head><title>429 Too Many Requests</title></head>
<body>
<center><h1>429 Too Many Requests</h1></center>
<hr><center>nginx</center>
</body>
</html>

[2025-04-30 23:01:32] <html>
<head><title>429 Too Many Requests</title></head>
<body>
<center><h1>429 Too Many Requests</h1></center>
<hr><center>nginx</center>
</body>
</html>

[2025-04-30 23:01:32] <html>
<head><title>429 Too Many Requests</title></head>
<body>
<center><h1>429 Too Many Requests</h1></center>
<hr><center>nginx</center>
</body>
</html>

[2025-04-30 23:01:32] <html>
<head><title>429 Too Many Requests</title></head>
<body>
<center><h1>429 Too Many Requests</h1></center>
<hr><center>nginx</center>
</body>
</html>

[2025-04-30 23:01:32] {"id":"100619851","title":"Skoda Fabia","offer_type":776,"price":{"id":2,"value":7999,"unit":"eur"},"state":"public","categories":{"category":{"id":"658","title":"Транспорт","url":"transport"},"subcategory":{"id":"659","title":"Легковые автомобили","url":"transport/cars"}},"type":"standard","views_counter":50,"autorepublisher":{"enabled":false,"schedule":null},"posted":"2025-04-04T11:34:47+03:00","republished":"2025-04-30T12:40:03+03:00","expire":"2025-05-30T12:40:03+03:00","block_reasons":null,"location":{"location_region":"Кишинёв мун.","location_location":"","location_sector":"","location_street":"","location_building":""},"images":{"id":14,"value":["5dc5b1a34a707ef151eccda4d7ad10ac.jpg","63a62105d9c094a308431c9b23719321.jpg","151d0673fbae9765d7f15185b5a8e92b.jpg","dfc670e7847b196b3737d5727bce7415.jpg","5db43a92d8319ddbc2d9e48632b37e1e.jpg","d0193b807ed4643843cee606c296ac2a.jpg","ec267dd86184b6e5c68967b6844d76a1.jpg","9d1af7d8703fefd940f23dae19131e86.jpg","14716c4f7ed709f0b5cc0daff45bd47b.jpg","f6755606d10d581080b65b533f2e477d.jpg","1e71eda12be6fe92a4cb7ee8571cdacc.jpg","6d09424718f388da94eb8097138519c6.jpg","201cd83b0e04b531e2de2dc099b200c3.jpg","92b01ddd61efa9e531dfa50f4f99d224.jpg","9255c850436151bb5f63b69e12f89084.jpg","d1dd34b82408d2c76e4ef399a527822b.jpg","fef2cb0a3ae834c6a52372927bbd579d.jpg","e02f73076411cf67d22e195518728938.jpg","e159d11d6b1f015302abc3cfb3609ebb.jpg","f5519adc353dea9e087c841854ada559.jpg"],"unit":null},"videos":null,"contacts":{"id":16,"value":{"without_number":false,"phone_numbers":["37379500425"]},"unit":null},"delivery":null}
[2025-04-30 23:01:32] <html>
<head><title>429 Too Many Requests</title></head>
<body>
<center><h1>429 Too Many Requests</h1></center>
<hr><center>nginx</center>
</body>
</html>

[2025-04-30 23:01:32] <html>
<head><title>429 Too Many Requests</title></head>
<body>
<center><h1>429 Too Many Requests</h1></center>
<hr><center>nginx</center>
</body>
</html>

[2025-04-30 23:01:32] <html>
<head><title>429 Too Many Requests</title></head>
<body>
<center><h1>429 Too Many Requests</h1></center>
<hr><center>nginx</center>
</body>
</html>

[2025-04-30 23:01:32] <html>
<head><title>429 Too Many Requests</title></head>
<body>
<center><h1>429 Too Many Requests</h1></center>
<hr><center>nginx</center>
</body>
</html>

[2025-04-30 23:01:32] <html>
<head><title>429 Too Many Requests</title></head>
<body>
<center><h1>429 Too Many Requests</h1></center>
<hr><center>nginx</center>
</body>
</html>

[2025-04-30 23:01:32] {"id":"100557131","title":"Ford Focus","offer_type":776,"price":{"id":2,"value":8900,"unit":"eur"},"state":"public","categories":{"category":{"id":"658","title":"Транспорт","url":"transport"},"subcategory":{"id":"659","title":"Легковые автомобили","url":"transport/cars"}},"type":"standard","views_counter":144,"autorepublisher":{"enabled":false,"schedule":null},"posted":"2025-03-29T15:31:38+02:00","republished":"2025-04-30T12:55:03+03:00","expire":"2025-05-30T12:55:03+03:00","block_reasons":null,"location":{"location_region":"Кишинёв мун.","location_location":"","location_sector":"","location_street":"","location_building":""},"images":{"id":14,"value":["70bef8b8020e53d2c67136d1f8a94882.jpg","d0e6b7aa8c687baf34bb51faa052a0ba.jpg","366f43c5ffd70b8b6ffb98bf5fb044fd.jpg","0741e705489b3c37cd721962c4666f61.jpg","49ddc20c1ba75414c0b9891afa6fa8bb.jpg","9dd2f60b163bee781dab489e4b7560c9.jpg","4825312db7daa4f2240ce82ae694eeef.jpg","727b5d54ad745a559a4488067761adf2.jpg","b2b3db51efbaa96665ee2bac97528eec.jpg","a5853fa05c78e12420efe8a04379ecb2.jpg","e4bb4d3e2aa70fe183d20d75401de0a7.jpg","81355f99d0d625f3001bd65c105bef70.jpg","d1cf11ad0d035c69144dfd0a9129f14c.jpg","415fc15777f083c9192ebd36efd89eed.jpg","72ea13ad1ae9f8bf50cf826e95d4963a.jpg","bec701c21709170c9b6014c6538d3ca8.jpg","008102cc3d8efe4dbed08dfc3f226dd1.jpg","1f4318da3e5be494796928f5dcd37bbf.jpg","3072a48bf9e26b253d0dbc02bbbbea6d.jpg"],"unit":null},"videos":null,"contacts":{"id":16,"value":{"without_number":false,"phone_numbers":["37379500645"]},"unit":null},"delivery":null}
[2025-04-30 23:01:32] <html>
<head><title>429 Too Many Requests</title></head>
<body>
<center><h1>429 Too Many Requests</h1></center>
<hr><center>nginx</center>
</body>
</html>

[2025-04-30 23:01:32] <html>
<head><title>429 Too Many Requests</title></head>
<body>
<center><h1>429 Too Many Requests</h1></center>
<hr><center>nginx</center>
</body>
</html>

[2025-04-30 23:01:32] <html>
<head><title>429 Too Many Requests</title></head>
<body>
<center><h1>429 Too Many Requests</h1></center>
<hr><center>nginx</center>
</body>
</html>

[2025-04-30 23:01:32] <html>
<head><title>429 Too Many Requests</title></head>
<body>
<center><h1>429 Too Many Requests</h1></center>
<hr><center>nginx</center>
</body>
</html>

[2025-04-30 23:01:32] {"id":"100521311","title":"Volvo XC60","offer_type":776,"price":{"id":2,"value":25500,"unit":"eur"},"state":"public","categories":{"category":{"id":"658","title":"Транспорт","url":"transport"},"subcategory":{"id":"659","title":"Легковые автомобили","url":"transport/cars"}},"type":"standard","views_counter":97,"autorepublisher":{"enabled":false,"schedule":null},"posted":"2025-03-26T11:20:48+02:00","republished":"2025-04-29T20:16:25+03:00","expire":"2025-05-29T20:16:25+03:00","block_reasons":null,"location":{"location_region":"Кишинёв мун.","location_location":"","location_sector":"","location_street":"","location_building":""},"images":{"id":14,"value":["ef5721c0834b5310da7438761d62a327.jpg","f93ebbedec281bfec98642a9a72672c8.jpg","1bb11e1eade97f15ca236608236fefc5.jpg","6824829ab931efa098e716c11f8827d6.jpg","bba7be286e0866c3dca411c438bc2408.jpg","4b105ead7c05f1f169f9e7c710604160.jpg","d511ba1142a1de961d3fa8cb7c293e9c.jpg","17a8974aaa97fe28930cf5674227ddbd.jpg","058a39f4c9dd2407da8df373d08f139c.jpg","ded73f1164ef4cc75bef29e996a74bd1.jpg","5db87ffcb6bf5b2c11b30990b810c567.jpg","230d0c67ee78a8a9f7d906058e4707eb.jpg","e55f15c49c0bf4b6dc6d4f39e29cb529.jpg","e0e8a8de192ccb9d35b537d66da43ed4.jpg","64cd43ebc0417f411b6ac6d376e0b066.jpg","f35f5cb5855464b34015d10f73f75d36.jpg","b0a4cff25e8716c225dc880b9505b92e.jpg"],"unit":null},"videos":null,"contacts":{"id":16,"value":{"without_number":false,"phone_numbers":["37379500425"]},"unit":null},"delivery":null}
[2025-04-30 23:01:32] <html>
<head><title>429 Too Many Requests</title></head>
<body>
<center><h1>429 Too Many Requests</h1></center>
<hr><center>nginx</center>
</body>
</html>

[2025-04-30 23:01:33] <html>
<head><title>429 Too Many Requests</title></head>
<body>
<center><h1>429 Too Many Requests</h1></center>
<hr><center>nginx</center>
</body>
</html>

[2025-04-30 23:01:33] <html>
<head><title>429 Too Many Requests</title></head>
<body>
<center><h1>429 Too Many Requests</h1></center>
<hr><center>nginx</center>
</body>
</html>

[2025-04-30 23:01:33] <html>
<head><title>429 Too Many Requests</title></head>
<body>
<center><h1>429 Too Many Requests</h1></center>
<hr><center>nginx</center>
</body>
</html>

[2025-04-30 23:01:33] {"id":"100442561","title":"Toyota Verso","offer_type":776,"price":{"id":2,"value":8399,"unit":"eur"},"state":"public","categories":{"category":{"id":"658","title":"Транспорт","url":"transport"},"subcategory":{"id":"659","title":"Легковые автомобили","url":"transport/cars"}},"type":"standard","views_counter":431,"autorepublisher":{"enabled":false,"schedule":null},"posted":"2025-03-19T10:20:17+02:00","republished":"2025-04-30T12:40:02+03:00","expire":"2025-05-30T12:40:02+03:00","block_reasons":null,"location":{"location_region":"Кишинёв мун.","location_location":"","location_sector":"","location_street":"","location_building":""},"images":{"id":14,"value":["1a25cad192a598b648e7d7d4520a1c23.jpg","44677e866108d6ddc08f5484cec39723.jpg","20a5d73382bb54c1f58994079fe0b010.jpg","4ab365419dd493d7cb6cee91c933b75a.jpg","921930708bb36a5ec2ebb6fee15402b0.jpg","8ccefe63b90011aa82ad4875bc013d6b.jpg","3b40f1c501c814e58ac41c2f494a4862.jpg","97dcd7a6b0a847057e1e1324d4759cbd.jpg","e3e07c025a60184ab9348cc5c71e7c25.jpg","74b0984becf92ab7cc29c372e5bf6382.jpg","610725a4984af18f6b98c96f8c865e7a.jpg","2a3f591f365b7a6f275bf4073f8926de.jpg","0387c2e0a1d6ec7aeb42bc6c983561f5.jpg","aa9e2009ef94ab66c2b252633d4c2132.jpg"],"unit":null},"videos":null,"contacts":{"id":16,"value":{"without_number":false,"phone_numbers":["37379500425"]},"unit":null},"delivery":null}
[2025-04-30 23:01:33] <html>
<head><title>429 Too Many Requests</title></head>
<body>
<center><h1>429 Too Many Requests</h1></center>
<hr><center>nginx</center>
</body>
</html>

[2025-04-30 23:01:33] <html>
<head><title>429 Too Many Requests</title></head>
<body>
<center><h1>429 Too Many Requests</h1></center>
<hr><center>nginx</center>
</body>
</html>

[2025-04-30 23:01:33] <html>
<head><title>429 Too Many Requests</title></head>
<body>
<center><h1>429 Too Many Requests</h1></center>
<hr><center>nginx</center>
</body>
</html>

[2025-04-30 23:01:33] {"id":"100369488","title":"Peugeot 5008","offer_type":776,"price":{"id":2,"value":16900,"unit":"eur"},"state":"public","categories":{"category":{"id":"658","title":"Транспорт","url":"transport"},"subcategory":{"id":"659","title":"Легковые автомобили","url":"transport/cars"}},"type":"standard","views_counter":14538,"autorepublisher":{"enabled":false,"schedule":null},"posted":"2025-03-13T09:49:11+02:00","republished":"2025-04-28T07:05:06+03:00","expire":"2025-05-28T07:05:06+03:00","block_reasons":null,"location":{"location_region":"Кишинёв мун.","location_location":"","location_sector":"","location_street":"","location_building":""},"images":{"id":14,"value":["b7e1f95486b247a0a1b3dd957bda1770.jpg","e34df94619fd0c132f6ab16c59c77e9a.jpg","94d7aa2e95d50ef8e62db66c3b63bb9d.jpg","72048036a75f06585749d9edbf0e5c94.jpg","37ac773763bf388a2138ffa6eadef33f.jpg","f30d6a13389c9d5478f7a0580dec75b9.jpg","adf7af6647b419d9a34401137769ea0b.jpg","8530bc357319bf131d6ad066e9d7f64c.jpg","40a0a013790bb4131176b40500f9c133.jpg","990fecb0df82d6ed32be21a62cf612e1.jpg","966d2aa371d6d878e1f402a6a109e3c5.jpg","d4a25a83f266a75b644968aaf82b5472.jpg","cef45bdcdcaa6d55359a2299865e201f.jpg","d583021d4a3587a889147c651329b249.jpg"],"unit":null},"videos":null,"contacts":{"id":16,"value":{"without_number":false,"phone_numbers":["37379500425"]},"unit":null},"delivery":null}
[2025-04-30 23:01:33] <html>
<head><title>429 Too Many Requests</title></head>
<body>
<center><h1>429 Too Many Requests</h1></center>
<hr><center>nginx</center>
</body>
</html>

[2025-04-30 23:01:33] <html>
<head><title>429 Too Many Requests</title></head>
<body>
<center><h1>429 Too Many Requests</h1></center>
<hr><center>nginx</center>
</body>
</html>

[2025-04-30 23:01:33] <html>
<head><title>429 Too Many Requests</title></head>
<body>
<center><h1>429 Too Many Requests</h1></center>
<hr><center>nginx</center>
</body>
</html>

[2025-04-30 23:01:33] <html>
<head><title>429 Too Many Requests</title></head>
<body>
<center><h1>429 Too Many Requests</h1></center>
<hr><center>nginx</center>
</body>
</html>

[2025-04-30 23:01:33] {"id":"100344075","title":"Honda Jazz","offer_type":776,"price":{"id":2,"value":10499,"unit":"eur"},"state":"public","categories":{"category":{"id":"658","title":"Транспорт","url":"transport"},"subcategory":{"id":"659","title":"Легковые автомобили","url":"transport/cars"}},"type":"standard","views_counter":18792,"autorepublisher":{"enabled":false,"schedule":null},"posted":"2025-03-11T09:41:48+02:00","republished":"2025-04-29T13:21:05+03:00","expire":"2025-05-29T13:21:05+03:00","block_reasons":null,"location":{"location_region":"Кишинёв мун.","location_location":"","location_sector":"","location_street":"","location_building":""},"images":{"id":14,"value":["ad874e4f79f459b18399c197513688e1.jpg","601b0f4facc3844bf2a2f4475fe04bce.jpg","0ad7720c6a0262d7e41ec57479e59196.jpg","c2dd15f48c52c625bff811862d2a30d5.jpg","306e1f41e1eeb103987f619e59f1d5c6.jpg","13e409fcea4b75486c461950c6714835.jpg","4db4c9693effb32051dd620325878b14.jpg","9749705e246516450e5504d1786996ab.jpg","250e5cd1ed11710743a5e4114b256b23.jpg","c81388b91b92834153ec73471416ec40.jpg","e75bdaff37a006db544163bf2508c8a9.jpg","420e1488f5413e953f290b1cc1770999.jpg","92097e6f364a1d36909c8d8f0036d849.jpg","278867a00d8d280175d0f985b79a1fa7.jpg","1c0c6817771fd58c54e0378688f05a07.jpg","4fa5cdf341e68c51e1a799b8dc9e4305.jpg","b7cbf29599bc10f0abeec62432601541.jpg","635633f676d0c54c2ecc711dfd29600b.jpg"],"unit":null},"videos":null,"contacts":{"id":16,"value":{"without_number":false,"phone_numbers":["37379500425"]},"unit":null},"delivery":null}
[2025-04-30 23:01:33] <html>
<head><title>429 Too Many Requests</title></head>
<body>
<center><h1>429 Too Many Requests</h1></center>
<hr><center>nginx</center>
</body>
</html>

[2025-04-30 23:01:33] <html>
<head><title>429 Too Many Requests</title></head>
<body>
<center><h1>429 Too Many Requests</h1></center>
<hr><center>nginx</center>
</body>
</html>

[2025-04-30 23:01:33] <html>
<head><title>429 Too Many Requests</title></head>
<body>
<center><h1>429 Too Many Requests</h1></center>
<hr><center>nginx</center>
</body>
</html>

[2025-04-30 23:01:33] <html>
<head><title>429 Too Many Requests</title></head>
<body>
<center><h1>429 Too Many Requests</h1></center>
<hr><center>nginx</center>
</body>
</html>

[2025-04-30 23:01:33] {"id":"100297774","title":"Hyundai Tucson","offer_type":776,"price":{"id":2,"value":17895,"unit":"eur"},"state":"public","categories":{"category":{"id":"658","title":"Транспорт","url":"transport"},"subcategory":{"id":"659","title":"Легковые автомобили","url":"transport/cars"}},"type":"standard","views_counter":280,"autorepublisher":{"enabled":false,"schedule":null},"posted":"2025-03-06T20:53:31+02:00","republished":"2025-04-28T07:45:05+03:00","expire":"2025-05-28T07:45:05+03:00","block_reasons":null,"location":{"location_region":"Кишинёв мун.","location_location":"","location_sector":"","location_street":"","location_building":""},"images":{"id":14,"value":["c01912c41dbbef60b4a0c9e4a8360de5.jpg","f05993615120ba94f736286737b34af1.jpg","aacda58e9274e7ad129e3b1d725e917d.jpg","d5ac67df7df09befd9b53b7439d94fa9.jpg","3606755b052468cf36590451155495f4.jpg","b12196dbc70c1e9bb70dd698846414a9.jpg","3101e2bb457572ba107f768b7d42923e.jpg","1e5269b302f4dffb42883edd726378dd.jpg","907751e7280c9def83c19a1c2cb4e399.jpg","1f4e74e0d73ffe19efec250382fd7d6e.jpg","276cf5e1c1062f89d760a88a969656be.jpg","ce7ff09cd451b4a74f071238a5b12b9a.jpg","1c32a4940af377dc79b4f5a2d34b88c1.jpg","06d66a988437db02f6f2a215771318e6.jpg","b153cfd6b544af2538d581dd5713bbc3.jpg","9cda363602e17bd6f8bfad00eb4a75bb.jpg","33c8c17222a9c30e050223450a387108.jpg","ac16098112889cd68d6e33626f4dda28.jpg","49626fe36f89911799c605bd1327f7d7.jpg","ee8a0346e6e040fdf9760f809faf1460.jpg"],"unit":null},"videos":null,"contacts":{"id":16,"value":{"without_number":false,"phone_numbers":["37379500425"]},"unit":null},"delivery":null}
[2025-04-30 23:01:33] <html>
<head><title>429 Too Many Requests</title></head>
<body>
<center><h1>429 Too Many Requests</h1></center>
<hr><center>nginx</center>
</body>
</html>

[2025-04-30 23:01:33] <html>
<head><title>429 Too Many Requests</title></head>
<body>
<center><h1>429 Too Many Requests</h1></center>
<hr><center>nginx</center>
</body>
</html>

[2025-04-30 23:01:33] <html>
<head><title>429 Too Many Requests</title></head>
<body>
<center><h1>429 Too Many Requests</h1></center>
<hr><center>nginx</center>
</body>
</html>

[2025-04-30 23:01:33] <html>
<head><title>429 Too Many Requests</title></head>
<body>
<center><h1>429 Too Many Requests</h1></center>
<hr><center>nginx</center>
</body>
</html>

[2025-04-30 23:01:33] <html>
<head><title>429 Too Many Requests</title></head>
<body>
<center><h1>429 Too Many Requests</h1></center>
<hr><center>nginx</center>
</body>
</html>

[2025-04-30 23:01:33] {"id":"100427917","title":"Skoda Karoq","offer_type":776,"price":{"id":2,"value":22505,"unit":"eur"},"state":"removed","categories":{"category":{"id":"658","title":"Транспорт","url":"transport"},"subcategory":{"id":"659","title":"Легковые автомобили","url":"transport/cars"}},"type":"standard","views_counter":209,"autorepublisher":{"enabled":false,"schedule":null},"posted":"2025-03-17T22:02:04+02:00","republished":"2025-04-16T12:23:08+03:00","expire":"2025-05-16T12:23:08+03:00","block_reasons":null,"location":{"location_region":"Кишинёв мун.","location_location":"","location_sector":"","location_street":"","location_building":""},"images":{"id":14,"value":["a9b718d9915863389cc8a28ab77ec93e.jpg","feb54548a707cdbd8b9026b35647d469.jpg","31867aa9ca1c880c184410ae9fbe780e.jpg","296fc6dee27d9ce43d3a76d93d0ac341.jpg","936ddba9f417d13727bae7e84fe3d418.jpg","e527e0cca53c0244ba03aa8bdc61fb4c.jpg","77869483090c908335b43abc5cf00654.jpg","59ca640ce37aa65887705c85fd68672e.jpg","4031c55e4f429504f84ad8d4b6335a1d.jpg","36ddbfac49959a10ae77f42353fbf0b8.jpg","ce45d884e42896ff87813371d53691ec.jpg","82cd02023b84b384be3fd92afd66f8d5.jpg","53f4b08b9caf7d1f5c0e15202d51b7de.jpg","e04931d44c27bd9f94e0f30d4e3b17eb.jpg","12d23f1d9c763dfdfe2aea38d567bf33.jpg","66ebe9a46cd701ede8388669c9c4a6dc.jpg","f99833954df4c5aefaf274d8b1efec1e.jpg","ad906a839751980c62d2b23a18e588b9.jpg","a1d0ffb9c9bda6c2f1304b9e3e03186f.jpg","293bc263794bf309d1ec58a2e4c80125.jpg"],"unit":null},"videos":null,"contacts":{"id":16,"value":{"without_number":false,"phone_numbers":["37379500425"]},"unit":null},"delivery":null}
[2025-04-30 23:01:33] <html>
<head><title>429 Too Many Requests</title></head>
<body>
<center><h1>429 Too Many Requests</h1></center>
<hr><center>nginx</center>
</body>
</html>

[2025-04-30 23:01:34] <html>
<head><title>429 Too Many Requests</title></head>
<body>
<center><h1>429 Too Many Requests</h1></center>
<hr><center>nginx</center>
</body>
</html>

[2025-04-30 23:01:34] <html>
<head><title>429 Too Many Requests</title></head>
<body>
<center><h1>429 Too Many Requests</h1></center>
<hr><center>nginx</center>
</body>
</html>

[2025-04-30 23:01:34] <html>
<head><title>429 Too Many Requests</title></head>
<body>
<center><h1>429 Too Many Requests</h1></center>
<hr><center>nginx</center>
</body>
</html>

[2025-04-30 23:01:34] <html>
<head><title>429 Too Many Requests</title></head>
<body>
<center><h1>429 Too Many Requests</h1></center>
<hr><center>nginx</center>
</body>
</html>

[2025-04-30 23:01:34] {"id":"100054692","title":"BMW 3 Series","offer_type":776,"price":{"id":2,"value":25988,"unit":"eur"},"state":"public","categories":{"category":{"id":"658","title":"Транспорт","url":"transport"},"subcategory":{"id":"659","title":"Легковые автомобили","url":"transport/cars"}},"type":"standard","views_counter":2012,"autorepublisher":{"enabled":true,"schedule":{"monday":{"enabled":true,"times":["11:00","21:10"]},"tuesday":{"enabled":true,"times":["11:00","21:10"]},"wednesday":{"enabled":true,"times":["11:00","21:10"]},"thursday":{"enabled":true,"times":["11:00","21:10"]},"friday":{"enabled":true,"times":["11:00","21:10"]},"saturday":{"enabled":true,"times":["11:00","21:10"]},"sunday":{"enabled":true,"times":["11:00","21:10"]}}},"posted":"2025-02-13T17:14:11+02:00","republished":"2025-04-30T21:10:04+03:00","expire":"2025-05-30T21:10:04+03:00","block_reasons":null,"location":{"location_region":"Кишинёв мун.","location_location":"","location_sector":"","location_street":"","location_building":""},"images":{"id":14,"value":["fb5e1d7c4c2334dfe25dc1cb74eed129.jpg","daddf063c50ed12c12a2862846e3ac46.jpg","b32eb0ab3ff2ffd213181c8b4efe7418.jpg","896551dcbb62acc0274fa67c1e969f02.jpg","db2a2541a3830d5d12770b71e8c83dc8.jpg","adb3a0a824a9b8626abe82e435b1a2e4.jpg","286c7dcc10d7b4e28db916411034a8f4.jpg","92e3fc11e071e180c4bacfdf886de04c.jpg","75e552a370f8cdf0a7fab06df74caa3e.jpg","12bbe4351e54707656766b1a08fa4c6c.jpg","77ac5a59bd2f14ad812c17dd62c9130c.jpg","3bef87b8faa0387065c37c28948a2be8.jpg","26cdd206e544e189e2bac06302a05d05.jpg","7d613d80dfaecd4cef3bfb8024d68ed7.jpg","9b1e06eded8c6963d4e2321cfb456696.jpg","1db41ae875c22764c12bcb74045233be.jpg","fdb20970a704bd26470db162f1b93ffc.jpg","d347e8b07b29dbef713a4af1fa666295.jpg","38ed1914a5a065317711c7b3d8458dd6.jpg"],"unit":null},"videos":null,"contacts":{"id":16,"value":{"without_number":false,"phone_numbers":["37379500425"]},"unit":null},"delivery":null}
[2025-04-30 23:01:34] <html>
<head><title>429 Too Many Requests</title></head>
<body>
<center><h1>429 Too Many Requests</h1></center>
<hr><center>nginx</center>
</body>
</html>

[2025-04-30 23:01:34] <html>
<head><title>429 Too Many Requests</title></head>
<body>
<center><h1>429 Too Many Requests</h1></center>
<hr><center>nginx</center>
</body>
</html>

[2025-04-30 23:01:34] <html>
<head><title>429 Too Many Requests</title></head>
<body>
<center><h1>429 Too Many Requests</h1></center>
<hr><center>nginx</center>
</body>
</html>

[2025-04-30 23:01:34] <html>
<head><title>429 Too Many Requests</title></head>
<body>
<center><h1>429 Too Many Requests</h1></center>
<hr><center>nginx</center>
</body>
</html>

[2025-04-30 23:01:34] {"id":"100030121","title":"Mitsubishi Outlander","offer_type":776,"price":{"id":2,"value":17998,"unit":"eur"},"state":"public","categories":{"category":{"id":"658","title":"Транспорт","url":"transport"},"subcategory":{"id":"659","title":"Легковые автомобили","url":"transport/cars"}},"type":"standard","views_counter":64,"autorepublisher":{"enabled":false,"schedule":null},"posted":"2025-02-11T15:21:39+02:00","republished":"2025-04-12T10:45:30+03:00","expire":"2025-05-12T10:45:30+03:00","block_reasons":null,"location":{"location_region":"Тирасполь мун.","location_location":"","location_sector":"","location_street":"","location_building":""},"images":{"id":14,"value":["0c2d70d8bdf2abb02d76109bc822706a.jpg","e3ca9c137010ac0c3601c06d6b3c62aa.jpg","d8f53730a899fd628bcaa856af03ea20.jpg","7ed826baa29d4ae3f74f200d42d21c2a.jpg","b2cc6defd92fb5ef12d4d5c8c8dd98da.jpg","8259f1cec7170bff160b9b12c39b860a.jpg","333a96065112ed1f7343b57122b91405.jpg","6437583d5a209456756fa136d5557885.jpg","75f4b943e61af372fe0e3724df16f464.jpg","04c44462b2d1f66e28c9f3baca7d2929.jpg","f7f2d62c49d2661143d4344af6213e9b.jpg","d615d247535b69db5bd79299d755832a.jpg","3d5d443abbd794eaf81088271fce9ed6.jpg"],"unit":null},"videos":null,"contacts":{"id":16,"value":{"without_number":false,"phone_numbers":["37379500425"]},"unit":null},"delivery":null}
[2025-04-30 23:01:34] <html>
<head><title>429 Too Many Requests</title></head>
<body>
<center><h1>429 Too Many Requests</h1></center>
<hr><center>nginx</center>
</body>
</html>

[2025-04-30 23:01:34] <html>
<head><title>429 Too Many Requests</title></head>
<body>
<center><h1>429 Too Many Requests</h1></center>
<hr><center>nginx</center>
</body>
</html>

[2025-04-30 23:01:34] <html>
<head><title>429 Too Many Requests</title></head>
<body>
<center><h1>429 Too Many Requests</h1></center>
<hr><center>nginx</center>
</body>
</html>

[2025-04-30 23:01:34] <html>
<head><title>429 Too Many Requests</title></head>
<body>
<center><h1>429 Too Many Requests</h1></center>
<hr><center>nginx</center>
</body>
</html>

[2025-04-30 23:01:34] <html>
<head><title>429 Too Many Requests</title></head>
<body>
<center><h1>429 Too Many Requests</h1></center>
<hr><center>nginx</center>
</body>
</html>

[2025-04-30 23:01:34] {"id":"89876149","title":"Peugeot Rifter","offer_type":776,"price":{"id":2,"value":14199,"unit":"eur"},"state":"public","categories":{"category":{"id":"658","title":"Транспорт","url":"transport"},"subcategory":{"id":"659","title":"Легковые автомобили","url":"transport/cars"}},"type":"standard","views_counter":155,"autorepublisher":{"enabled":false,"schedule":null},"posted":"2025-02-08T10:07:20+02:00","republished":"2025-04-14T20:00:16+03:00","expire":"2025-05-14T20:00:16+03:00","block_reasons":null,"location":{"location_region":"Кишинёв мун.","location_location":"","location_sector":"","location_street":"","location_building":""},"images":{"id":14,"value":["999474693d831c1cc470e3f050b948c6.jpg","9d8776c4c447174287625fe795fcf126.jpg","080a89e37180f8c02b047a238fa07068.jpg","88c7ebd66205586ef08a1300b1331f2d.jpg","76d095a9311d1ae28e2e7dd10b015994.jpg","408055955a5a1c56b93ef395a079098e.jpg","1090cc20f51df4909219dcd6df469bea.jpg","a3bcad3499fb65e76b93ae21090bc3ee.jpg","fbbe6c794093c95b0143d721b4a6443b.jpg","7c55f452f5afa6f05aef51f1b92d81b0.jpg","672b0cb61afc0c4a69167997f31db435.jpg","2e4cfcba5926350db44458723433bdbd.jpg","e9621f29e9f95a9c1503f844ccb79deb.jpg","8e86180bf4d18722fcdac82c4aa4e6a8.jpg"],"unit":null},"videos":{"id":15,"value":[{"thumbnail_url":"https://i1.ytimg.com/vi/_sbHQnaZ9kk/mqdefault.jpg","video_url":"https://www.youtube.com/watch?v=_sbHQnaZ9kk"},{"thumbnail_url":"https://i1.ytimg.com/vi/O9CdDeJ9vXs/mqdefault.jpg","video_url":"https://www.youtube.com/watch?v=O9CdDeJ9vXs"},{"thumbnail_url":"https://i1.ytimg.com/vi/LDzcvhjTf0w/mqdefault.jpg","video_url":"https://www.youtube.com/watch?v=LDzcvhjTf0w"}],"unit":null},"contacts":{"id":16,"value":{"without_number":false,"phone_numbers":["37379500425"]},"unit":null},"delivery":null}
[2025-04-30 23:01:34] <html>
<head><title>429 Too Many Requests</title></head>
<body>
<center><h1>429 Too Many Requests</h1></center>
<hr><center>nginx</center>
</body>
</html>

[2025-04-30 23:01:34] <html>
<head><title>429 Too Many Requests</title></head>
<body>
<center><h1>429 Too Many Requests</h1></center>
<hr><center>nginx</center>
</body>
</html>

[2025-04-30 23:01:34] <html>
<head><title>429 Too Many Requests</title></head>
<body>
<center><h1>429 Too Many Requests</h1></center>
<hr><center>nginx</center>
</body>
</html>

[2025-04-30 23:01:34] <html>
<head><title>429 Too Many Requests</title></head>
<body>
<center><h1>429 Too Many Requests</h1></center>
<hr><center>nginx</center>
</body>
</html>

[2025-04-30 23:01:34] <html>
<head><title>429 Too Many Requests</title></head>
<body>
<center><h1>429 Too Many Requests</h1></center>
<hr><center>nginx</center>
</body>
</html>

[2025-04-30 23:01:34] {"id":"89798248","title":"Ford Focus","offer_type":776,"price":{"id":2,"value":8999,"unit":"eur"},"state":"public","categories":{"category":{"id":"658","title":"Транспорт","url":"transport"},"subcategory":{"id":"659","title":"Легковые автомобили","url":"transport/cars"}},"type":"standard","views_counter":1792,"autorepublisher":{"enabled":false,"schedule":null},"posted":"2025-02-01T10:59:59+02:00","republished":"2025-04-12T10:50:58+03:00","expire":"2025-05-12T10:50:58+03:00","block_reasons":null,"location":{"location_region":"Кишинёв мун.","location_location":"","location_sector":"","location_street":"","location_building":""},"images":{"id":14,"value":["e20940dd0eeb8397e7bf2438945a406e.jpg","2570c7d15a46ace4615ddfd4ffa81705.jpg","c8384b0ae1eae5ea6daedb656f910128.jpg","11a4c7c610d338f1f17253e0a91ac491.jpg","03652cbf53cc80e425f757337dbe747a.jpg","5b09e101bb1378ae5904eea47a9f5a3f.jpg","3cd561d7a9a7c02ec27636a08e8ea6e2.jpg","db2d2ffdf876b4b7380e2418c1891e62.jpg","5424525de029e3e918fc2b4bb31fd050.jpg","c62a15c24176b348ee3d2d1a7659e840.jpg","45474e5d28ca43563d754264c4ad5583.jpg","b853b03e1094076c3f2456b8323e6ecc.jpg","8bcedee85b20e8e60d0336f807e958d7.jpg"],"unit":null},"videos":{"id":15,"value":[{"thumbnail_url":"https://i1.ytimg.com/vi/_sbHQnaZ9kk/mqdefault.jpg","video_url":"https://www.youtube.com/watch?v=_sbHQnaZ9kk"},{"thumbnail_url":"https://i1.ytimg.com/vi/O9CdDeJ9vXs/mqdefault.jpg","video_url":"https://www.youtube.com/watch?v=O9CdDeJ9vXs"},{"thumbnail_url":"https://i1.ytimg.com/vi/LDzcvhjTf0w/mqdefault.jpg","video_url":"https://www.youtube.com/watch?v=LDzcvhjTf0w"}],"unit":null},"contacts":{"id":16,"value":{"without_number":false,"phone_numbers":["37379500645"]},"unit":null},"delivery":null}
[2025-04-30 23:01:34] <html>
<head><title>429 Too Many Requests</title></head>
<body>
<center><h1>429 Too Many Requests</h1></center>
<hr><center>nginx</center>
</body>
</html>

[2025-04-30 23:01:34] <html>
<head><title>429 Too Many Requests</title></head>
<body>
<center><h1>429 Too Many Requests</h1></center>
<hr><center>nginx</center>
</body>
</html>

[2025-04-30 23:01:34] <html>
<head><title>429 Too Many Requests</title></head>
<body>
<center><h1>429 Too Many Requests</h1></center>
<hr><center>nginx</center>
</body>
</html>

[2025-04-30 23:01:34] <html>
<head><title>429 Too Many Requests</title></head>
<body>
<center><h1>429 Too Many Requests</h1></center>
<hr><center>nginx</center>
</body>
</html>

[2025-04-30 23:01:34] <html>
<head><title>429 Too Many Requests</title></head>
<body>
<center><h1>429 Too Many Requests</h1></center>
<hr><center>nginx</center>
</body>
</html>

[2025-04-30 23:01:34] {"id":"89704015","title":"Ford C-Max","offer_type":776,"price":{"id":2,"value":10499,"unit":"eur"},"state":"public","categories":{"category":{"id":"658","title":"Транспорт","url":"transport"},"subcategory":{"id":"659","title":"Легковые автомобили","url":"transport/cars"}},"type":"standard","views_counter":1636,"autorepublisher":{"enabled":false,"schedule":null},"posted":"2025-01-23T14:38:21+02:00","republished":"2025-02-07T20:33:12+02:00","expire":"2025-03-09T20:33:12+02:00","block_reasons":null,"location":{"location_region":"Кишинёв мун.","location_location":"","location_sector":"","location_street":"","location_building":""},"images":{"id":14,"value":["bdafdad76a60453788b72deee3e7cd45.jpg","fbc48741c29bb295ae503140730b4bfa.jpg","f11525403002bd8797f7ddd14894eaa4.jpg","0598142cd2f17506222e02bbcd7ea54a.jpg","c7741ca12e886d43d67db822e8d68677.jpg","e105640bc0235b24c705dcb5015b90cf.jpg","abba676ac9f1effa5de28d60970af5a3.jpg","2f9c9e7e2727a7628240e9677a4cac31.jpg","15ec137d1b83923c8fea1e0c8bc0ca1b.jpg","02339e07aa29c6aa369816ed13a529e2.jpg","e2a46bdb26cf987df8a83a27e25fb94d.jpg","69cdc29d7c0ba707fcf3345261a7b6cd.jpg","eea816c077d5721908039fbdb8e03991.jpg"],"unit":null},"videos":{"id":15,"value":[{"thumbnail_url":"https://i1.ytimg.com/vi/_sbHQnaZ9kk/mqdefault.jpg","video_url":"https://www.youtube.com/watch?v=_sbHQnaZ9kk"},{"thumbnail_url":"https://i1.ytimg.com/vi/O9CdDeJ9vXs/mqdefault.jpg","video_url":"https://www.youtube.com/watch?v=O9CdDeJ9vXs"},{"thumbnail_url":"https://i1.ytimg.com/vi/LDzcvhjTf0w/mqdefault.jpg","video_url":"https://www.youtube.com/watch?v=LDzcvhjTf0w"}],"unit":null},"contacts":{"id":16,"value":{"without_number":false,"phone_numbers":["37379500425"]},"unit":null},"delivery":null}
[2025-04-30 23:01:34] <html>
<head><title>429 Too Many Requests</title></head>
<body>
<center><h1>429 Too Many Requests</h1></center>
<hr><center>nginx</center>
</body>
</html>

[2025-04-30 23:01:34] <html>
<head><title>429 Too Many Requests</title></head>
<body>
<center><h1>429 Too Many Requests</h1></center>
<hr><center>nginx</center>
</body>
</html>

[2025-04-30 23:01:35] <html>
<head><title>429 Too Many Requests</title></head>
<body>
<center><h1>429 Too Many Requests</h1></center>
<hr><center>nginx</center>
</body>
</html>

[2025-04-30 23:01:35] <html>
<head><title>429 Too Many Requests</title></head>
<body>
<center><h1>429 Too Many Requests</h1></center>
<hr><center>nginx</center>
</body>
</html>

[2025-04-30 23:01:35] <html>
<head><title>429 Too Many Requests</title></head>
<body>
<center><h1>429 Too Many Requests</h1></center>
<hr><center>nginx</center>
</body>
</html>

[2025-04-30 23:01:35] {"id":"89649780","title":"Peugeot 3008","offer_type":776,"price":{"id":2,"value":10599,"unit":"eur"},"state":"public","categories":{"category":{"id":"658","title":"Транспорт","url":"transport"},"subcategory":{"id":"659","title":"Легковые автомобили","url":"transport/cars"}},"type":"standard","views_counter":486,"autorepublisher":{"enabled":false,"schedule":null},"posted":"2025-01-18T15:05:46+02:00","republished":"2025-02-07T20:33:06+02:00","expire":"2025-03-09T20:33:06+02:00","block_reasons":null,"location":{"location_region":"Кишинёв мун.","location_location":"","location_sector":"","location_street":"","location_building":""},"images":{"id":14,"value":["caf11af5b509db30c6813c0755cb1caa.jpg","df6edd82a29fa686934903cbf7ca0aa0.jpg","44e11816b280cadb17159d3b5aa8fd76.jpg","be7099fff445ef1003b143ba1207355e.jpg","f0a0788b3a91827b09c728fc6c23e083.jpg","f4fdbc3378088751567bef5ebbce4918.jpg","ff5f27756d6d6d939799c246eeb431eb.jpg","62e7bad6ed21292961fe8bdb0f06bce1.jpg","89a1824bd060b276dedaa6e37e4aa8f3.jpg","06863e1f65696dcdbc0ca1db494757af.jpg","f3585003fdc358e784e3c213c84e5c90.jpg","317a7d6f0fdc87611c42ce558cd8d1da.jpg","4f2a800a40330ec9b9fad296000f7b61.jpg","3e39a5140234cc221456f12e76d57d40.jpg","372641e7af175e8282844b6b52e7f554.jpg"],"unit":null},"videos":{"id":15,"value":[{"thumbnail_url":"https://i1.ytimg.com/vi/_sbHQnaZ9kk/mqdefault.jpg","video_url":"https://www.youtube.com/watch?v=_sbHQnaZ9kk"},{"thumbnail_url":"https://i1.ytimg.com/vi/O9CdDeJ9vXs/mqdefault.jpg","video_url":"https://www.youtube.com/watch?v=O9CdDeJ9vXs"},{"thumbnail_url":"https://i1.ytimg.com/vi/LDzcvhjTf0w/mqdefault.jpg","video_url":"https://www.youtube.com/watch?v=LDzcvhjTf0w"}],"unit":null},"contacts":{"id":16,"value":{"without_number":false,"phone_numbers":["37379500425"]},"unit":null},"delivery":null}
[2025-04-30 23:01:35] <html>
<head><title>429 Too Many Requests</title></head>
<body>
<center><h1>429 Too Many Requests</h1></center>
<hr><center>nginx</center>
</body>
</html>

[2025-04-30 23:01:35] <html>
<head><title>429 Too Many Requests</title></head>
<body>
<center><h1>429 Too Many Requests</h1></center>
<hr><center>nginx</center>
</body>
</html>

[2025-04-30 23:01:35] <html>
<head><title>429 Too Many Requests</title></head>
<body>
<center><h1>429 Too Many Requests</h1></center>
<hr><center>nginx</center>
</body>
</html>

[2025-04-30 23:01:35] <html>
<head><title>429 Too Many Requests</title></head>
<body>
<center><h1>429 Too Many Requests</h1></center>
<hr><center>nginx</center>
</body>
</html>

[2025-04-30 23:01:35] <html>
<head><title>429 Too Many Requests</title></head>
<body>
<center><h1>429 Too Many Requests</h1></center>
<hr><center>nginx</center>
</body>
</html>

[2025-04-30 23:01:35] {"id":"89599696","title":"Nissan Note","offer_type":776,"price":{"id":2,"value":6899,"unit":"eur"},"state":"public","categories":{"category":{"id":"658","title":"Транспорт","url":"transport"},"subcategory":{"id":"659","title":"Легковые автомобили","url":"transport/cars"}},"type":"standard","views_counter":370,"autorepublisher":{"enabled":false,"schedule":null},"posted":"2025-01-13T21:02:12+02:00","republished":"2025-01-21T11:55:02+02:00","expire":"2025-02-19T20:55:08+02:00","block_reasons":null,"location":{"location_region":"Кишинёв мун.","location_location":"","location_sector":"","location_street":"","location_building":""},"images":{"id":14,"value":["adb0b872112c86a5a46743a11293c5c3.jpg","6eff3445056cc30dda234571a9eda8ae.jpg","acb69bdf554bc011a23dec4bc118658e.jpg","55b9df3544a8bf452e0fb4edb829a46b.jpg","03e6be419515f955f58f2517013305b9.jpg","e0a2a973d4affbe31aecd1f97c974163.jpg","b973da1b077ef5580ab3ac28e097602d.jpg","5c6a8e15ceb1e9851715fa695eac1dd2.jpg","71c6a69a1daac24f13e304d320a5fa21.jpg","15e7ce2f861eb6654fab114e055040b9.jpg","dfdf5e42c6077aa84099a57905ba0714.jpg","f7f723ff76a3df2c8b348a707bc3ca56.jpg","24bb09bc08a0faaf694e260e5bc676ec.jpg","9c4821e0a96ce03cc202859be472f7c9.jpg"],"unit":null},"videos":{"id":15,"value":[{"thumbnail_url":"https://i1.ytimg.com/vi/_sbHQnaZ9kk/mqdefault.jpg","video_url":"https://www.youtube.com/watch?v=_sbHQnaZ9kk"},{"thumbnail_url":"https://i1.ytimg.com/vi/O9CdDeJ9vXs/mqdefault.jpg","video_url":"https://www.youtube.com/watch?v=O9CdDeJ9vXs"},{"thumbnail_url":"https://i1.ytimg.com/vi/LDzcvhjTf0w/mqdefault.jpg","video_url":"https://www.youtube.com/watch?v=LDzcvhjTf0w"}],"unit":null},"contacts":{"id":16,"value":{"without_number":false,"phone_numbers":["37379500425"]},"unit":null},"delivery":null}
[2025-04-30 23:01:35] <html>
<head><title>429 Too Many Requests</title></head>
<body>
<center><h1>429 Too Many Requests</h1></center>
<hr><center>nginx</center>
</body>
</html>

[2025-04-30 23:01:35] <html>
<head><title>429 Too Many Requests</title></head>
<body>
<center><h1>429 Too Many Requests</h1></center>
<hr><center>nginx</center>
</body>
</html>

[2025-04-30 23:01:35] <html>
<head><title>429 Too Many Requests</title></head>
<body>
<center><h1>429 Too Many Requests</h1></center>
<hr><center>nginx</center>
</body>
</html>

[2025-04-30 23:01:35] <html>
<head><title>429 Too Many Requests</title></head>
<body>
<center><h1>429 Too Many Requests</h1></center>
<hr><center>nginx</center>
</body>
</html>

[2025-04-30 23:01:35] <html>
<head><title>429 Too Many Requests</title></head>
<body>
<center><h1>429 Too Many Requests</h1></center>
<hr><center>nginx</center>
</body>
</html>

[2025-04-30 23:01:35] <html>
<head><title>429 Too Many Requests</title></head>
<body>
<center><h1>429 Too Many Requests</h1></center>
<hr><center>nginx</center>
</body>
</html>

[2025-04-30 23:01:35] {"id":"89600447","title":"Renault Megane","offer_type":776,"price":{"id":2,"value":7999,"unit":"eur"},"state":"public","categories":{"category":{"id":"658","title":"Транспорт","url":"transport"},"subcategory":{"id":"659","title":"Легковые автомобили","url":"transport/cars"}},"type":"standard","views_counter":439,"autorepublisher":{"enabled":false,"schedule":null},"posted":"2025-01-13T22:39:55+02:00","republished":"2025-01-21T12:00:03+02:00","expire":"2025-02-19T20:59:09+02:00","block_reasons":null,"location":{"location_region":"Кишинёв мун.","location_location":"","location_sector":"","location_street":"","location_building":""},"images":{"id":14,"value":["39d5cbce4317b31486aff800aad63c60.jpg","783d35c2b92fdcc365d13017eeda0294.jpg","4ba481406289100b5d61d4cab0c06e2b.jpg","fc47e31a06f2f416475dec6c6c0d5bb7.jpg","c78a67c6421b6d6606806b3bc3cbe846.jpg","98765bf2b644bfdc99a9ea77fcedf208.jpg","71f8658337eaa8ba4f2d8de1ef4a4fca.jpg","f24c7dd102d0b1e4a0d4b5793d7db1bd.jpg","f1bea428a336d0280c27c79fe2d17f6e.jpg","78979560a2dd820209dce3ac90b4c95f.jpg","5e4d17a3ff44c785e51fffba8a7cfa2f.jpg","bc4dc398a2fb53c660a5189cd629cf10.jpg","f5cda63a529e6e9f82b0104cd2f9a25d.jpg","1de033ce9127eb2e034f281aceb65786.jpg","559808c4de65562088e4de53bc2a7ab9.jpg","e35125aca7b0c1468e159b3d644bf3ca.jpg"],"unit":null},"videos":{"id":15,"value":[{"thumbnail_url":"https://i1.ytimg.com/vi/_sbHQnaZ9kk/mqdefault.jpg","video_url":"https://www.youtube.com/watch?v=_sbHQnaZ9kk"},{"thumbnail_url":"https://i1.ytimg.com/vi/O9CdDeJ9vXs/mqdefault.jpg","video_url":"https://www.youtube.com/watch?v=O9CdDeJ9vXs"},{"thumbnail_url":"https://i1.ytimg.com/vi/LDzcvhjTf0w/mqdefault.jpg","video_url":"https://www.youtube.com/watch?v=LDzcvhjTf0w"}],"unit":null},"contacts":{"id":16,"value":{"without_number":false,"phone_numbers":["37379500425"]},"unit":null},"delivery":null}
[2025-04-30 23:01:35] <html>
<head><title>429 Too Many Requests</title></head>
<body>
<center><h1>429 Too Many Requests</h1></center>
<hr><center>nginx</center>
</body>
</html>

[2025-04-30 23:01:35] <html>
<head><title>429 Too Many Requests</title></head>
<body>
<center><h1>429 Too Many Requests</h1></center>
<hr><center>nginx</center>
</body>
</html>

[2025-04-30 23:01:35] <html>
<head><title>429 Too Many Requests</title></head>
<body>
<center><h1>429 Too Many Requests</h1></center>
<hr><center>nginx</center>
</body>
</html>

[2025-04-30 23:01:35] <html>
<head><title>429 Too Many Requests</title></head>
<body>
<center><h1>429 Too Many Requests</h1></center>
<hr><center>nginx</center>
</body>
</html>

[2025-04-30 23:01:35] <html>
<head><title>429 Too Many Requests</title></head>
<body>
<center><h1>429 Too Many Requests</h1></center>
<hr><center>nginx</center>
</body>
</html>

[2025-04-30 23:01:35] {"id":"89704734","title":"Renault Megane","offer_type":776,"price":{"id":2,"value":10300,"unit":"eur"},"state":"public","categories":{"category":{"id":"658","title":"Транспорт","url":"transport"},"subcategory":{"id":"659","title":"Легковые автомобили","url":"transport/cars"}},"type":"standard","views_counter":307,"autorepublisher":{"enabled":false,"schedule":null},"posted":"2025-01-23T15:27:14+02:00","republished":"2025-04-12T10:45:30+03:00","expire":"2025-05-12T10:45:30+03:00","block_reasons":null,"location":{"location_region":"Кишинёв мун.","location_location":"","location_sector":"","location_street":"","location_building":""},"images":{"id":14,"value":["d3680f80fefb93f82e29992d6f6b48cb.jpg","c4de2a61cd4e381e9927c0a8a9f2fdae.jpg","fdc1b7b96f73f681d7f4aea455ad1edb.jpg","9b10d1bcbab028efe7b22ce3554da2d2.jpg","42c68f773de986bf63c82740b16603f4.jpg","4cbb082c6cc79467f56a98364747614b.jpg","fea66cfe4b280a9f483b7589d3fa4cb2.jpg","78208963ab48f6d5619e7253c579e909.jpg","00d2d9244fc18fbf719d79a6f9404c14.jpg","233cf77d03dba6a6998c7d51dc472d3a.jpg","768138b40a5a591780ee3e7817e0a6a2.jpg","d5c768afdd939bba67e50e53c68d0f12.jpg","bbc3f2118d0058a4758f9e83907d09b6.jpg","a4ff3cbcd1af5d618c15c80c9908ad2e.jpg"],"unit":null},"videos":{"id":15,"value":[{"thumbnail_url":"https://i1.ytimg.com/vi/_sbHQnaZ9kk/mqdefault.jpg","video_url":"https://www.youtube.com/watch?v=_sbHQnaZ9kk"},{"thumbnail_url":"https://i1.ytimg.com/vi/O9CdDeJ9vXs/mqdefault.jpg","video_url":"https://www.youtube.com/watch?v=O9CdDeJ9vXs"},{"thumbnail_url":"https://i1.ytimg.com/vi/LDzcvhjTf0w/mqdefault.jpg","video_url":"https://www.youtube.com/watch?v=LDzcvhjTf0w"}],"unit":null},"contacts":{"id":16,"value":{"without_number":false,"phone_numbers":["37379500425"]},"unit":null},"delivery":null}
[2025-04-30 23:01:35] <html>
<head><title>429 Too Many Requests</title></head>
<body>
<center><h1>429 Too Many Requests</h1></center>
<hr><center>nginx</center>
</body>
</html>

[2025-04-30 23:01:35] <html>
<head><title>429 Too Many Requests</title></head>
<body>
<center><h1>429 Too Many Requests</h1></center>
<hr><center>nginx</center>
</body>
</html>

[2025-04-30 23:01:35] <html>
<head><title>429 Too Many Requests</title></head>
<body>
<center><h1>429 Too Many Requests</h1></center>
<hr><center>nginx</center>
</body>
</html>

[2025-04-30 23:01:35] <html>
<head><title>429 Too Many Requests</title></head>
<body>
<center><h1>429 Too Many Requests</h1></center>
<hr><center>nginx</center>
</body>
</html>

[2025-04-30 23:01:35] {"id":"100042284","title":"Nissan Note","offer_type":776,"price":{"id":2,"value":7199,"unit":"eur"},"state":"public","categories":{"category":{"id":"658","title":"Транспорт","url":"transport"},"subcategory":{"id":"659","title":"Легковые автомобили","url":"transport/cars"}},"type":"standard","views_counter":152,"autorepublisher":{"enabled":false,"schedule":null},"posted":"2025-02-12T15:26:42+02:00","republished":"2025-03-28T15:33:02+02:00","expire":"2025-04-27T16:33:02+03:00","block_reasons":null,"location":{"location_region":"Кишинёв мун.","location_location":"","location_sector":"","location_street":"","location_building":""},"images":{"id":14,"value":["54687cc2dddb546ad22b836fe16d25ad.jpg","3bd86d760b0c005f30ea33c8d64b87d4.jpg","a71b46c31921616dfa399385acb928c7.jpg","d0fa0e7f2793c2491556c957d7818abc.jpg","38c41236b0ab4225ff04d1c330fa32bb.jpg","0da8d92b9d6ad7b26c406cd661a42864.jpg","8311bc66b0b5d63190223a10189b9b2d.jpg","f9d45088629f7ff50c9084cbd5e68564.jpg","062e63a95ee5a648dd29bb42e93d7aab.jpg","2a9853111c3877eb69f06d975637780e.jpg","380953459d851747ddbf6f789ca2c3b4.jpg","6aa73a865d849c4954740736fb892cdf.jpg","7d04681fdf753e0997156c8970625cc4.jpg","aa6247fd6fa5f68c4a77a15f282857f4.jpg","7f8193a9ad9e6a031bb3176a3d46d96a.jpg","4f2b8665610df6c43d03863ffb79367d.jpg","9144a82817a759ad30a6049e72987135.jpg"],"unit":null},"videos":null,"contacts":{"id":16,"value":{"without_number":false,"phone_numbers":["37379500425"]},"unit":null},"delivery":null}
[2025-04-30 23:01:35] <html>
<head><title>429 Too Many Requests</title></head>
<body>
<center><h1>429 Too Many Requests</h1></center>
<hr><center>nginx</center>
</body>
</html>

[2025-04-30 23:01:35] <html>
<head><title>429 Too Many Requests</title></head>
<body>
<center><h1>429 Too Many Requests</h1></center>
<hr><center>nginx</center>
</body>
</html>

[2025-04-30 23:01:36] <html>
<head><title>429 Too Many Requests</title></head>
<body>
<center><h1>429 Too Many Requests</h1></center>
<hr><center>nginx</center>
</body>
</html>

[2025-04-30 23:01:36] <html>
<head><title>429 Too Many Requests</title></head>
<body>
<center><h1>429 Too Many Requests</h1></center>
<hr><center>nginx</center>
</body>
</html>

[2025-04-30 23:01:36] <html>
<head><title>429 Too Many Requests</title></head>
<body>
<center><h1>429 Too Many Requests</h1></center>
<hr><center>nginx</center>
</body>
</html>

[2025-04-30 23:01:36] <html>
<head><title>429 Too Many Requests</title></head>
<body>
<center><h1>429 Too Many Requests</h1></center>
<hr><center>nginx</center>
</body>
</html>

[2025-04-30 23:01:36] {"id":"100104450","title":"Peugeot expert","offer_type":776,"price":{"id":2,"value":8899,"unit":"eur"},"state":"public","categories":{"category":{"id":"658","title":"Транспорт","url":"transport"},"subcategory":{"id":"662","title":"Грузовые автомобили","url":"transport/trucks"}},"type":"standard","views_counter":138,"autorepublisher":{"enabled":false,"schedule":null},"posted":"2025-02-18T14:53:19+02:00","republished":"2025-04-30T21:48:02+03:00","expire":"2025-05-30T21:48:02+03:00","block_reasons":null,"location":{"location_region":"Кишинёв мун.","location_location":"","location_sector":"","location_street":"","location_building":""},"images":{"id":14,"value":["aa98b0407c0fe3f3ba716689df469823.jpg","1270721431e78a2bc17df4ed2075cd0f.jpg","5c226c75f689c5488d4e32412202e1f0.jpg","074e0fd409475347087de4e855f6fb5b.jpg","00b4378d30f6ab0fdd459caca941d214.jpg","04955cd85e60ee1dc893ac565ce1e0d5.jpg","a636511fa6eb430f8f7114a964e8fed9.jpg","cd906b7c902092a7de95d5306203dbe7.jpg","f3b644205b9b84740f1eb80f49fc07e1.jpg","ffe75da8e955d58e6645e71820b300d4.jpg","93f1e277fa0f5ed394b8220463749bce.jpg","df2b597e8e6ef0d18708dd39dcc5aa31.jpg","b88a7500f3b1a3b50477815474f16571.jpg","ed22608c0d47f19e41e8bf82628112d4.jpg","933dd8c8be3782931f5ef272699b79a3.jpg","6876bb64ead467622288039b7b299a66.jpg"],"unit":null},"videos":null,"contacts":{"id":16,"value":{"without_number":false,"phone_numbers":["37379500425"]},"unit":null},"delivery":null}
[2025-04-30 23:01:36] <html>
<head><title>429 Too Many Requests</title></head>
<body>
<center><h1>429 Too Many Requests</h1></center>
<hr><center>nginx</center>
</body>
</html>

[2025-04-30 23:01:36] <html>
<head><title>429 Too Many Requests</title></head>
<body>
<center><h1>429 Too Many Requests</h1></center>
<hr><center>nginx</center>
</body>
</html>

[2025-04-30 23:01:36] <html>
<head><title>429 Too Many Requests</title></head>
<body>
<center><h1>429 Too Many Requests</h1></center>
<hr><center>nginx</center>
</body>
</html>

[2025-04-30 23:01:36] <html>
<head><title>429 Too Many Requests</title></head>
<body>
<center><h1>429 Too Many Requests</h1></center>
<hr><center>nginx</center>
</body>
</html>

[2025-04-30 23:01:36] <html>
<head><title>429 Too Many Requests</title></head>
<body>
<center><h1>429 Too Many Requests</h1></center>
<hr><center>nginx</center>
</body>
</html>

[2025-04-30 23:01:36] {"id":"89841125","title":"Volvo XC90","offer_type":776,"price":{"id":2,"value":28900,"unit":"eur"},"state":"public","categories":{"category":{"id":"658","title":"Транспорт","url":"transport"},"subcategory":{"id":"659","title":"Легковые автомобили","url":"transport/cars"}},"type":"standard","views_counter":991,"autorepublisher":{"enabled":true,"schedule":{"monday":{"enabled":true,"times":["19:40","20:50"]},"tuesday":{"enabled":true,"times":["19:40","20:50"]},"wednesday":{"enabled":true,"times":["19:40","20:50"]},"thursday":{"enabled":true,"times":["19:40","20:50"]},"friday":{"enabled":true,"times":["19:40","20:50"]},"saturday":{"enabled":true,"times":["19:40","20:50"]},"sunday":{"enabled":true,"times":["19:40","20:50"]}}},"posted":"2025-02-05T08:47:57+02:00","republished":"2025-04-30T20:50:02+03:00","expire":"2025-05-30T20:50:02+03:00","block_reasons":null,"location":{"location_region":"Кишинёв мун.","location_location":"","location_sector":"","location_street":"","location_building":""},"images":{"id":14,"value":["420de92eb6ec0ac1bf38cb2dc88183f0.jpg","9a586b5f9c13cfa6c8f152888fe0b4f7.jpg","5cd958563f64fc0fa300f6c01b306d01.jpg","7e5f092da92d7da26d28a329d57d00b5.jpg","3d133164fb018876c7eb9cf2c5635d04.jpg","adf68c4767e9ddd1d1ef36d5fab9f4f3.jpg","a3d400ac72a5ed25f2fe612fd1ebd1c8.jpg","fd1840a011cd0839a8eeca3eddb88d54.jpg","6285ddb4885c7e6bb9514d26ab422221.jpg","effaa011ab219532c9bf2f1f3003318b.jpg","16669f2c356313504e431d98dfaa8b58.jpg","c4828acba8cd45d3db34392aec99e570.jpg","84893b3f44b0eba5d0bff9d101191991.jpg","6b30f4771849014030a08edbd94aea01.jpg","2b597e421e4f91bcfc375eba119a9db8.jpg","18f1ef2de3036385966186433a16c441.jpg","9e3bd38b412bc05a9e1cf7c380904330.jpg","616fbde54ce79d2b62f5e2e8ee844475.jpg","25e7dba9bff663ad1df976d8986e30cb.jpg"],"unit":null},"videos":{"id":15,"value":[{"thumbnail_url":"https://i1.ytimg.com/vi/_sbHQnaZ9kk/mqdefault.jpg","video_url":"https://www.youtube.com/watch?v=_sbHQnaZ9kk"},{"thumbnail_url":"https://i1.ytimg.com/vi/O9CdDeJ9vXs/mqdefault.jpg","video_url":"https://www.youtube.com/watch?v=O9CdDeJ9vXs"},{"thumbnail_url":"https://i1.ytimg.com/vi/LDzcvhjTf0w/mqdefault.jpg","video_url":"https://www.youtube.com/watch?v=LDzcvhjTf0w"}],"unit":null},"contacts":{"id":16,"value":{"without_number":false,"phone_numbers":["37379500425"]},"unit":null},"delivery":null}
[2025-04-30 23:01:36] <html>
<head><title>429 Too Many Requests</title></head>
<body>
<center><h1>429 Too Many Requests</h1></center>
<hr><center>nginx</center>
</body>
</html>

[2025-04-30 23:01:36] <html>
<head><title>429 Too Many Requests</title></head>
<body>
<center><h1>429 Too Many Requests</h1></center>
<hr><center>nginx</center>
</body>
</html>

[2025-04-30 23:01:36] <html>
<head><title>429 Too Many Requests</title></head>
<body>
<center><h1>429 Too Many Requests</h1></center>
<hr><center>nginx</center>
</body>
</html>

[2025-04-30 23:01:36] <html>
<head><title>429 Too Many Requests</title></head>
<body>
<center><h1>429 Too Many Requests</h1></center>
<hr><center>nginx</center>
</body>
</html>

[2025-04-30 23:01:36] <html>
<head><title>429 Too Many Requests</title></head>
<body>
<center><h1>429 Too Many Requests</h1></center>
<hr><center>nginx</center>
</body>
</html>

[2025-04-30 23:01:36] {"id":"100191088","title":"Nissan Qashqai","offer_type":776,"price":{"id":2,"value":13498,"unit":"eur"},"state":"public","categories":{"category":{"id":"658","title":"Транспорт","url":"transport"},"subcategory":{"id":"659","title":"Легковые автомобили","url":"transport/cars"}},"type":"standard","views_counter":93,"autorepublisher":{"enabled":false,"schedule":null},"posted":"2025-02-26T12:08:47+02:00","republished":"2025-04-30T12:38:06+03:00","expire":"2025-05-30T12:38:06+03:00","block_reasons":null,"location":{"location_region":"Кишинёв мун.","location_location":"","location_sector":"","location_street":"","location_building":""},"images":{"id":14,"value":["cc4ae212f57de21e5d4f589146092e78.jpg","ea1f48a6988e03fe3de0485a6b5a59f6.jpg","0b0044c8c785c76d718dce1d61b5eab6.jpg","ffe827e8d40ff25e2dff7330f1c378a7.jpg","7da4e44deca83dd6191d05f9b2d3a6a8.jpg","c7bc2ea8e9b895bf72fb36c0402a2e9c.jpg","8b67208af3ff1a49d3cad04238c75fc7.jpg","1f298fb8e38bea412e691ad5b512104d.jpg","a5e5514996d1891e3946b89dc4ccc828.jpg","f9264cbd0c78c530da46faea88423fde.jpg","e27313c5833d2081ec899dad41137930.jpg","01e8a5fca8a895e1d47f3d185ef1c7ec.jpg","4f0bbf49a866a3358d89ef5d4931c873.jpg"],"unit":null},"videos":null,"contacts":{"id":16,"value":{"without_number":false,"phone_numbers":["37379500425"]},"unit":null},"delivery":null}
[2025-04-30 23:01:36] <html>
<head><title>429 Too Many Requests</title></head>
<body>
<center><h1>429 Too Many Requests</h1></center>
<hr><center>nginx</center>
</body>
</html>

[2025-04-30 23:01:36] <html>
<head><title>429 Too Many Requests</title></head>
<body>
<center><h1>429 Too Many Requests</h1></center>
<hr><center>nginx</center>
</body>
</html>

[2025-04-30 23:01:36] <html>
<head><title>429 Too Many Requests</title></head>
<body>
<center><h1>429 Too Many Requests</h1></center>
<hr><center>nginx</center>
</body>
</html>

[2025-04-30 23:01:36] <html>
<head><title>429 Too Many Requests</title></head>
<body>
<center><h1>429 Too Many Requests</h1></center>
<hr><center>nginx</center>
</body>
</html>

[2025-04-30 23:01:36] <html>
<head><title>429 Too Many Requests</title></head>
<body>
<center><h1>429 Too Many Requests</h1></center>
<hr><center>nginx</center>
</body>
</html>

[2025-04-30 23:01:36] {"id":"100453956","title":"Renault Grand Scenic","offer_type":776,"price":{"id":2,"value":8449,"unit":"eur"},"state":"public","categories":{"category":{"id":"658","title":"Транспорт","url":"transport"},"subcategory":{"id":"659","title":"Легковые автомобили","url":"transport/cars"}},"type":"standard","views_counter":135,"autorepublisher":{"enabled":false,"schedule":null},"posted":"2025-03-20T09:45:53+02:00","republished":"2025-04-30T12:30:02+03:00","expire":"2025-05-30T12:30:02+03:00","block_reasons":null,"location":{"location_region":"Кишинёв мун.","location_location":"","location_sector":"","location_street":"","location_building":""},"images":{"id":14,"value":["d59d07ccd4f44a031bae772e2efdc3cf.jpg","d0d687fdf7539cc53317ef3c118cc192.jpg","af1624d55aa9d5a9a248dfb8e7a1de02.jpg","eb01fbb59662d9588bd65e0ad6d87f5b.jpg","33005259601a8d86092356a9f1912d44.jpg","99d43c963ffed274168ec2b8448b4928.jpg","d81e67c08071e21cf2a991213e5c2266.jpg","f9e012e0c38896de528070d4c3784b02.jpg","8788c582a40bdde630c5fb287cb5aec8.jpg","5ffd97f83bbca61b3b0f8ce5fc563935.jpg","f23f2aa5f1dee5758dae4b134075714d.jpg","49727acc5d8e456432f306c47c7d5efd.jpg","04a822bbf6766e8fb38bada77c726638.jpg","ba66ee40ff62d25fab47d8c9ee63d095.jpg","f33da48a19c7380a06e5b805bd00ff11.jpg"],"unit":null},"videos":null,"contacts":{"id":16,"value":{"without_number":false,"phone_numbers":["37379500425"]},"unit":null},"delivery":null}
[2025-04-30 23:01:36] <html>
<head><title>429 Too Many Requests</title></head>
<body>
<center><h1>429 Too Many Requests</h1></center>
<hr><center>nginx</center>
</body>
</html>

[2025-04-30 23:01:36] <html>
<head><title>429 Too Many Requests</title></head>
<body>
<center><h1>429 Too Many Requests</h1></center>
<hr><center>nginx</center>
</body>
</html>

[2025-04-30 23:01:36] <html>
<head><title>429 Too Many Requests</title></head>
<body>
<center><h1>429 Too Many Requests</h1></center>
<hr><center>nginx</center>
</body>
</html>

[2025-04-30 23:01:36] <html>
<head><title>429 Too Many Requests</title></head>
<body>
<center><h1>429 Too Many Requests</h1></center>
<hr><center>nginx</center>
</body>
</html>

[2025-04-30 23:01:36] {"id":"100582338","title":"Ford Focus","offer_type":776,"price":{"id":2,"value":6266,"unit":"eur"},"state":"public","categories":{"category":{"id":"658","title":"Транспорт","url":"transport"},"subcategory":{"id":"659","title":"Легковые автомобили","url":"transport/cars"}},"type":"standard","views_counter":66,"autorepublisher":{"enabled":false,"schedule":null},"posted":"2025-03-31T22:08:36+03:00","republished":"2025-04-29T08:17:09+03:00","expire":"2025-05-29T08:17:09+03:00","block_reasons":null,"location":{"location_region":"Кишинёв мун.","location_location":"","location_sector":"","location_street":"","location_building":""},"images":{"id":14,"value":["9829576207a14b669022c8e9d09d1af7.jpg","007155c3d4c0b2e2842a0d948408229b.jpg","681d70f572dfdc4092354bd7adcf6d91.jpg","7187eccd0566881fda15fd796955589a.jpg","d230642233f72ad6e93d0c24eb65598a.jpg","8b4763b3dd9092767dc7afc1b81fd8ff.jpg","2c22c4a7d396e2c03ba6a0d1de5444d2.jpg","beb65c5e2e00b34fe1b7b11bd74ad0f0.jpg","c27f0f1f29d645f1296bf1ec6e8f6a69.jpg","53d60c9931862620d36409435483cc5e.jpg","3256ab0fa051c3e6ed7828e5af0c811c.jpg","3026273abb43f80c02370b16d68bc3c4.jpg","47189ce79e28984679004e1c62678ba7.jpg","3ed42d1082a7d83e23b84b9416c29b74.jpg","ff6327aeb6f777b03d66b04649b057fd.jpg"],"unit":null},"videos":null,"contacts":{"id":16,"value":{"without_number":false,"phone_numbers":["37379500645"]},"unit":null},"delivery":null}
[2025-04-30 23:01:36] <html>
<head><title>429 Too Many Requests</title></head>
<body>
<center><h1>429 Too Many Requests</h1></center>
<hr><center>nginx</center>
</body>
</html>

[2025-04-30 23:01:37] <html>
<head><title>429 Too Many Requests</title></head>
<body>
<center><h1>429 Too Many Requests</h1></center>
<hr><center>nginx</center>
</body>
</html>

[2025-04-30 23:01:37] <html>
<head><title>429 Too Many Requests</title></head>
<body>
<center><h1>429 Too Many Requests</h1></center>
<hr><center>nginx</center>
</body>
</html>

[2025-04-30 23:01:37] <html>
<head><title>429 Too Many Requests</title></head>
<body>
<center><h1>429 Too Many Requests</h1></center>
<hr><center>nginx</center>
</body>
</html>

[2025-04-30 23:01:39] {"categories":[{"id":"658","title":"Транспорт","url":"transport"},{"id":"270","title":"Недвижимость","url":"real-estate"},{"id":"38","title":"Телефоны и гаджеты","url":"phone-and-communication"},{"id":"2","title":"Компьютеры и оргтехника","url":"computers-and-office-equipment"},{"id":"1237","title":"Строительство и ремонт","url":"construction-and-repair"},{"id":"1213","title":"Одежда, обувь и аксессуары","url":"clothes-and-shoes"},{"id":"1195","title":"Мебель и интерьер","url":"furniture-and-interior"},{"id":"44","title":"Аудио-Видео-Фото","url":"audio-video-photo"},{"id":"753","title":"Все остальное","url":"all-else"},{"id":"6146","title":"Работа","url":"work"},{"id":"6026","title":"Сельское хозяйство","url":"agriculture"},{"id":"6341","title":"Услуги","url":"services"},{"id":"226","title":"Питомцы и растения","url":"animals-and-plants"},{"id":"1155","title":"Спорт и здоровье","url":"sports-health-and-beauty"},{"id":"7522","title":"Красота и уход","url":"beauty-and-personal-care"},{"id":"693","title":"Туризм, отдых и развлечения","url":"tourism-leisure-and-entertainment"},{"id":"1182","title":"Бизнес","url":"business"},{"id":"269","title":"Музыкальные инструменты","url":"musical-instruments"},{"id":"45","title":"Бытовая техника","url":"household-appliances"},{"id":"1223","title":"Все для торжеств","url":"all-for-celebrations"},{"id":"1412","title":"Детский мир","url":"children-world"},{"id":"1170","title":"Все для дома и офиса","url":"all-for-home-and-office"},{"id":"1187","title":"Знакомства","url":"dating-and-greetings"}]}
[2025-04-30 23:01:39] {"subcategories":[{"id":"659","title":"Легковые автомобили","url":"transport/cars"},{"id":"660","title":"Автобусы и микроавтобусы","url":"transport/buses-and-minibuses"},{"id":"662","title":"Грузовые автомобили","url":"transport/trucks"},{"id":"663","title":"Мотоциклы и мототехника","url":"transport/motorcycles"},{"id":"664","title":"Велотранспорт","url":"transport/bicycles"},{"id":"6636","title":"Гироскутеры, электросамокаты","url":"transport/electric-scooters"},{"id":"669","title":"Спецтехника","url":"transport/special-equipment"},{"id":"667","title":"Прицепы","url":"transport/trailers"},{"id":"671","title":"Ретроавтомобили и автоэкспонаты","url":"transport/retro-cars"},{"id":"666","title":"Водный транспорт","url":"transport/snowmobiles-and-jet-ski"},{"id":"1411","title":"Воздушный транспорт","url":"transport/airplanes"},{"id":"678","title":"Диски и шины","url":"transport/wheels-and-tires"},{"id":"674","title":"Запчасти и разборка легковых автомобилей","url":"transport/spare-parts-for-cars"},{"id":"6054","title":"Мотоэкипировка","url":"transport/moto-equipment"},{"id":"675","title":"Запчасти для грузовых автомобилей","url":"transport/spare-parts-for-trucks"},{"id":"677","title":"Автозеркала, автостекла и автооптика","url":"transport/auto-glass-and-optics"},{"id":"1348","title":"Запчасти для мототехники","url":"transport/spare-parts-for-motorcycles"},{"id":"6024","title":"Велозапчасти и велоаксессуары","url":"transport/spare-parts-for-bicycles"},{"id":"6718","title":"Аккумуляторы","url":"transport/batteries"},{"id":"688","title":"Автомагнитолы и DVD","url":"transport/carcaraudio"},{"id":"685","title":"Автоакустика","url":"transport/acoustic"},{"id":"6592","title":"Видеорегистраторы","url":"transport/video-recorders"},{"id":"687","title":"GPS, навигация","url":"transport/dvd-tv-gps-tuner"},{"id":"689","title":"Комплектующие автозвука","url":"transport/supplies-of-car-audio"},{"id":"6593","title":"Радары, сигнализация","url":"transport/radars-alarms"},{"id":"6710","title":"Аксессуары для салона","url":"transport/interior-accessories"},{"id":"6711","title":"Коврики для авто","url":"transport/car-carpets"},{"id":"6705","title":"Краски автомобильные","url":"transport/car-paint"},{"id":"6713","title":"Тех помощь","url":"transport/technical-support"},{"id":"6712","title":"Аксессуары для кузова","url":"transport/car-body-accessories"},{"id":"6714","title":"Автобагажники","url":"transport/car-trunks"},{"id":"6715","title":"Подкрылки","url":"transport/wheel-arch-liners"},{"id":"6716","title":"Парковочные радары","url":"transport/parktronic"},{"id":"6717","title":"Автомобильные ключи","url":"transport/car-keys"},{"id":"6720","title":"Ключи","url":"transport/keys"},{"id":"6722","title":"Домкраты","url":"transport/car-jacks"},{"id":"6723","title":"Подъёмники","url":"transport/car-lifts"},{"id":"6721","title":"Съемники","url":"transport/pullers"},{"id":"6724","title":"Компрессоры автомобильные","url":"transport/automobile-compressors"},{"id":"6725","title":"Стенд развал-схождения","url":"transport/wheel-alignment-stand"},{"id":"6726","title":"Зарядные устройства для авто","url":"transport/chargers-for-cars"},{"id":"6727","title":"Мойки высокого давления","url":"transport/pressure-washers"},{"id":"6728","title":"Диагностическое оборудование","url":"transport/diagnostic-equipment"},{"id":"6729","title":"Шиномонтажное оборудование","url":"transport/tire-equipment"},{"id":"6730","title":"Гидравлическое и механическое оборудование","url":"transport/hydraulic-and-mechanical-equipment"},{"id":"6731","title":"Мебель для СТО","url":"transport/service-station-furniture"},{"id":"6732","title":"Инструмент для смазочных работ","url":"transport/lubrication-tool"},{"id":"6733","title":"Оборудование для кузовных работ","url":"transport/bodywork-equipment"},{"id":"6734","title":"Дополнительное оборудование для авто","url":"transport/additional-car-equipment"},{"id":"6689","title":"Гидравлические масла","url":"transport/hydraulic-oils"},{"id":"6688","title":"Трансмиссионные масла","url":"transport/gear-oils"},{"id":"6691","title":"Антифризы","url":"transport/antifreeze"},{"id":"6690","title":"Тормозные жидкости","url":"transport/brake-fluid"},{"id":"6693","title":"Смазки","url":"transport/automotive-lubricants"},{"id":"6687","title":"Моторные масла","url":"transport/motor-oil"},{"id":"6692","title":"Омывающие жидкости","url":"transport/washer-fluid"},{"id":"6696","title":"Присадки в масло","url":"transport/oil-additives"},{"id":"6695","title":"Присадки в топливо","url":"transport/fuel-additives"},{"id":"6697","title":"Присадки к трансмиссионным маслам","url":"transport/gear-oil-additives"},{"id":"6698","title":"Промывки и очистители","url":"transport/washes-and-cleaners"},{"id":"6699","title":"Корректоры и осушители топлива","url":"transport/fuel-additives-and-dispersants"},{"id":"1403","title":"Автосервис","url":"transport/car-2"},{"id":"1401","title":"Грузоперевозки","url":"transport/cargo"},{"id":"6647","title":"Авто на заказ","url":"transport/order-car"},{"id":"1358","title":"Пассажироперевозки","url":"transport/passenger"},{"id":"6663","title":"Мотосервис и велосервис","url":"transport/motoservice"},{"id":"1402","title":"Аренда транспорта","url":"transport/rent-a-car"},{"id":"6790","title":"Аксессуары для мойки автомобиля","url":"transport/car-wash-accessories"},{"id":"6702","title":"Автошампуни","url":"transport/car-shampoo"},{"id":"6704","title":"Очистители кузова","url":"transport/car-cleaner"},{"id":"6701","title":"Всё для полировки","url":"transport/polishes"},{"id":"6703","title":"Защитные составы для кузова","url":"transport/anti-corrosion-coatings"},{"id":"6706","title":"Автокосметика для салона","url":"transport/interior-cleaning"},{"id":"6707","title":"Автокосметика для колес","url":"transport/rim-protection"},{"id":"6708","title":"Автокосметика для стекол и оптики","url":"transport/autocosmetics-for-glasses-and-optics"},{"id":"1339","title":"Разное","url":"transport/miscellaneous"}]}
[2025-04-30 23:01:45] {"offer_types":[{"id":"776","title":"Продам"},{"id":"777","title":"Куплю"},{"id":"23844","title":"Авто на заказ"},{"id":"778","title":"Меняю"}]}
[2025-04-30 23:01:47] {"features_groups":[{"title":"Общее","features":[{"id":"20","title":"Марка","depends_on":null,"required":true,"options":[{"id":"139","title":"Ford"},{"id":"149","title":"Honda"},{"id":"111","title":"Hyundai"},{"id":"130","title":"KIA"},{"id":"22","title":"Mercedes"},{"id":"28","title":"Nissan"},{"id":"143","title":"Skoda"},{"id":"47","title":"Toyota"},{"id":"193","title":"Volvo"},{"id":"20","title":"Volkswagen"},{"id":"22223","title":"ARO"},{"id":"23516","title":"Abarth"},{"id":"392","title":"Acura"},{"id":"38968","title":"Aito"},{"id":"24787","title":"Aiways"},{"id":"295","title":"Alfa Romeo"},{"id":"24790","title":"ArcFox"},{"id":"22887","title":"Aston Martin"},{"id":"57","title":"Audi"},{"id":"36217","title":"Avatr"},{"id":"23696","title":"BAIC"},{"id":"43030","title":"BAW"},{"id":"34","title":"BMW"},{"id":"288","title":"Bentley"},{"id":"748","title":"Brilliance"},{"id":"20947","title":"Buick"},{"id":"487","title":"Byd"},{"id":"439","title":"Cadillac"},{"id":"23654","title":"Changan"},{"id":"119","title":"Chery"},{"id":"167","title":"Chevrolet"},{"id":"101","title":"Chrysler"},{"id":"32","title":"Citroen"},{"id":"24455","title":"Cupra"},{"id":"24352","title":"DS Automobiles"},{"id":"375","title":"Dacia"},{"id":"99","title":"Daewoo"},{"id":"132","title":"Daihatsu"},{"id":"20359","title":"Datsun"},{"id":"31863","title":"Denza"},{"id":"89","title":"Dodge"},{"id":"24796","title":"Dongfeng"},{"id":"38687","title":"Exeed"},{"id":"504","title":"FAW"},{"id":"22889","title":"Ferrari"},{"id":"41","title":"Fiat"},{"id":"24719","title":"GAC"},{"id":"616","title":"GMC"},{"id":"587","title":"Geely"},{"id":"24520","title":"Genesis"},{"id":"202","title":"Great Wall"},{"id":"22890","title":"Hafei"},{"id":"521","title":"Haima"},{"id":"23260","title":"Haval"},{"id":"36703","title":"HiPhi"},{"id":"39680","title":"Hongqi"},{"id":"24782","title":"Hozon"},{"id":"37326","title":"Hozon"},{"id":"247","title":"Hummer"},{"id":"32708","title":"IM Motors"},{"id":"419","title":"Infiniti"},{"id":"22891","title":"Iran Khodro"},{"id":"14","title":"Isuzu"},{"id":"1049","title":"Iveco"},{"id":"1667","title":"JMC"},{"id":"662","title":"Jac"},{"id":"369","title":"Jaguar"},{"id":"186","title":"Jeep"},{"id":"28752","title":"Jetour"},{"id":"37820","title":"Jetta"},{"id":"39760","title":"LEVC"},{"id":"24420","title":"Lada"},{"id":"85","title":"Lada / ВАЗ"},{"id":"12462","title":"Lamborghini"},{"id":"210","title":"Lancia"},{"id":"291","title":"Land Rover"},{"id":"24738","title":"Leapmotor"},{"id":"136","title":"Lexus"},{"id":"34753","title":"LiXiang"},{"id":"414","title":"Lifan"},{"id":"305","title":"Lincoln"},{"id":"25004","title":"Linktour"},{"id":"1743","title":"Lotus"},{"id":"40826","title":"Lucid"},{"id":"39770","title":"Luxeed"},{"id":"28447","title":"Lynk \u0026 Co"},{"id":"33046","title":"MG"},{"id":"1704","title":"Maserati"},{"id":"45","title":"Mazda"},{"id":"23296","title":"McLaren"},{"id":"22892","title":"Mercedes-Maybach"},{"id":"22893","title":"Mercury"},{"id":"577","title":"Mini"},{"id":"36","title":"Mitsubishi"},{"id":"34747","title":"NIO"},{"id":"1","title":"Opel"},{"id":"24773","title":"Oshan"},{"id":"76","title":"Peugeot"},{"id":"1125","title":"Piaggio"},{"id":"39267","title":"Polestar"},{"id":"284","title":"Pontiac"},{"id":"282","title":"Porsche"},{"id":"23870","title":"Ravon"},{"id":"8","title":"Renault"},{"id":"27737","title":"Renault Samsung"},{"id":"42104","title":"Riddara"},{"id":"39472","title":"Rivian"},{"id":"24729","title":"Roewe"},{"id":"266","title":"Rolls-Royce"},{"id":"62","title":"Rover"},{"id":"344","title":"Saab"},{"id":"22895","title":"Saturn"},{"id":"22352","title":"Scion"},{"id":"200","title":"Seat"},{"id":"24732","title":"Skywell"},{"id":"263","title":"Smart"},{"id":"397","title":"Ssangyong"},{"id":"121","title":"Subaru"},{"id":"43","title":"Suzuki"},{"id":"34794","title":"Tank"},{"id":"883","title":"Tata"},{"id":"1662","title":"Tatra"},{"id":"17483","title":"Tesla"},{"id":"35821","title":"Venucia"},{"id":"36707","title":"Voyah"},{"id":"23709","title":"Weltmeister"},{"id":"31867","title":"Wuling"},{"id":"37323","title":"Xiaomi"},{"id":"23680","title":"Xpeng"},{"id":"24793","title":"Zeekr"},{"id":"23261","title":"Zotye"},{"id":"219","title":"ГАЗ"},{"id":"154","title":"Другая марка"},{"id":"249","title":"ЗАЗ"},{"id":"21019","title":"ЛуАЗ"},{"id":"59","title":"Москвич / Иж"},{"id":"410","title":"УАЗ"}],"units":null,"type":"drop_down_options"},{"id":"21","title":"Модель","depends_on":"20","required":true,"options":null,"units":null,"type":"drop_down_options"},{"id":"2095","title":"Поколение","depends_on":"21","required":true,"options":null,"units":null,"type":"drop_down_options"},{"id":"775","title":"Регистрация","depends_on":null,"required":true,"options":[{"id":"18592","title":"Республика Молдова"},{"id":"18593","title":"Приднестровье"},{"id":"20473","title":"Растаможен"},{"id":"20474","title":"Не растаможен"},{"id":"18594","title":"Другое"}],"units":null,"type":"drop_down_options"},{"id":"593","title":"Состояние","depends_on":null,"required":true,"options":[{"id":"18672","title":"Новый"},{"id":"18668","title":"С пробегом"},{"id":"23242","title":"Требует ремонта"}],"units":null,"type":"drop_down_options"},{"id":"1761","title":"Наличие","depends_on":null,"required":true,"options":[{"id":"29670","title":"На месте"},{"id":"29671","title":"В пути"},{"id":"29672","title":"Под заказ"}],"units":null,"type":"drop_down_options"},{"id":"1763","title":"Происхождение автомобиля","depends_on":null,"required":true,"options":[{"id":"29677","title":"Еврозона"},{"id":"29678","title":"США"},{"id":"33042","title":"Китай"},{"id":"33043","title":"Корея"},{"id":"42430","title":"Япония"},{"id":"33044","title":"Другое"}],"units":null,"type":"drop_down_options"},{"id":"13","title":"body","depends_on":null,"required":false,"options":null,"units":null,"type":"textarea_text"},{"id":"1404","title":"Теги","depends_on":null,"required":false,"options":null,"units":null,"type":"textbox_text"}]},{"title":"Цена и регион","features":[{"id":"7","title":"Регион","depends_on":null,"required":true,"options":[{"id":"12912","title":"Бельцы мун."},{"id":"12882","title":"Бендеры мун."},{"id":"12901","title":"Бессарабка"},{"id":"12898","title":"Бричаны"},{"id":"12878","title":"Вулканешты"},{"id":"12904","title":"Глодяны"},{"id":"12873","title":"Григориополь"},{"id":"17475","title":"Днестровск"},{"id":"12896","title":"Дондюшаны"},{"id":"12893","title":"Дрокия"},{"id":"12879","title":"Дубоссары"},{"id":"12895","title":"Единцы"},{"id":"12908","title":"Кагул"},{"id":"12907","title":"Калараш"},{"id":"12874","title":"Каменка"},{"id":"12890","title":"Кантемир"},{"id":"12903","title":"Каушаны"},{"id":"12900","title":"Кишинёв мун."},{"id":"12875","title":"Комрат"},{"id":"12888","title":"Криуляны"},{"id":"12881","title":"Леова"},{"id":"12877","title":"Ниспорены"},{"id":"12905","title":"Новые Анены"},{"id":"12902","title":"Окница"},{"id":"12909","title":"Оргеев"},{"id":"12891","title":"Резина"},{"id":"12883","title":"Рыбница"},{"id":"12897","title":"Рышканы"},{"id":"12884","title":"Слободзея"},{"id":"12899","title":"Сороки"},{"id":"12910","title":"Страшены"},{"id":"12906","title":"Сынжерей"},{"id":"12894","title":"Тараклия"},{"id":"12892","title":"Теленешты"},{"id":"12885","title":"Тирасполь мун."},{"id":"12870","title":"Унгены"},{"id":"12887","title":"Фалешты"},{"id":"12911","title":"Флорешты"},{"id":"12876","title":"Хынчешты"},{"id":"12871","title":"Чадыр-Лунга"},{"id":"12889","title":"Чимишлия"},{"id":"12880","title":"Шолданешты"},{"id":"12872","title":"Штефан-Водэ"},{"id":"12886","title":"Яловены"}],"units":null,"type":"drop_down_options"},{"id":"2","title":"Цена","depends_on":null,"required":true,"options":null,"units":["eur","usd","mdl"],"type":"textbox_numeric_measurement"}]},{"title":"Свойства","features":[{"id":"795","title":"Автор объявления","depends_on":null,"required":true,"options":[{"id":"23241","title":"Автодилер"}],"units":null,"type":"drop_down_options"},{"id":"19","title":"Год выпуска","depends_on":null,"required":true,"options":null,"units":null,"type":"textbox_numeric"},{"id":"1196","title":"Руль","depends_on":null,"required":true,"options":[{"id":"21979","title":"Левый"},{"id":"21978","title":"Правый"}],"units":null,"type":"drop_down_options"},{"id":"846","title":"Количество мест","depends_on":null,"required":true,"options":[{"id":"19117","title":"2"},{"id":"19123","title":"3"},{"id":"19007","title":"3-4"},{"id":"19118","title":"4"},{"id":"19119","title":"5"},{"id":"19121","title":"6"},{"id":"19120","title":"7"},{"id":"19122","title":"8"},{"id":"24583","title":"9"}],"units":null,"type":"drop_down_options"},{"id":"102","title":"Тип кузова","depends_on":null,"required":true,"options":[{"id":"18","title":"Внедорожник"},{"id":"156","title":"Кабриолет"},{"id":"68","title":"Комби"},{"id":"74","title":"Кроссовер"},{"id":"96","title":"Купе"},{"id":"53","title":"Микровэн"},{"id":"49","title":"Минивэн"},{"id":"61","title":"Пикап"},{"id":"265","title":"Родстер"},{"id":"6","title":"Седан"},{"id":"27","title":"Универсал"},{"id":"97","title":"Фургон"},{"id":"11","title":"Хетчбэк"}],"units":null,"type":"drop_down_options"},{"id":"851","title":"Количество дверей","depends_on":null,"required":false,"options":[{"id":"19083","title":"2"},{"id":"19084","title":"3"},{"id":"19085","title":"4"},{"id":"19086","title":"5"}],"units":null,"type":"drop_down_options"},{"id":"104","title":"Пробег","depends_on":null,"required":true,"options":null,"units":["km","mi"],"type":"textbox_numeric_measurement"},{"id":"103","title":"Объём двигателя","depends_on":null,"required":true,"options":null,"units":["cm3"],"type":"textbox_numeric_measurement"},{"id":"107","title":"Мощность (л.с.)","depends_on":null,"required":false,"options":null,"units":["hp"],"type":"textbox_numeric_measurement"},{"id":"151","title":"Тип топлива","depends_on":null,"required":true,"options":[{"id":"10","title":"Бензин"},{"id":"24","title":"Дизель"},{"id":"3","title":"Газ / Бензин (пропан)"},{"id":"159","title":"Газ / Бензин (метан)"},{"id":"161","title":"Гибрид"},{"id":"22987","title":"Плагин-гибрид"},{"id":"12617","title":"Электричество"},{"id":"21311","title":"Газ"}],"units":null,"type":"drop_down_options"},{"id":"101","title":"КПП","depends_on":null,"required":true,"options":[{"id":"1051","title":"Вариатор"},{"id":"1054","title":"Роботизированная"},{"id":"16","title":"Автоматическая"},{"id":"4","title":"Механическая"}],"units":null,"type":"drop_down_options"},{"id":"108","title":"Привод","depends_on":null,"required":true,"options":[{"id":"25","title":"Задний"},{"id":"5","title":"Передний"},{"id":"17","title":"4х4"}],"units":null,"type":"drop_down_options"},{"id":"17","title":"Цвет","depends_on":null,"required":false,"options":[{"id":"87","title":"Бежевый"},{"id":"19","title":"Белый"},{"id":"65","title":"Бордовый"},{"id":"31","title":"Голубой"},{"id":"179","title":"Желтый"},{"id":"13","title":"Зелёный"},{"id":"72","title":"Золотой"},{"id":"208","title":"Коричневый"},{"id":"38","title":"Красный"},{"id":"309","title":"Малины"},{"id":"334","title":"Оранжевый"},{"id":"554","title":"Розовый"},{"id":"176","title":"Салатовый"},{"id":"56","title":"Серебряный"},{"id":"50","title":"Серый"},{"id":"40","title":"Синий"},{"id":"12","title":"Тёмно-зелёный"},{"id":"93","title":"Фиолетовый"},{"id":"79","title":"Хамелеон"},{"id":"7","title":"Черный"}],"units":null,"type":"drop_down_options"}]},{"title":"Безопасность","features":[{"id":"109","title":"Антиблокировочная тормозная система (ABS)","depends_on":null,"required":false,"options":null,"units":null,"type":"check_box"},{"id":"115","title":"Шторки безопасности","depends_on":null,"required":false,"options":null,"units":null,"type":"check_box"},{"id":"110","title":"Антипробуксовочная система (TCS, ASR, TRC)","depends_on":null,"required":false,"options":null,"units":null,"type":"check_box"},{"id":"114","title":"Боковые подушки безопасности","depends_on":null,"required":false,"options":null,"units":null,"type":"check_box"},{"id":"116","title":"Датчик парковки","depends_on":null,"required":false,"options":null,"units":null,"type":"check_box"},{"id":"1639","title":"Система кругового обзора","depends_on":null,"required":false,"options":null,"units":null,"type":"check_box"},{"id":"113","title":"Подушка безопасности пассажира","depends_on":null,"required":false,"options":null,"units":null,"type":"check_box"},{"id":"111","title":"Система стабилизации (ESP, DSC, VDC, ESC)","depends_on":null,"required":false,"options":null,"units":null,"type":"check_box"},{"id":"112","title":"Подушка безопасности водителя","depends_on":null,"required":false,"options":null,"units":null,"type":"check_box"},{"id":"119","title":"Омыватель фар","depends_on":null,"required":false,"options":null,"units":null,"type":"check_box"},{"id":"118","title":"Датчик света","depends_on":null,"required":false,"options":null,"units":null,"type":"check_box"},{"id":"120","title":"Противоугонное устройство","depends_on":null,"required":false,"options":null,"units":null,"type":"check_box"},{"id":"127","title":"Летние шины","depends_on":null,"required":false,"options":null,"units":null,"type":"check_box"},{"id":"126","title":"Легкосплавные колесные диски","depends_on":null,"required":false,"options":null,"units":null,"type":"check_box"},{"id":"121","title":"Противоугонная сигнализация","depends_on":null,"required":false,"options":null,"units":null,"type":"check_box"},{"id":"124","title":"Многофункциональный руль","depends_on":null,"required":false,"options":null,"units":null,"type":"check_box"},{"id":"125","title":"Стальные колесные диски","depends_on":null,"required":false,"options":null,"units":null,"type":"check_box"},{"id":"128","title":"Зимние шины","depends_on":null,"required":false,"options":null,"units":null,"type":"check_box"},{"id":"123","title":"Противотуманные фары","depends_on":null,"required":false,"options":null,"units":null,"type":"check_box"},{"id":"129","title":"Всесезонные шины","depends_on":null,"required":false,"options":null,"units":null,"type":"check_box"},{"id":"117","title":"Датчик дождя","depends_on":null,"required":false,"options":null,"units":null,"type":"check_box"},{"id":"1638","title":"Камера заднего вида","depends_on":null,"required":false,"options":null,"units":null,"type":"check_box"},{"id":"122","title":"Ксеноновые фары","depends_on":null,"required":false,"options":null,"units":null,"type":"check_box"},{"id":"1757","title":"Светодиодные фары","depends_on":null,"required":false,"options":null,"units":null,"type":"check_box"},{"id":"1758","title":"Лазерные фары","depends_on":null,"required":false,"options":null,"units":null,"type":"check_box"},{"id":"1766","title":"Фаркоп","depends_on":null,"required":false,"options":null,"units":null,"type":"check_box"},{"id":"2201","title":"Крепления для детских сидений (Isofix)","depends_on":null,"required":false,"options":null,"units":null,"type":"check_box"},{"id":"2200","title":"Крепление для якорного ремня (Top Tether)","depends_on":null,"required":false,"options":null,"units":null,"type":"check_box"}]},{"title":"Комфорт","features":[{"id":"130","title":"Кондиционер","depends_on":null,"required":false,"options":null,"units":null,"type":"check_box"},{"id":"131","title":"Климат-контроль","depends_on":null,"required":false,"options":null,"units":null,"type":"check_box"},{"id":"132","title":"Усилитель руля","depends_on":null,"required":false,"options":null,"units":null,"type":"check_box"},{"id":"133","title":"Регулируемая по высоте рулевая колонка","depends_on":null,"required":false,"options":null,"units":null,"type":"check_box"},{"id":"134","title":"Регулируемая по вылету рулевая колонка","depends_on":null,"required":false,"options":null,"units":null,"type":"check_box"},{"id":"135","title":"Люк","depends_on":null,"required":false,"options":null,"units":null,"type":"check_box"},{"id":"136","title":"Электростеклоподъемники","depends_on":null,"required":false,"options":null,"units":null,"type":"check_box"},{"id":"137","title":"Электрорегулировка боковых зеркал","depends_on":null,"required":false,"options":null,"units":null,"type":"check_box"},{"id":"138","title":"Электрорегулировка водительского сиденья","depends_on":null,"required":false,"options":null,"units":null,"type":"check_box"},{"id":"139","title":"Электрорегулировка пассажирского сиденья","depends_on":null,"required":false,"options":null,"units":null,"type":"check_box"},{"id":"140","title":"Подогрев передних сидений","depends_on":null,"required":false,"options":null,"units":null,"type":"check_box"},{"id":"141","title":"Подогрев боковых зеркал","depends_on":null,"required":false,"options":null,"units":null,"type":"check_box"},{"id":"142","title":"Центральный замок","depends_on":null,"required":false,"options":null,"units":null,"type":"check_box"},{"id":"143","title":"Круиз-контроль","depends_on":null,"required":false,"options":null,"units":null,"type":"check_box"},{"id":"144","title":"Аудиосистема, Bluetooth","depends_on":null,"required":false,"options":null,"units":null,"type":"check_box"},{"id":"145","title":"Кожаный салон","depends_on":null,"required":false,"options":null,"units":null,"type":"check_box"},{"id":"147","title":"Обивка салона ткань","depends_on":null,"required":false,"options":null,"units":null,"type":"check_box"},{"id":"148","title":"Бортовой компьютер","depends_on":null,"required":false,"options":null,"units":null,"type":"check_box"},{"id":"149","title":"Навигационная система, TV, DVD","depends_on":null,"required":false,"options":null,"units":null,"type":"check_box"},{"id":"150","title":"Тонированные стекла","depends_on":null,"required":false,"options":null,"units":null,"type":"check_box"}]},{"title":"Медиа","features":[{"id":"14","title":"Фото","depends_on":null,"required":true,"options":null,"units":null,"type":"upload_images"},{"id":"15","title":"Видео","depends_on":null,"required":false,"options":null,"units":null,"type":"upload_videos"}]},{"title":"Контакты","features":[{"id":"16","title":"Контакты","depends_on":null,"required":false,"options":null,"units":null,"type":"contacts"}]}]}
[2025-04-30 23:01:47] {"phone_numbers":[{"phone_number":"37369977674","country_code":373,"national_number":"69977674","region":"Молдова"},{"phone_number":"37368500573","country_code":373,"national_number":"68500573","region":"Молдова"},{"phone_number":"37369533300","country_code":373,"national_number":"69533300","region":"Молдова"},{"phone_number":"37362166882","country_code":373,"national_number":"62166882","region":"Молдова"},{"phone_number":"37379500425","country_code":373,"national_number":"79500425","region":"Молдова"},{"phone_number":"37379500645","country_code":373,"national_number":"79500645","region":"Молдова"}]}
[2025-04-30 23:01:53] {"Options":[{"id":"227","title":"Accent"},{"id":"112","title":"Atos"},{"id":"24405","title":"Avante"},{"id":"42710","title":"Bayon"},{"id":"39221","title":"Casper"},{"id":"280","title":"Coupe"},{"id":"21361","title":"Creta"},{"id":"39223","title":"Custo"},{"id":"304","title":"Elantra"},{"id":"24771","title":"Encino"},{"id":"796","title":"Equus"},{"id":"222","title":"Galloper"},{"id":"818","title":"Genesis"},{"id":"162","title":"Getz"},{"id":"39227","title":"Grand Starex"},{"id":"870","title":"Grandeur"},{"id":"412","title":"H-1 Truck"},{"id":"23290","title":"H200"},{"id":"22418","title":"IONIQ"},{"id":"32693","title":"IONIQ 5"},{"id":"32692","title":"IONIQ 6"},{"id":"22961","title":"Kona"},{"id":"24770","title":"Lafesta"},{"id":"317","title":"Lantra"},{"id":"319","title":"Matrix"},{"id":"24772","title":"Mistra"},{"id":"39229","title":"Mufasa"},{"id":"1685","title":"NF Sonata"},{"id":"24552","title":"Palisade"},{"id":"355","title":"Pony"},{"id":"633","title":"S-Coupe"},{"id":"394","title":"Santa FE"},{"id":"547","title":"Santamo"},{"id":"12585","title":"Solaris"},{"id":"366","title":"Sonata"},{"id":"29091","title":"Staria"},{"id":"780","title":"Terracan"},{"id":"477","title":"Trajet"},{"id":"438","title":"Tucson"},{"id":"22238","title":"Veloster"},{"id":"39225","title":"Venue"},{"id":"770","title":"Veracruz"},{"id":"740","title":"XG"},{"id":"842","title":"i10"},{"id":"810","title":"i20"},{"id":"709","title":"i30"},{"id":"7713","title":"i40"},{"id":"22368","title":"ix20"},{"id":"21626","title":"ix35"},{"id":"17746","title":"Другое"}]}
[2025-04-30 23:01:57] {"Options":[{"id":"34532","title":"I (2004 - 2010)"},{"id":"34533","title":"II (2009 - 2015)"},{"id":"34534","title":"III (2015 - 2020)"},{"id":"34536","title":"IV (2021 - н. в)"}]}
[2025-04-30 23:04:11] {"advert":{"id":"100880876"}}
[2025-04-30 23:04:11] {"id":"100880864","title":"Mitsubishi Outlander","offer_type":776,"price":{"id":2,"value":16699,"unit":"eur"},"state":"public","categories":{"category":{"id":"658","title":"Транспорт","url":"transport"},"subcategory":{"id":"659","title":"Легковые автомобили","url":"transport/cars"}},"type":"standard","views_counter":0,"autorepublisher":{"enabled":false,"schedule":null},"posted":"2025-04-30T23:01:29+03:00","republished":"2025-04-30T23:01:31+03:00","expire":"2025-05-30T23:01:31+03:00","block_reasons":null,"location":{"location_region":"Кишинёв мун.","location_location":"","location_sector":"","location_street":"","location_building":""},"images":{"id":14,"value":["5f3e9163bbf88c005e21f8eea2bf59dc.jpg","33658edffb5b020a81ca14bbd154dad2.jpg","af3e4d431544d295f2fea7122ba0bda5.jpg","32d89444dd3f9768f65b06d3f13aa76a.jpg","31260dc15fede331e2f1b54b31641c67.jpg","6b9d8589f5a3413592ff7b8dd56452bf.jpg","fc8711281df6441c380d5f8479453a23.jpg","005b3390419b60d373bf757fd40d4339.jpg","b2b2b38cc5fda8d12cf565be0ec2dd4c.jpg","8e8b5b19e78692474099eac182fdadbb.jpg","76b3667631cf6609c51e07386167dcf6.jpg","a24279f2a528c3a2e1aa077ceeeacd08.jpg","8e973ad41cd5b1ef11b5b2c2443001c5.jpg","8c2cf8ae6ca454273e4f346719403849.jpg","7e761ec22de2c0627faba85f17fe6590.jpg","5e2fe24acda5fc70e8c02523a9c22cd2.jpg","6f73654f0007fb29718ad5f7d9a3daaf.jpg","f83acca6e0740cb999d540abcf6fd4d8.jpg","7b70b43bc118656304d3bd68c637423d.jpg","3f0a0e4b97929589dee454f7cc07c36e.jpg"],"unit":null},"videos":null,"contacts":{"id":16,"value":{"without_number":false,"phone_numbers":["37379500425"]},"unit":null},"delivery":null}
[2025-04-30 23:04:11] {"id":"100880876","title":"Hyundai Tucson","offer_type":776,"price":{"id":2,"value":16800,"unit":"eur"},"state":"public","categories":{"category":{"id":"658","title":"Транспорт","url":"transport"},"subcategory":{"id":"659","title":"Легковые автомобили","url":"transport/cars"}},"type":"standard","views_counter":0,"autorepublisher":{"enabled":false,"schedule":null},"posted":"2025-04-30T23:04:09+03:00","republished":"2025-04-30T23:04:11+03:00","expire":"2025-05-30T23:04:11+03:00","block_reasons":null,"location":{"location_region":"Кишинёв мун.","location_location":"","location_sector":"","location_street":"","location_building":""},"images":{"id":14,"value":["5de78a429538c61cce4ce93d1dbff5a3.jpg","7a739df8eb0a072403b15dae09953449.jpg","58332979b69402621d25728e9c633373.jpg","41bb428768de656449c16c3d78cbf89e.jpg","54d374561416d8ae0ce986f69f2c2933.jpg","08cf37531a12761eecea1c639a2669cd.jpg","ad480c72927062a28b431ce01d20bfc9.jpg","02d9734ec608da3d2c00beaa388e2edf.jpg","4cbda5b4e2be13e3656f8abe6b8f29d2.jpg","f547e316b11302a883b050084053d7c4.jpg","983a58eaef114dfd90690b80185bec2d.jpg","fc15525831f1cda04ff09a1ddf466fb3.jpg","06ef2a5a05ec7149b1eb0a2aed4909e6.jpg","79c15e0dc7c74d06216a34e7519cf366.jpg","75fa218af32d18531e76d1e9121ba2dc.jpg","72da3970038835feaf47cb183ee535c2.jpg","fe698c12100dbed1a9d2dd3dac77ed9a.jpg"],"unit":null},"videos":null,"contacts":{"id":16,"value":{"without_number":false,"phone_numbers":["37379500425"]},"unit":null},"delivery":null}
[2025-04-30 23:04:11] {"id":"100830542","title":"Honda CR-V","offer_type":776,"price":{"id":2,"value":32200,"unit":"eur"},"state":"public","categories":{"category":{"id":"658","title":"Транспорт","url":"transport"},"subcategory":{"id":"659","title":"Легковые автомобили","url":"transport/cars"}},"type":"standard","views_counter":93,"autorepublisher":{"enabled":false,"schedule":null},"posted":"2025-04-24T21:24:59+03:00","republished":"2025-04-30T12:32:07+03:00","expire":"2025-05-30T12:32:07+03:00","block_reasons":null,"location":{"location_region":"Кишинёв мун.","location_location":"","location_sector":"","location_street":"","location_building":""},"images":{"id":14,"value":["fb5b04652fce595638db0d4a40810e40.jpg","b19e4e0bc3cae88251be93757aa9c3e6.jpg","8146fc0770d76d06bd567d5433ea35a1.jpg","e8f30a7d43df2a87c4ba554c15a48a9d.jpg","2320178f754b1d5379d30a6d4edf8074.jpg","9b113ddf197f79b6566b14776b3e195f.jpg","3d4d5a9a93add5e5914bd2dae0cfada8.jpg","80ba1c8bb792d3ed159525c638a80ed0.jpg","a15820f54e002c429b26d2a66671abc0.jpg","d39a3b98b2b950eabea02d17cc4b68cf.jpg","a8284f061a76bd99a2673772aab42354.jpg","4706e4500c9c41f4bb6baa59211fa7d0.jpg","7e8a7b1cd790f28afc02148bf4f914c9.jpg","14bcf01b2e74008c9275071bcfa9b51d.jpg","0ba7ed01245ecaf8b736633a7d268721.jpg","0d3a6e94e4918f0c6e02860b5bcbe510.jpg","edeb47ff441323e0a5e2ab61311680e6.jpg","e9f1af3f696588c51f7ebac017b8ee0b.jpg","1ad971bc1eeeb7cd1132dfa951358a8e.jpg"],"unit":null},"videos":null,"contacts":{"id":16,"value":{"without_number":false,"phone_numbers":["37379500425"]},"unit":null},"delivery":null}
[2025-04-30 23:04:11] {"id":"100828672","title":"Opel Astra","offer_type":776,"price":{"id":2,"value":7499,"unit":"eur"},"state":"public","categories":{"category":{"id":"658","title":"Транспорт","url":"transport"},"subcategory":{"id":"659","title":"Легковые автомобили","url":"transport/cars"}},"type":"standard","views_counter":22,"autorepublisher":{"enabled":false,"schedule":null},"posted":"2025-04-24T18:02:52+03:00","republished":"2025-04-29T09:48:48+03:00","expire":"2025-05-29T09:48:48+03:00","block_reasons":null,"location":{"location_region":"Кишинёв мун.","location_location":"","location_sector":"","location_street":"","location_building":""},"images":{"id":14,"value":["fc335f5c39f00daed58a834bb75710ea.jpg","0ab294abfecbef0483a6e6a8ebe7efa2.jpg","b5a6e221318d673712e4b5880847ad5b.jpg","5593210b119d1a612caadf6ba4f49403.jpg","bb5a3cdb19f0e766192fd416f66819ab.jpg","07a20e17ed62a36b866e9083f1b653e1.jpg","b759aab7effbbda22476d439b85974cf.jpg","6349fcbcbab2b4e32b5110b965dfb67f.jpg","6b4b265040295ebddceb7fa75a14dd29.jpg","cc5f4d471921a6fe8a530a99ba3ca4de.jpg","3662d502a8802985aca072cb3abb199a.jpg","e526f987991396585f136bafc6830791.jpg","0be2233fab1e7014db5f8731a70e128c.jpg","38df9189fb939ef91f79e9d534e75cd1.jpg","cece09e35be6f44150b5bd4c33edec09.jpg","8b0294c1b8be6c3323f3c424e815a771.jpg","fe6fa598edc0a72a6c0a34307a2d8d13.jpg","186e901b9fe6947a7cac8d70ac4b6275.jpg"],"unit":null},"videos":null,"contacts":{"id":16,"value":{"without_number":false,"phone_numbers":["37379500425"]},"unit":null},"delivery":null}
[2025-04-30 23:04:11] {"id":"100828359","title":"Ford Mondeo","offer_type":776,"price":{"id":2,"value":9799,"unit":"eur"},"state":"public","categories":{"category":{"id":"658","title":"Транспорт","url":"transport"},"subcategory":{"id":"659","title":"Легковые автомобили","url":"transport/cars"}},"type":"standard","views_counter":19,"autorepublisher":{"enabled":false,"schedule":null},"posted":"2025-04-24T17:37:42+03:00","republished":"2025-04-30T12:15:13+03:00","expire":"2025-05-30T12:15:13+03:00","block_reasons":null,"location":{"location_region":"Кишинёв мун.","location_location":"","location_sector":"","location_street":"","location_building":""},"images":{"id":14,"value":["5f6bb0b49b5732ce4f0a6bf885cd68e3.jpg","9d6ed6e9c123cae5faf760a8c9454c2c.jpg","b07d78708497b1f9f710fa661d0bae8d.jpg","acf9191403b4af4ffe583c4e4136f4ce.jpg","d6339401190ba11feffb2a9998680054.jpg","4728899c6bd1efeee99156449b5c2cb6.jpg","f9e8db3764b1aa26a5481838e8f08cfb.jpg","3ab413c15a5ba5ed64150b4a8b98d4b0.jpg","20ed23b2fafa64a422c458417fb9d635.jpg","57f39251dd82c86b881443a2eec640e1.jpg","89300acd19e60ede96a19036f76118dc.jpg","d6c63901bc099d2a64ff0cbd342b0c43.jpg","956d67898ee56b248ae4cc47f03e8dfb.jpg","bca3ff8d5e2fb177f6a02b2bcfc0aff5.jpg","97c0fa41e739807d7e49d0d88018ac8a.jpg","a24920e896cff893d0810c8f29fc5b8f.jpg"],"unit":null},"videos":null,"contacts":{"id":16,"value":{"without_number":false,"phone_numbers":["37379500425"]},"unit":null},"delivery":null}
[2025-04-30 23:04:11] {"id":"100821865","title":"Audi SQ5","offer_type":776,"price":{"id":2,"value":35500,"unit":"eur"},"state":"public","categories":{"category":{"id":"658","title":"Транспорт","url":"transport"},"subcategory":{"id":"659","title":"Легковые автомобили","url":"transport/cars"}},"type":"standard","views_counter":15,"autorepublisher":{"enabled":false,"schedule":null},"posted":"2025-04-24T09:45:37+03:00","republished":"2025-04-29T13:21:08+03:00","expire":"2025-05-29T13:21:08+03:00","block_reasons":null,"location":{"location_region":"Кишинёв мун.","location_location":"","location_sector":"","location_street":"","location_building":""},"images":{"id":14,"value":["5a954dc238ff47c97a0f3374264def17.jpg","a037fb7c0b1d2e812d820e2a67502093.jpg","9e506328b28b03663d239889d2fa1520.jpg","b878f5d8d87b92ff9de749c822b09075.jpg","3a58ab64d2a9c15a20ca86b40cfc838d.jpg","42cb55d9a8787b010ae73678ba136193.jpg","5772e619161afe642ce09b1291db8cc6.jpg","1a472b4ac0313c552ab27052c11cf646.jpg","dd5bf538a02f61043d7a73e5a459c7ec.jpg","b1d2ea0d2e9753e5b2ce074c565cbe99.jpg","1d86590b294bc2af6ada8b544391a459.jpg","d03434d0316ac4d3e2c4dc158061f75d.jpg","e501f69ad9a59c4d7657a1feadbb7471.jpg","af46f9a2cd8266f89e3a4c55af39010f.jpg"],"unit":null},"videos":null,"contacts":{"id":16,"value":{"without_number":false,"phone_numbers":["37379500425"]},"unit":null},"delivery":null}
[2025-04-30 23:04:11] {"id":"100819412","title":"Volkswagen Passat","offer_type":776,"price":{"id":2,"value":13999,"unit":"eur"},"state":"public","categories":{"category":{"id":"658","title":"Транспорт","url":"transport"},"subcategory":{"id":"659","title":"Легковые автомобили","url":"transport/cars"}},"type":"standard","views_counter":40,"autorepublisher":{"enabled":false,"schedule":null},"posted":"2025-04-23T21:35:20+03:00","republished":"2025-04-30T12:55:08+03:00","expire":"2025-05-30T12:55:08+03:00","block_reasons":null,"location":{"location_region":"Кишинёв мун.","location_location":"","location_sector":"","location_street":"","location_building":""},"images":{"id":14,"value":["74bad943a86473bc4981c42b77f5ad37.jpg","7cf39fdff353e8dc54dd46da8ed44616.jpg","2e55219a0c6b3d6a92b194701b9a357b.jpg","691c44090f1c23c3feae75965369ca14.jpg","29c889ad02588194e3657a3af57a9396.jpg","17f11a7bcc3f00450eadd89eea07d683.jpg","79bda3dd481d6c45a41f3d999e6c3d82.jpg","a2cb487e79d9db94bb91b113ea410371.jpg","330af3a698777c37f603e92c6c6eb72d.jpg","a98ff39dea4c7d27f643d94e61a5789e.jpg","30c2dc5936ceb2cbc303b49a46c34778.jpg","34990b6b7acf30b3f3565d57521b9c47.jpg","19684be3f34934e7945c792dfc8a0d07.jpg","62a522bb48d339c434f8a927286d533c.jpg","63102477f8ca29901778219cd8d8c860.jpg","b1e0a4391adf5bdbfaf6b0d62e7944c2.jpg","62197311b5707d83e82f15b9c1e4e02b.jpg","76926cb9e6bd219521612a4325033af8.jpg","967bf88a442cb882ad166ced0f0ca5b3.jpg"],"unit":null},"videos":null,"contacts":{"id":16,"value":{"without_number":false,"phone_numbers":["37379500425"]},"unit":null},"delivery":null}
[2025-04-30 23:04:11] {"id":"100821922","title":"Volkswagen Crafter","offer_type":776,"price":{"id":2,"value":11900,"unit":"eur"},"state":"public","categories":{"category":{"id":"658","title":"Транспорт","url":"transport"},"subcategory":{"id":"662","title":"Грузовые автомобили","url":"transport/trucks"}},"type":"standard","views_counter":30,"autorepublisher":{"enabled":false,"schedule":null},"posted":"2025-04-24T09:49:32+03:00","republished":"2025-04-30T12:15:10+03:00","expire":"2025-05-30T12:15:10+03:00","block_reasons":null,"location":{"location_region":"Кишинёв мун.","location_location":"","location_sector":"","location_street":"","location_building":""},"images":{"id":14,"value":["53e323b1d5b8ec4ec5baabf58b4d34d1.jpg","25525d7b8eb1cd58a998e820c33717b6.jpg","31a4b037775b9acbde983a10e6d5f372.jpg","f60493db07b9001cd4e4d24a973ebeb0.jpg","83ea9fd79fb25f4a666f88a47afdf899.jpg","71f4f2273f8058a95ae4eb35b8255f70.jpg","adb7d82b524ca41cafbd6a669c7413bf.jpg","1d204d36ecf60e816ec4e04b3ffac2fb.jpg","66ec651f43dd030c47d5f07430a6c171.jpg","5f89c29fbd540b30ddff749dcc94adea.jpg","05a9d08dc9f6d5b1eb5c504322a976d6.jpg","ffec1be46e5356e6123142f91f7c006a.jpg","fa9b8db3d6c6f846271954d4ca958a28.jpg"],"unit":null},"videos":null,"contacts":{"id":16,"value":{"without_number":false,"phone_numbers":["37379954375"]},"unit":null},"delivery":null}
[2025-04-30 23:04:11] <html>
<head><title>429 Too Many Requests</title></head>
<body>
<center><h1>429 Too Many Requests</h1></center>
<hr><center>nginx</center>
</body>
</html>

[2025-04-30 23:04:11] <html>
<head><title>429 Too Many Requests</title></head>
<body>
<center><h1>429 Too Many Requests</h1></center>
<hr><center>nginx</center>
</body>
</html>

[2025-04-30 23:04:11] <html>
<head><title>429 Too Many Requests</title></head>
<body>
<center><h1>429 Too Many Requests</h1></center>
<hr><center>nginx</center>
</body>
</html>

[2025-04-30 23:04:11] <html>
<head><title>429 Too Many Requests</title></head>
<body>
<center><h1>429 Too Many Requests</h1></center>
<hr><center>nginx</center>
</body>
</html>

[2025-04-30 23:04:11] {"id":"100777361","title":"Nissan Qashqai","offer_type":776,"price":{"id":2,"value":15899,"unit":"eur"},"state":"public","categories":{"category":{"id":"658","title":"Транспорт","url":"transport"},"subcategory":{"id":"659","title":"Легковые автомобили","url":"transport/cars"}},"type":"standard","views_counter":36,"autorepublisher":{"enabled":false,"schedule":null},"posted":"2025-04-18T23:04:36+03:00","republished":"2025-04-30T21:45:02+03:00","expire":"2025-05-30T21:45:02+03:00","block_reasons":null,"location":{"location_region":"Кишинёв мун.","location_location":"","location_sector":"","location_street":"","location_building":""},"images":{"id":14,"value":["ee0064b859ae7851be95d06e4f35f5ff.jpg","37ed29ecb1f0c96b5ab8fd54f94ba02c.jpg","6074b4886a073ca16eafca412da534fb.jpg","a41f5f8097836ac0920b447e8c668696.jpg","07f8d1946afb27c3243f659c76ca8fd5.jpg","2304258123e859d3f72ade1951619680.jpg","d2895ccadfb40fc54de612066962b628.jpg","68b1d377f59308ff1ac83a697ef67025.jpg","1e0199a0c9d4984a973139ddf37c3d96.jpg","c8ccfab0ec581b55e81bd74548daa29c.jpg","64d2767cf6c147d65877283c1040be7a.jpg","a7525a955e77bb19c2f7ce4f9ccdd1f9.jpg","31b45c2674bd12a6c18e1ea6251d1e2b.jpg","3c2e1c84888c8312730a83b062244f17.jpg","7afc2e6e316bfa1ee5a2503b8652687c.jpg","8563b37aa9e0d91d8533b94e6a0fa1d9.jpg","4982cce78e5f4484ed1883a50fa478b9.jpg","8a3d2931ad19c0f6d6198960b0328279.jpg","dbf62230bf212907dfd1bae54f7bf9d1.jpg"],"unit":null},"videos":null,"contacts":{"id":16,"value":{"without_number":false,"phone_numbers":["37379500425"]},"unit":null},"delivery":null}
[2025-04-30 23:04:11] <html>
<head><title>429 Too Many Requests</title></head>
<body>
<center><h1>429 Too Many Requests</h1></center>
<hr><center>nginx</center>
</body>
</html>

[2025-04-30 23:04:11] <html>
<head><title>429 Too Many Requests</title></head>
<body>
<center><h1>429 Too Many Requests</h1></center>
<hr><center>nginx</center>
</body>
</html>

[2025-04-30 23:04:12] <html>
<head><title>429 Too Many Requests</title></head>
<body>
<center><h1>429 Too Many Requests</h1></center>
<hr><center>nginx</center>
</body>
</html>

[2025-04-30 23:04:12] <html>
<head><title>429 Too Many Requests</title></head>
<body>
<center><h1>429 Too Many Requests</h1></center>
<hr><center>nginx</center>
</body>
</html>

[2025-04-30 23:04:12] <html>
<head><title>429 Too Many Requests</title></head>
<body>
<center><h1>429 Too Many Requests</h1></center>
<hr><center>nginx</center>
</body>
</html>

[2025-04-30 23:04:12] {"id":"100734942","title":"Mazda 3","offer_type":776,"price":{"id":2,"value":11999,"unit":"eur"},"state":"public","categories":{"category":{"id":"658","title":"Транспорт","url":"transport"},"subcategory":{"id":"659","title":"Легковые автомобили","url":"transport/cars"}},"type":"standard","views_counter":107,"autorepublisher":{"enabled":false,"schedule":null},"posted":"2025-04-14T22:02:02+03:00","republished":"2025-04-29T08:14:11+03:00","expire":"2025-05-29T08:14:11+03:00","block_reasons":null,"location":{"location_region":"Кишинёв мун.","location_location":"","location_sector":"","location_street":"","location_building":""},"images":{"id":14,"value":["081a348cdd9d4babed098ddcc24434c3.jpg","2fd9c97bb521eb7406fbe5bc3a819121.jpg","9b404d9b976f3bba98b620a884bb7dce.jpg","143f3e19cb8f8ad469144bb27db4c862.jpg","4315f8f38fe14c8c7f68f7999535e789.jpg","c7d2653937f348beedd48b225edd5a2a.jpg","be569add9bcc57504948f1ac3cacdec3.jpg","753dab55d951fc34d8cc6dffd5fe640e.jpg","475cf1bf1a9f0c2a5877ec479d05ac8c.jpg","a87eca58b2b5daca05db93f2b0a8b81d.jpg","a952c2ad3ea8414b8dfce54a91448420.jpg","6135e80b7799b28adbde81495ae3b02e.jpg","05feb47e29e150358d73e52797d81ca1.jpg","e710bb84d45454a8aaedb5684ec7d9b7.jpg","4f3a8718791db9b7153efe365ede8ee3.jpg","b836f4acc20e70fc8c60d645d89d165b.jpg","1b49ac39422db6c2bb1ace42b2b85ed9.jpg","bdd505ee2431952da5c6752266eae50a.jpg","ac79df3d155c9f455e3c1e8a22aa7a6a.jpg","9afd16621e308e1369a17ea4d1d082de.jpg"],"unit":null},"videos":null,"contacts":{"id":16,"value":{"without_number":false,"phone_numbers":["37379500425"]},"unit":null},"delivery":null}
[2025-04-30 23:04:12] <html>
<head><title>429 Too Many Requests</title></head>
<body>
<center><h1>429 Too Many Requests</h1></center>
<hr><center>nginx</center>
</body>
</html>

[2025-04-30 23:04:12] <html>
<head><title>429 Too Many Requests</title></head>
<body>
<center><h1>429 Too Many Requests</h1></center>
<hr><center>nginx</center>
</body>
</html>

[2025-04-30 23:04:12] <html>
<head><title>429 Too Many Requests</title></head>
<body>
<center><h1>429 Too Many Requests</h1></center>
<hr><center>nginx</center>
</body>
</html>

[2025-04-30 23:04:12] <html>
<head><title>429 Too Many Requests</title></head>
<body>
<center><h1>429 Too Many Requests</h1></center>
<hr><center>nginx</center>
</body>
</html>

[2025-04-30 23:04:12] <html>
<head><title>429 Too Many Requests</title></head>
<body>
<center><h1>429 Too Many Requests</h1></center>
<hr><center>nginx</center>
</body>
</html>

[2025-04-30 23:04:12] {"id":"100619851","title":"Skoda Fabia","offer_type":776,"price":{"id":2,"value":7999,"unit":"eur"},"state":"public","categories":{"category":{"id":"658","title":"Транспорт","url":"transport"},"subcategory":{"id":"659","title":"Легковые автомобили","url":"transport/cars"}},"type":"standard","views_counter":50,"autorepublisher":{"enabled":false,"schedule":null},"posted":"2025-04-04T11:34:47+03:00","republished":"2025-04-30T12:40:03+03:00","expire":"2025-05-30T12:40:03+03:00","block_reasons":null,"location":{"location_region":"Кишинёв мун.","location_location":"","location_sector":"","location_street":"","location_building":""},"images":{"id":14,"value":["5dc5b1a34a707ef151eccda4d7ad10ac.jpg","63a62105d9c094a308431c9b23719321.jpg","151d0673fbae9765d7f15185b5a8e92b.jpg","dfc670e7847b196b3737d5727bce7415.jpg","5db43a92d8319ddbc2d9e48632b37e1e.jpg","d0193b807ed4643843cee606c296ac2a.jpg","ec267dd86184b6e5c68967b6844d76a1.jpg","9d1af7d8703fefd940f23dae19131e86.jpg","14716c4f7ed709f0b5cc0daff45bd47b.jpg","f6755606d10d581080b65b533f2e477d.jpg","1e71eda12be6fe92a4cb7ee8571cdacc.jpg","6d09424718f388da94eb8097138519c6.jpg","201cd83b0e04b531e2de2dc099b200c3.jpg","92b01ddd61efa9e531dfa50f4f99d224.jpg","9255c850436151bb5f63b69e12f89084.jpg","d1dd34b82408d2c76e4ef399a527822b.jpg","fef2cb0a3ae834c6a52372927bbd579d.jpg","e02f73076411cf67d22e195518728938.jpg","e159d11d6b1f015302abc3cfb3609ebb.jpg","f5519adc353dea9e087c841854ada559.jpg"],"unit":null},"videos":null,"contacts":{"id":16,"value":{"without_number":false,"phone_numbers":["37379500425"]},"unit":null},"delivery":null}
[2025-04-30 23:04:12] <html>
<head><title>429 Too Many Requests</title></head>
<body>
<center><h1>429 Too Many Requests</h1></center>
<hr><center>nginx</center>
</body>
</html>

[2025-04-30 23:04:12] <html>
<head><title>429 Too Many Requests</title></head>
<body>
<center><h1>429 Too Many Requests</h1></center>
<hr><center>nginx</center>
</body>
</html>

[2025-04-30 23:04:12] <html>
<head><title>429 Too Many Requests</title></head>
<body>
<center><h1>429 Too Many Requests</h1></center>
<hr><center>nginx</center>
</body>
</html>

[2025-04-30 23:04:12] <html>
<head><title>429 Too Many Requests</title></head>
<body>
<center><h1>429 Too Many Requests</h1></center>
<hr><center>nginx</center>
</body>
</html>

[2025-04-30 23:04:12] <html>
<head><title>429 Too Many Requests</title></head>
<body>
<center><h1>429 Too Many Requests</h1></center>
<hr><center>nginx</center>
</body>
</html>

[2025-04-30 23:04:12] {"id":"100557131","title":"Ford Focus","offer_type":776,"price":{"id":2,"value":8900,"unit":"eur"},"state":"public","categories":{"category":{"id":"658","title":"Транспорт","url":"transport"},"subcategory":{"id":"659","title":"Легковые автомобили","url":"transport/cars"}},"type":"standard","views_counter":144,"autorepublisher":{"enabled":false,"schedule":null},"posted":"2025-03-29T15:31:38+02:00","republished":"2025-04-30T12:55:03+03:00","expire":"2025-05-30T12:55:03+03:00","block_reasons":null,"location":{"location_region":"Кишинёв мун.","location_location":"","location_sector":"","location_street":"","location_building":""},"images":{"id":14,"value":["70bef8b8020e53d2c67136d1f8a94882.jpg","d0e6b7aa8c687baf34bb51faa052a0ba.jpg","366f43c5ffd70b8b6ffb98bf5fb044fd.jpg","0741e705489b3c37cd721962c4666f61.jpg","49ddc20c1ba75414c0b9891afa6fa8bb.jpg","9dd2f60b163bee781dab489e4b7560c9.jpg","4825312db7daa4f2240ce82ae694eeef.jpg","727b5d54ad745a559a4488067761adf2.jpg","b2b3db51efbaa96665ee2bac97528eec.jpg","a5853fa05c78e12420efe8a04379ecb2.jpg","e4bb4d3e2aa70fe183d20d75401de0a7.jpg","81355f99d0d625f3001bd65c105bef70.jpg","d1cf11ad0d035c69144dfd0a9129f14c.jpg","415fc15777f083c9192ebd36efd89eed.jpg","72ea13ad1ae9f8bf50cf826e95d4963a.jpg","bec701c21709170c9b6014c6538d3ca8.jpg","008102cc3d8efe4dbed08dfc3f226dd1.jpg","1f4318da3e5be494796928f5dcd37bbf.jpg","3072a48bf9e26b253d0dbc02bbbbea6d.jpg"],"unit":null},"videos":null,"contacts":{"id":16,"value":{"without_number":false,"phone_numbers":["37379500645"]},"unit":null},"delivery":null}
[2025-04-30 23:04:12] <html>
<head><title>429 Too Many Requests</title></head>
<body>
<center><h1>429 Too Many Requests</h1></center>
<hr><center>nginx</center>
</body>
</html>

[2025-04-30 23:04:12] <html>
<head><title>429 Too Many Requests</title></head>
<body>
<center><h1>429 Too Many Requests</h1></center>
<hr><center>nginx</center>
</body>
</html>

[2025-04-30 23:04:12] <html>
<head><title>429 Too Many Requests</title></head>
<body>
<center><h1>429 Too Many Requests</h1></center>
<hr><center>nginx</center>
</body>
</html>

[2025-04-30 23:04:12] <html>
<head><title>429 Too Many Requests</title></head>
<body>
<center><h1>429 Too Many Requests</h1></center>
<hr><center>nginx</center>
</body>
</html>

[2025-04-30 23:04:12] <html>
<head><title>429 Too Many Requests</title></head>
<body>
<center><h1>429 Too Many Requests</h1></center>
<hr><center>nginx</center>
</body>
</html>

[2025-04-30 23:04:12] {"id":"100471275","title":"Ford Transit tva inclus","offer_type":776,"price":{"id":2,"value":13899,"unit":"eur"},"state":"public","categories":{"category":{"id":"658","title":"Транспорт","url":"transport"},"subcategory":{"id":"660","title":"Автобусы и микроавтобусы","url":"transport/buses-and-minibuses"}},"type":"standard","views_counter":248,"autorepublisher":{"enabled":true,"schedule":{"monday":{"enabled":true,"times":["11:00","14:00","17:00"]},"tuesday":{"enabled":true,"times":["11:00","14:00","17:00"]},"wednesday":{"enabled":true,"times":["11:00","14:00","17:00"]},"thursday":{"enabled":true,"times":["11:00","14:00","17:00"]},"friday":{"enabled":true,"times":["11:00","14:00","17:00"]},"saturday":{"enabled":true,"times":["11:00","14:00","17:00"]},"sunday":{"enabled":true,"times":["11:00","14:00","17:00"]}}},"posted":"2025-03-21T16:49:20+02:00","republished":"2025-04-30T17:00:14+03:00","expire":"2025-05-30T17:00:14+03:00","block_reasons":null,"location":{"location_region":"Кишинёв мун.","location_location":"","location_sector":"","location_street":"","location_building":""},"images":{"id":14,"value":["2550869c75c6f50cfc322e685f902fca.jpg","83ff9d3f3cb21d66f53227856284dcee.jpg","96632c95e5abaeb3224c2844d3b4a222.jpg","3c404bb171cf812a7464cc5c7950a7a1.jpg","1f7abb622a9f9d2ccdc9dc46f2088545.jpg","ef417c45ebc693be865ef663b36d6a12.jpg","7db9103af0c8762c414b42e7a951f52d.jpg","3a97fe989e0e438f7977387b0e1a0efa.jpg","59ca3ebc2c851fb69e2576a3a77ad8e4.jpg","7924644ae79e0c329c8e8d3bc91b34ea.jpg"],"unit":null},"videos":null,"contacts":{"id":16,"value":{"without_number":false,"phone_numbers":["37379954375"]},"unit":null},"delivery":null}
[2025-04-30 23:04:12] <html>
<head><title>429 Too Many Requests</title></head>
<body>
<center><h1>429 Too Many Requests</h1></center>
<hr><center>nginx</center>
</body>
</html>

[2025-04-30 23:04:12] <html>
<head><title>429 Too Many Requests</title></head>
<body>
<center><h1>429 Too Many Requests</h1></center>
<hr><center>nginx</center>
</body>
</html>

[2025-04-30 23:04:12] <html>
<head><title>429 Too Many Requests</title></head>
<body>
<center><h1>429 Too Many Requests</h1></center>
<hr><center>nginx</center>
</body>
</html>

[2025-04-30 23:04:12] <html>
<head><title>429 Too Many Requests</title></head>
<body>
<center><h1>429 Too Many Requests</h1></center>
<hr><center>nginx</center>
</body>
</html>

[2025-04-30 23:04:12] <html>
<head><title>429 Too Many Requests</title></head>
<body>
<center><h1>429 Too Many Requests</h1></center>
<hr><center>nginx</center>
</body>
</html>

[2025-04-30 23:04:12] {"id":"100369755","title":"Toyota Auris","offer_type":776,"price":{"id":2,"value":9850,"unit":"eur"},"state":"public","categories":{"category":{"id":"658","title":"Транспорт","url":"transport"},"subcategory":{"id":"659","title":"Легковые автомобили","url":"transport/cars"}},"type":"standard","views_counter":217,"autorepublisher":{"enabled":false,"schedule":null},"posted":"2025-03-13T10:09:53+02:00","republished":"2025-04-30T20:23:02+03:00","expire":"2025-05-30T20:23:02+03:00","block_reasons":null,"location":{"location_region":"Кишинёв мун.","location_location":"","location_sector":"","location_street":"","location_building":""},"images":{"id":14,"value":["6576e7f0d25408d29405e27e9b420c9d.jpg","fbc16b7db452f47299e1882e4400f6ac.jpg","0f2d660dc7d252ae2073192ab9473325.jpg","396406c31b3e3c0be836c11ce10b7abd.jpg","28bddc5c0886be26dfb358cfac8432d1.jpg","d2c6c8227bc79643d2bfe3723b7a863a.jpg","21f1f09b41397c4eeffcdce01214aebb.jpg","f575636ad4c2496f8830c7462f4b8f36.jpg","bb2c2aa1bea3816f0a33f60f37693fee.jpg","559ce25df65c694597c2f3870e740466.jpg","d40aab32ec76d351a24ff9192cb84dfb.jpg","2dcfcb0d9bfa696652012e7a9e880d1d.jpg","1e98aee31dd7f3f9941a623392ae7a1f.jpg","2cc54d0ca836a9b9f631f927cbcf5349.jpg","ecb1c0a5ab75929e3d210dc54681a3ec.jpg","2225de2ef985066fde0dca22aadd482f.jpg","547008a267c321cf424c2f9b0659ec96.jpg","7bbffe7330b11fb5e18c46fd0c412546.jpg","6b1b5770cbec4ee2df67f3647899b332.jpg"],"unit":null},"videos":null,"contacts":{"id":16,"value":{"without_number":false,"phone_numbers":["37379500425"]},"unit":null},"delivery":null}
[2025-04-30 23:04:12] <html>
<head><title>429 Too Many Requests</title></head>
<body>
<center><h1>429 Too Many Requests</h1></center>
<hr><center>nginx</center>
</body>
</html>

[2025-04-30 23:04:12] <html>
<head><title>429 Too Many Requests</title></head>
<body>
<center><h1>429 Too Many Requests</h1></center>
<hr><center>nginx</center>
</body>
</html>

[2025-04-30 23:04:13] <html>
<head><title>429 Too Many Requests</title></head>
<body>
<center><h1>429 Too Many Requests</h1></center>
<hr><center>nginx</center>
</body>
</html>

[2025-04-30 23:04:13] <html>
<head><title>429 Too Many Requests</title></head>
<body>
<center><h1>429 Too Many Requests</h1></center>
<hr><center>nginx</center>
</body>
</html>

[2025-04-30 23:04:13] <html>
<head><title>429 Too Many Requests</title></head>
<body>
<center><h1>429 Too Many Requests</h1></center>
<hr><center>nginx</center>
</body>
</html>

[2025-04-30 23:04:13] {"id":"100686187","title":"Ford Kuga","offer_type":776,"price":{"id":2,"value":17400,"unit":"eur"},"state":"public","categories":{"category":{"id":"658","title":"Транспорт","url":"transport"},"subcategory":{"id":"659","title":"Легковые автомобили","url":"transport/cars"}},"type":"standard","views_counter":65,"autorepublisher":{"enabled":false,"schedule":null},"posted":"2025-04-10T12:43:03+03:00","republished":"2025-04-29T08:14:10+03:00","expire":"2025-05-29T08:14:10+03:00","block_reasons":null,"location":{"location_region":"Кишинёв мун.","location_location":"","location_sector":"","location_street":"","location_building":""},"images":{"id":14,"value":["0c087943de81a7e2e339ba57a4ac7738.jpg","17f43fb90acf462caad4fb32ff7792b2.jpg","2c217924f7c71af101e44e39473caee1.jpg","e007e2024e056cb547bbe2973cd42cb4.jpg","461c0dd61686609ede3682cadfba5285.jpg","05ce36b8521a614426f49af43584e53d.jpg","39d5da896f883e10efb623dd264043c4.jpg","e2fb5111655350b0cdb0c310fefe2fe1.jpg","db33dc40f40d937faf059b5009302905.jpg","364ef32db81a4bca4f15058612f518a8.jpg","e81f0b528a16021eef46f973271367f2.jpg","2db854dd479db76f6374f906e212c4ce.jpg","baace750fb826afaee5394887d66063a.jpg","236ac69cd789d413e9a0dc821a89f356.jpg"],"unit":null},"videos":null,"contacts":{"id":16,"value":{"without_number":false,"phone_numbers":["37379500425"]},"unit":null},"delivery":null}
[2025-04-30 23:04:13] <html>
<head><title>429 Too Many Requests</title></head>
<body>
<center><h1>429 Too Many Requests</h1></center>
<hr><center>nginx</center>
</body>
</html>

[2025-04-30 23:04:13] <html>
<head><title>429 Too Many Requests</title></head>
<body>
<center><h1>429 Too Many Requests</h1></center>
<hr><center>nginx</center>
</body>
</html>

[2025-04-30 23:04:13] <html>
<head><title>429 Too Many Requests</title></head>
<body>
<center><h1>429 Too Many Requests</h1></center>
<hr><center>nginx</center>
</body>
</html>

[2025-04-30 23:04:13] <html>
<head><title>429 Too Many Requests</title></head>
<body>
<center><h1>429 Too Many Requests</h1></center>
<hr><center>nginx</center>
</body>
</html>

[2025-04-30 23:04:13] <html>
<head><title>429 Too Many Requests</title></head>
<body>
<center><h1>429 Too Many Requests</h1></center>
<hr><center>nginx</center>
</body>
</html>

[2025-04-30 23:04:13] <html>
<head><title>429 Too Many Requests</title></head>
<body>
<center><h1>429 Too Many Requests</h1></center>
<hr><center>nginx</center>
</body>
</html>

[2025-04-30 23:04:13] {"id":"100275447","title":"Skoda Fabia","offer_type":776,"price":{"id":2,"value":8899,"unit":"eur"},"state":"public","categories":{"category":{"id":"658","title":"Транспорт","url":"transport"},"subcategory":{"id":"659","title":"Легковые автомобили","url":"transport/cars"}},"type":"standard","views_counter":219,"autorepublisher":{"enabled":true,"schedule":{"monday":{"enabled":true,"times":["19:40","20:50"]},"tuesday":{"enabled":true,"times":["19:40","20:50"]},"wednesday":{"enabled":true,"times":["19:40","20:50"]},"thursday":{"enabled":true,"times":["19:40","20:50"]},"friday":{"enabled":true,"times":["19:40","20:50"]},"saturday":{"enabled":true,"times":["19:40","20:50"]},"sunday":{"enabled":true,"times":["19:40","20:50"]}}},"posted":"2025-03-05T12:27:56+02:00","republished":"2025-04-30T20:50:02+03:00","expire":"2025-05-30T20:50:02+03:00","block_reasons":null,"location":{"location_region":"Кишинёв мун.","location_location":"","location_sector":"","location_street":"","location_building":""},"images":{"id":14,"value":["2e630da554f7440d1179a23bef7a6d96.jpg","5f7bacfe0ab81af4ed329caa47170098.jpg","603f39cad61f7f255a22c2822b9e9621.jpg","a008730b0b65e33fe4560cdedd35664d.jpg","d2b029735886664365db15f4e45fcdc0.jpg","ea2e1112866a158ecf4a0b005c4a3c94.jpg","2fe88111c51f5572115c8ec886759b59.jpg","e94d2cc3c6f4fbe122c130631daccfac.jpg","562b3a2297757aeff4e43e6df4ba1235.jpg","629a588656b71e7aecdcb991dcd4fb06.jpg","efd67c0f673afd426c9dd1e477ceffe7.jpg","12c879243b97e42e771d083b80d2c7c6.jpg","c753a4400e790ec83ae44bf4c105cb5c.jpg","44f3a0e79a03b986c3e8aaf97684f8f4.jpg","fa187311fb420cd9c38ab187cb2f701d.jpg","b92a9aa4813c60e639ed9bb0423be3a2.jpg","44e56e98d9c88caec265e8e03835f80f.jpg"],"unit":null},"videos":null,"contacts":{"id":16,"value":{"without_number":false,"phone_numbers":["37379500425"]},"unit":null},"delivery":null}
[2025-04-30 23:04:13] <html>
<head><title>429 Too Many Requests</title></head>
<body>
<center><h1>429 Too Many Requests</h1></center>
<hr><center>nginx</center>
</body>
</html>

[2025-04-30 23:04:13] <html>
<head><title>429 Too Many Requests</title></head>
<body>
<center><h1>429 Too Many Requests</h1></center>
<hr><center>nginx</center>
</body>
</html>

[2025-04-30 23:04:13] <html>
<head><title>429 Too Many Requests</title></head>
<body>
<center><h1>429 Too Many Requests</h1></center>
<hr><center>nginx</center>
</body>
</html>

[2025-04-30 23:04:13] <html>
<head><title>429 Too Many Requests</title></head>
<body>
<center><h1>429 Too Many Requests</h1></center>
<hr><center>nginx</center>
</body>
</html>

[2025-04-30 23:04:13] <html>
<head><title>429 Too Many Requests</title></head>
<body>
<center><h1>429 Too Many Requests</h1></center>
<hr><center>nginx</center>
</body>
</html>

[2025-04-30 23:04:13] <html>
<head><title>429 Too Many Requests</title></head>
<body>
<center><h1>429 Too Many Requests</h1></center>
<hr><center>nginx</center>
</body>
</html>

[2025-04-30 23:04:13] {"id":"100190018","title":"Toyota Prius c","offer_type":776,"price":{"id":2,"value":8899,"unit":"eur"},"state":"public","categories":{"category":{"id":"658","title":"Транспорт","url":"transport"},"subcategory":{"id":"659","title":"Легковые автомобили","url":"transport/cars"}},"type":"standard","views_counter":206,"autorepublisher":{"enabled":false,"schedule":null},"posted":"2025-02-26T11:03:04+02:00","republished":"2025-04-29T13:21:02+03:00","expire":"2025-05-29T13:21:02+03:00","block_reasons":null,"location":{"location_region":"Кишинёв мун.","location_location":"","location_sector":"","location_street":"","location_building":""},"images":{"id":14,"value":["c754fce5d7c3d12c41381f6ab98501e9.jpg","69dc5ec1b4ab872f7e49c556724debb5.jpg","dffe44035589e820180c809e7ddc8314.jpg","99b481dc7680fa4a5cbce6551e5c068f.jpg","661357d30ee4dbbbac77a80622db8e3d.jpg","6b360e1d08ddc2fbab88c2ad2ddf3adc.jpg","2240447364ab25395bbf1652d159f751.jpg","cd4bcdaa9eb2cf8e1200e1120a86915d.jpg","7203fcbac495bead0d256b197ab529a1.jpg","c252987333489d85f8f56aff3b8d2234.jpg","fda9a4e873d8c76ac1514bc4e812a1ea.jpg","d64c71aa033097cbba45e41413716ab2.jpg","b0cd6f0b36b42f44a88ba5987dbd0deb.jpg","1ef350a3d6e8d8aaf40bf1fc1f902a30.jpg","d0c890e7e4bd0af008209bd71658c31b.jpg","84e093a9c243d7b14ea35230900fa63b.jpg","34c86c620cffd08cf1169b60faccf745.jpg","24d2ebf9ad1989482badf20ff0427589.jpg","e5e7807f422a78593ab4507945a19f39.jpg","780408a18bd6c5a31152cb7f8b3a4d9c.jpg"],"unit":null},"videos":null,"contacts":{"id":16,"value":{"without_number":false,"phone_numbers":["37379500425"]},"unit":null},"delivery":null}
[2025-04-30 23:04:13] <html>
<head><title>429 Too Many Requests</title></head>
<body>
<center><h1>429 Too Many Requests</h1></center>
<hr><center>nginx</center>
</body>
</html>

[2025-04-30 23:04:13] <html>
<head><title>429 Too Many Requests</title></head>
<body>
<center><h1>429 Too Many Requests</h1></center>
<hr><center>nginx</center>
</body>
</html>

[2025-04-30 23:04:13] <html>
<head><title>429 Too Many Requests</title></head>
<body>
<center><h1>429 Too Many Requests</h1></center>
<hr><center>nginx</center>
</body>
</html>

[2025-04-30 23:04:13] <html>
<head><title>429 Too Many Requests</title></head>
<body>
<center><h1>429 Too Many Requests</h1></center>
<hr><center>nginx</center>
</body>
</html>

[2025-04-30 23:04:13] <html>
<head><title>429 Too Many Requests</title></head>
<body>
<center><h1>429 Too Many Requests</h1></center>
<hr><center>nginx</center>
</body>
</html>

[2025-04-30 23:04:13] {"id":"100029917","title":"Skoda Fabia","offer_type":776,"price":{"id":2,"value":8199,"unit":"eur"},"state":"public","categories":{"category":{"id":"658","title":"Транспорт","url":"transport"},"subcategory":{"id":"659","title":"Легковые автомобили","url":"transport/cars"}},"type":"standard","views_counter":1420,"autorepublisher":{"enabled":false,"schedule":null},"posted":"2025-02-11T15:07:51+02:00","republished":"2025-04-16T20:15:09+03:00","expire":"2025-05-16T20:15:09+03:00","block_reasons":null,"location":{"location_region":"Кишинёв мун.","location_location":"","location_sector":"","location_street":"","location_building":""},"images":{"id":14,"value":["2aad6632d6026504d4e9f49de219ce68.jpg","dbc5d9a0dbefefd0466f5ee9736c1139.jpg","dc59fc44dbce9dd6ea825ad33e068e94.jpg","65ea00911837ae35b1c7d386ba8b3795.jpg","eed7c82d921634b6563c31089c03afd7.jpg","4e2c53409838c7b5acf816da563d92b3.jpg","0d7d6722774a9cc7d500769ccb4d0f95.jpg","abc910799191495d2779ab12106ed9f0.jpg","f8c0b2f2d7c1ab6c93fcfc99231d9328.jpg","da723f15be4b4b5f1b9f33d62ae91b84.jpg","e4e05cc8998762bd03a7f8ccc49ebd0a.jpg","b1e01b4116884fc90e27080deb844431.jpg","c02690d8240a9ec9278b2829baf02e77.jpg","25ef86eb4d49f4dfd295795f72e297d4.jpg","d0e5e2139f905c2c742d609f14f45c7e.jpg","61eefef842e08e6fe55cc2c0c8c4c24b.jpg"],"unit":null},"videos":null,"contacts":{"id":16,"value":{"without_number":false,"phone_numbers":["37379500425"]},"unit":null},"delivery":null}
[2025-04-30 23:04:13] <html>
<head><title>429 Too Many Requests</title></head>
<body>
<center><h1>429 Too Many Requests</h1></center>
<hr><center>nginx</center>
</body>
</html>

[2025-04-30 23:04:13] <html>
<head><title>429 Too Many Requests</title></head>
<body>
<center><h1>429 Too Many Requests</h1></center>
<hr><center>nginx</center>
</body>
</html>

[2025-04-30 23:04:13] <html>
<head><title>429 Too Many Requests</title></head>
<body>
<center><h1>429 Too Many Requests</h1></center>
<hr><center>nginx</center>
</body>
</html>

[2025-04-30 23:04:13] <html>
<head><title>429 Too Many Requests</title></head>
<body>
<center><h1>429 Too Many Requests</h1></center>
<hr><center>nginx</center>
</body>
</html>

[2025-04-30 23:04:13] <html>
<head><title>429 Too Many Requests</title></head>
<body>
<center><h1>429 Too Many Requests</h1></center>
<hr><center>nginx</center>
</body>
</html>

[2025-04-30 23:04:13] <html>
<head><title>429 Too Many Requests</title></head>
<body>
<center><h1>429 Too Many Requests</h1></center>
<hr><center>nginx</center>
</body>
</html>

[2025-04-30 23:04:13] {"id":"89875844","title":"Peugeot 5008","offer_type":776,"price":{"id":2,"value":18499,"unit":"eur"},"state":"public","categories":{"category":{"id":"658","title":"Транспорт","url":"transport"},"subcategory":{"id":"659","title":"Легковые автомобили","url":"transport/cars"}},"type":"standard","views_counter":725,"autorepublisher":{"enabled":false,"schedule":null},"posted":"2025-02-08T09:33:39+02:00","republished":"2025-04-10T13:45:02+03:00","expire":"2025-05-10T13:45:02+03:00","block_reasons":null,"location":{"location_region":"Кишинёв мун.","location_location":"","location_sector":"","location_street":"","location_building":""},"images":{"id":14,"value":["ad844fe32050a2a4cd3534209ab41950.jpg","fb12aaa5c1f064ffa6935082716f3dab.jpg","4da2616830f1517fa369f2fd9192ecd4.jpg","b438f5726510a9514bbe975a49429883.jpg","73f767113ee08c96bdbe3254a3cf2eab.jpg","03cd7456e16e6038afbc56c93b0afed1.jpg","85f5a970b6194c5707dc629e452d386e.jpg","53890fb8dd34318ad3dc65fc675ccb8e.jpg","3e7f1edf4e4cc7b2200aea7aa344ea7a.jpg","c526fe66f2d8e0549abf26f54b842c5b.jpg","bc2d1065b7f42b0b1384b5cc07f63da5.jpg","bfcb09b8c6a9d4e5dd5251d72ab2bad2.jpg","65eab908f166851935d89a4580b13892.jpg"],"unit":null},"videos":{"id":15,"value":[{"thumbnail_url":"https://i1.ytimg.com/vi/_sbHQnaZ9kk/mqdefault.jpg","video_url":"https://www.youtube.com/watch?v=_sbHQnaZ9kk"},{"thumbnail_url":"https://i1.ytimg.com/vi/O9CdDeJ9vXs/mqdefault.jpg","video_url":"https://www.youtube.com/watch?v=O9CdDeJ9vXs"},{"thumbnail_url":"https://i1.ytimg.com/vi/LDzcvhjTf0w/mqdefault.jpg","video_url":"https://www.youtube.com/watch?v=LDzcvhjTf0w"}],"unit":null},"contacts":{"id":16,"value":{"without_number":false,"phone_numbers":["37379500425"]},"unit":null},"delivery":null}
[2025-04-30 23:04:13] <html>
<head><title>429 Too Many Requests</title></head>
<body>
<center><h1>429 Too Many Requests</h1></center>
<hr><center>nginx</center>
</body>
</html>

[2025-04-30 23:04:13] <html>
<head><title>429 Too Many Requests</title></head>
<body>
<center><h1>429 Too Many Requests</h1></center>
<hr><center>nginx</center>
</body>
</html>

[2025-04-30 23:04:14] <html>
<head><title>429 Too Many Requests</title></head>
<body>
<center><h1>429 Too Many Requests</h1></center>
<hr><center>nginx</center>
</body>
</html>

[2025-04-30 23:04:14] <html>
<head><title>429 Too Many Requests</title></head>
<body>
<center><h1>429 Too Many Requests</h1></center>
<hr><center>nginx</center>
</body>
</html>

[2025-04-30 23:04:14] <html>
<head><title>429 Too Many Requests</title></head>
<body>
<center><h1>429 Too Many Requests</h1></center>
<hr><center>nginx</center>
</body>
</html>

[2025-04-30 23:04:14] <html>
<head><title>429 Too Many Requests</title></head>
<body>
<center><h1>429 Too Many Requests</h1></center>
<hr><center>nginx</center>
</body>
</html>

[2025-04-30 23:04:14] {"id":"89798279","title":"Lexus NX Series","offer_type":776,"price":{"id":2,"value":26998,"unit":"eur"},"state":"public","categories":{"category":{"id":"658","title":"Транспорт","url":"transport"},"subcategory":{"id":"659","title":"Легковые автомобили","url":"transport/cars"}},"type":"standard","views_counter":28951,"autorepublisher":{"enabled":false,"schedule":null},"posted":"2025-02-01T11:02:03+02:00","republished":"2025-04-23T16:16:12+03:00","expire":"2025-05-23T16:16:12+03:00","block_reasons":null,"location":{"location_region":"Кишинёв мун.","location_location":"","location_sector":"","location_street":"","location_building":""},"images":{"id":14,"value":["c6266635c820e3616c48c17604690e6f.jpg","2fd383cd0605fe08ed633139392b59fa.jpg","47cfee1eead0ea6dbf871a515f719c0d.jpg","5c66c4742e783d29c8f48a62be545345.jpg","206381e8d40a6edfac343aabab2e2039.jpg","ba80e8566a54bf9599fd9560e81c0ce4.jpg","3045517b390daffcc2ff569bc21ff0a6.jpg","22b665261b7e63d55be1ff6ec50fc401.jpg","6272ed5eb6aa7856c75b482e36b8a219.jpg","82b18aa87b610dea3b6d510724cd07d4.jpg","ea3be8a766d1c268274cbd1e2be4ecc6.jpg","f942f699280619a892edeb87c60f3f5e.jpg","11ef8d3c3b7f5c9697159da304b26696.jpg","852e3cafc86c8efca010bc5e44f7703e.jpg","80be5152ed72b7bf44ce8020562a1147.jpg","19c5d1d303398952075a68761f3287da.jpg","3388cf3b16973d98c7183937c377b5ff.jpg","9497512b3e6f4ebae414946ae9e255dd.jpg","a6d54033d10fa1c6380ed0d2c594722a.jpg"],"unit":null},"videos":{"id":15,"value":[{"thumbnail_url":"https://i1.ytimg.com/vi/_sbHQnaZ9kk/mqdefault.jpg","video_url":"https://www.youtube.com/watch?v=_sbHQnaZ9kk"},{"thumbnail_url":"https://i1.ytimg.com/vi/O9CdDeJ9vXs/mqdefault.jpg","video_url":"https://www.youtube.com/watch?v=O9CdDeJ9vXs"},{"thumbnail_url":"https://i1.ytimg.com/vi/LDzcvhjTf0w/mqdefault.jpg","video_url":"https://www.youtube.com/watch?v=LDzcvhjTf0w"}],"unit":null},"contacts":{"id":16,"value":{"without_number":false,"phone_numbers":["37379500425"]},"unit":null},"delivery":null}
[2025-04-30 23:04:14] <html>
<head><title>429 Too Many Requests</title></head>
<body>
<center><h1>429 Too Many Requests</h1></center>
<hr><center>nginx</center>
</body>
</html>

[2025-04-30 23:04:14] <html>
<head><title>429 Too Many Requests</title></head>
<body>
<center><h1>429 Too Many Requests</h1></center>
<hr><center>nginx</center>
</body>
</html>

[2025-04-30 23:04:14] <html>
<head><title>429 Too Many Requests</title></head>
<body>
<center><h1>429 Too Many Requests</h1></center>
<hr><center>nginx</center>
</body>
</html>

[2025-04-30 23:04:14] <html>
<head><title>429 Too Many Requests</title></head>
<body>
<center><h1>429 Too Many Requests</h1></center>
<hr><center>nginx</center>
</body>
</html>

[2025-04-30 23:04:14] {"id":"89741634","title":"BMW 5 Series","offer_type":776,"price":{"id":2,"value":17899,"unit":"eur"},"state":"public","categories":{"category":{"id":"658","title":"Транспорт","url":"transport"},"subcategory":{"id":"659","title":"Легковые автомобили","url":"transport/cars"}},"type":"standard","views_counter":542,"autorepublisher":{"enabled":false,"schedule":null},"posted":"2025-01-27T10:11:44+02:00","republished":"2025-04-24T13:35:02+03:00","expire":"2025-05-24T13:35:02+03:00","block_reasons":null,"location":{"location_region":"Кишинёв мун.","location_location":"","location_sector":"","location_street":"","location_building":""},"images":{"id":14,"value":["83dbcf2b2a86a7c80026054bb9edb66c.jpg","ff29099760d526e78e87b9bbcc1e9f8e.jpg","65ffe770f0de4370e733441f5ae7ada5.jpg","c5cc095ea711d5ef1269222af3b528ee.jpg","e95b1580b12d34dd5c0871a8de9eaedf.jpg","4f728ffdf28801f9e5211f2e98e10429.jpg","4dce9c241e2c4b11fc51cc1e7ce99b53.jpg","ec77443f7473c06dc3a98063fbb51eb0.jpg","f412af670bbd65ca88b6640567b909a7.jpg","9cb19efc5b2694801bb278955de4fd7d.jpg","5d99b1bdb1a9f9a2df13dd3c378d7423.jpg","bec6fa83887b5d199a0c9de7b8de98b8.jpg"],"unit":null},"videos":{"id":15,"value":[{"thumbnail_url":"https://i1.ytimg.com/vi/_sbHQnaZ9kk/mqdefault.jpg","video_url":"https://www.youtube.com/watch?v=_sbHQnaZ9kk"},{"thumbnail_url":"https://i1.ytimg.com/vi/O9CdDeJ9vXs/mqdefault.jpg","video_url":"https://www.youtube.com/watch?v=O9CdDeJ9vXs"},{"thumbnail_url":"https://i1.ytimg.com/vi/LDzcvhjTf0w/mqdefault.jpg","video_url":"https://www.youtube.com/watch?v=LDzcvhjTf0w"}],"unit":null},"contacts":{"id":16,"value":{"without_number":false,"phone_numbers":["37379500425"]},"unit":null},"delivery":null}
[2025-04-30 23:04:14] <html>
<head><title>429 Too Many Requests</title></head>
<body>
<center><h1>429 Too Many Requests</h1></center>
<hr><center>nginx</center>
</body>
</html>

[2025-04-30 23:04:14] <html>
<head><title>429 Too Many Requests</title></head>
<body>
<center><h1>429 Too Many Requests</h1></center>
<hr><center>nginx</center>
</body>
</html>

[2025-04-30 23:04:14] <html>
<head><title>429 Too Many Requests</title></head>
<body>
<center><h1>429 Too Many Requests</h1></center>
<hr><center>nginx</center>
</body>
</html>

[2025-04-30 23:04:14] <html>
<head><title>429 Too Many Requests</title></head>
<body>
<center><h1>429 Too Many Requests</h1></center>
<hr><center>nginx</center>
</body>
</html>

[2025-04-30 23:04:14] <html>
<head><title>429 Too Many Requests</title></head>
<body>
<center><h1>429 Too Many Requests</h1></center>
<hr><center>nginx</center>
</body>
</html>

[2025-04-30 23:04:14] {"id":"89649908","title":"Renault Kangoo Maxi","offer_type":776,"price":{"id":2,"value":7299,"unit":"eur"},"state":"public","categories":{"category":{"id":"658","title":"Транспорт","url":"transport"},"subcategory":{"id":"659","title":"Легковые автомобили","url":"transport/cars"}},"type":"standard","views_counter":1841,"autorepublisher":{"enabled":false,"schedule":null},"posted":"2025-01-18T15:17:02+02:00","republished":"2025-04-17T13:30:02+03:00","expire":"2025-05-17T13:30:02+03:00","block_reasons":null,"location":{"location_region":"Кишинёв мун.","location_location":"","location_sector":"","location_street":"","location_building":""},"images":{"id":14,"value":["78e07bc3a21c6a5e9ecd92fbdbfcbdff.jpg","93890dda5b14426bb5bd6c4dfb325f81.jpg","eaa60f1f78afde55808277ff5b9ddf9d.jpg","2806147a14eb921ed1ff93f78a506f9e.jpg","0aa2a31f5061435922aa0f7f591a4bdb.jpg","38bfbc3febce93b0d3e5db82ecfe59c9.jpg","348dfc533354fa7f097fd52dab1b533e.jpg","7e35c17e51c9c9eaf7f3e4eaceb3814a.jpg","32b21c83c11029e0c44d9844c83560d8.jpg","a3399b876f6fed008ed92fc7b65818ce.jpg","980d181bae348fafcabb68389f1e519f.jpg","dacb012e7e08134602b3197445ea4a86.jpg","3bb47b13abc2e47fece239af9f0973c2.jpg","628de0d630b639be967d2f209b3ac944.jpg","bfb0c6bed01b510b849150ca55f30be0.jpg","90b8d54e6f203f8e824cf0ee1b7ddcb5.jpg"],"unit":null},"videos":{"id":15,"value":[{"thumbnail_url":"https://i1.ytimg.com/vi/_sbHQnaZ9kk/mqdefault.jpg","video_url":"https://www.youtube.com/watch?v=_sbHQnaZ9kk"},{"thumbnail_url":"https://i1.ytimg.com/vi/O9CdDeJ9vXs/mqdefault.jpg","video_url":"https://www.youtube.com/watch?v=O9CdDeJ9vXs"},{"thumbnail_url":"https://i1.ytimg.com/vi/LDzcvhjTf0w/mqdefault.jpg","video_url":"https://www.youtube.com/watch?v=LDzcvhjTf0w"}],"unit":null},"contacts":{"id":16,"value":{"without_number":false,"phone_numbers":["37379500425"]},"unit":null},"delivery":null}
[2025-04-30 23:04:14] <html>
<head><title>429 Too Many Requests</title></head>
<body>
<center><h1>429 Too Many Requests</h1></center>
<hr><center>nginx</center>
</body>
</html>

[2025-04-30 23:04:14] <html>
<head><title>429 Too Many Requests</title></head>
<body>
<center><h1>429 Too Many Requests</h1></center>
<hr><center>nginx</center>
</body>
</html>

[2025-04-30 23:04:14] <html>
<head><title>429 Too Many Requests</title></head>
<body>
<center><h1>429 Too Many Requests</h1></center>
<hr><center>nginx</center>
</body>
</html>

[2025-04-30 23:04:14] <html>
<head><title>429 Too Many Requests</title></head>
<body>
<center><h1>429 Too Many Requests</h1></center>
<hr><center>nginx</center>
</body>
</html>

[2025-04-30 23:04:14] {"id":"89615717","title":"Renault Megane","offer_type":776,"price":{"id":2,"value":9799,"unit":"eur"},"state":"public","categories":{"category":{"id":"658","title":"Транспорт","url":"transport"},"subcategory":{"id":"659","title":"Легковые автомобили","url":"transport/cars"}},"type":"standard","views_counter":1661,"autorepublisher":{"enabled":false,"schedule":null},"posted":"2025-01-15T12:44:40+02:00","republished":"2025-04-12T10:49:10+03:00","expire":"2025-05-12T10:49:10+03:00","block_reasons":null,"location":{"location_region":"Кишинёв мун.","location_location":"","location_sector":"","location_street":"","location_building":""},"images":{"id":14,"value":["e5839b8406214f7f2d322997fed76ecb.jpg","32dcbb094e107cde106ea2fe5eb7bfe3.jpg","a1f8f45841b3e5ad51c2cea58fc48ca4.jpg","9c4b429b63d4bad76aac08bdfdf57132.jpg","4788f3f4b74928476b6848e45c4ea702.jpg","da79f59fa702cff6d2af4135075a1816.jpg","d2d0b27eff731873fb8c1838f666d82f.jpg","cb8eb60020f601311a18b69bba9fc100.jpg","5c82d769087b0e0b5565428e1fbc0df4.jpg","ff76610db1bdf8acb7b02984db5444e0.jpg","d07c73b892dcce5c7d5f5b8112003ee2.jpg","4c551da0731348fea9a5211480a81d38.jpg","c216b0a3a6799a36d4159a010b22706e.jpg"],"unit":null},"videos":{"id":15,"value":[{"thumbnail_url":"https://i1.ytimg.com/vi/_sbHQnaZ9kk/mqdefault.jpg","video_url":"https://www.youtube.com/watch?v=_sbHQnaZ9kk"},{"thumbnail_url":"https://i1.ytimg.com/vi/O9CdDeJ9vXs/mqdefault.jpg","video_url":"https://www.youtube.com/watch?v=O9CdDeJ9vXs"},{"thumbnail_url":"https://i1.ytimg.com/vi/LDzcvhjTf0w/mqdefault.jpg","video_url":"https://www.youtube.com/watch?v=LDzcvhjTf0w"}],"unit":null},"contacts":{"id":16,"value":{"without_number":false,"phone_numbers":["37379500425"]},"unit":null},"delivery":null}
[2025-04-30 23:04:14] <html>
<head><title>429 Too Many Requests</title></head>
<body>
<center><h1>429 Too Many Requests</h1></center>
<hr><center>nginx</center>
</body>
</html>

[2025-04-30 23:04:14] <html>
<head><title>429 Too Many Requests</title></head>
<body>
<center><h1>429 Too Many Requests</h1></center>
<hr><center>nginx</center>
</body>
</html>

[2025-04-30 23:04:14] <html>
<head><title>429 Too Many Requests</title></head>
<body>
<center><h1>429 Too Many Requests</h1></center>
<hr><center>nginx</center>
</body>
</html>

[2025-04-30 23:04:14] <html>
<head><title>429 Too Many Requests</title></head>
<body>
<center><h1>429 Too Many Requests</h1></center>
<hr><center>nginx</center>
</body>
</html>

[2025-04-30 23:04:14] <html>
<head><title>429 Too Many Requests</title></head>
<body>
<center><h1>429 Too Many Requests</h1></center>
<hr><center>nginx</center>
</body>
</html>

[2025-04-30 23:04:14] {"id":"89600074","title":"Ford Transit","offer_type":776,"price":{"id":2,"value":12899,"unit":"eur"},"state":"public","categories":{"category":{"id":"658","title":"Транспорт","url":"transport"},"subcategory":{"id":"662","title":"Грузовые автомобили","url":"transport/trucks"}},"type":"standard","views_counter":128,"autorepublisher":{"enabled":false,"schedule":null},"posted":"2025-01-13T21:47:53+02:00","republished":"2025-01-13T21:47:54+02:00","expire":"2025-02-12T21:47:54+02:00","block_reasons":null,"location":{"location_region":"Кишинёв мун.","location_location":"","location_sector":"","location_street":"","location_building":""},"images":{"id":14,"value":["ef82ff98a7d1b44edbfc0203158a9bc6.jpg","09676e78e5c4564f37eaee8bf02fd846.jpg","f486f1881e0eaced13b5913d4bbec59d.jpg","b831338165495c4325826ae1a6ca7bc8.jpg","81216206d0064f067735093d898e96fd.jpg","159ba5c235af276f09239a755304b08a.jpg","8f538de4fe6a0cb54371b50eb99cee00.jpg","1670036dd7d36b9b02c76a3c1b8a50f2.jpg","d1aa9e2a4c880d248b19070730009468.jpg","a32f0d891a4195d12b6840c81224a8f6.jpg","93308a0e0e80e3fbfba202ef3f72f1c9.jpg","bdb4a8cc65ec3ef91344efb2e049dd9c.jpg","37bf5861658a153e180dbf90f9712518.jpg","7fa4fc6eb6c40c6c0ebdfe682a864ff5.jpg"],"unit":null},"videos":{"id":15,"value":[{"thumbnail_url":"https://i1.ytimg.com/vi/_sbHQnaZ9kk/mqdefault.jpg","video_url":"https://www.youtube.com/watch?v=_sbHQnaZ9kk"},{"thumbnail_url":"https://i1.ytimg.com/vi/O9CdDeJ9vXs/mqdefault.jpg","video_url":"https://www.youtube.com/watch?v=O9CdDeJ9vXs"},{"thumbnail_url":"https://i1.ytimg.com/vi/LDzcvhjTf0w/mqdefault.jpg","video_url":"https://www.youtube.com/watch?v=LDzcvhjTf0w"}],"unit":null},"contacts":{"id":16,"value":{"without_number":false,"phone_numbers":["37369977674","37368500573"]},"unit":null},"delivery":null}
[2025-04-30 23:04:14] <html>
<head><title>429 Too Many Requests</title></head>
<body>
<center><h1>429 Too Many Requests</h1></center>
<hr><center>nginx</center>
</body>
</html>

[2025-04-30 23:04:14] <html>
<head><title>429 Too Many Requests</title></head>
<body>
<center><h1>429 Too Many Requests</h1></center>
<hr><center>nginx</center>
</body>
</html>

[2025-04-30 23:04:15] <html>
<head><title>429 Too Many Requests</title></head>
<body>
<center><h1>429 Too Many Requests</h1></center>
<hr><center>nginx</center>
</body>
</html>

[2025-04-30 23:04:15] <html>
<head><title>429 Too Many Requests</title></head>
<body>
<center><h1>429 Too Many Requests</h1></center>
<hr><center>nginx</center>
</body>
</html>

[2025-04-30 23:04:15] <html>
<head><title>429 Too Many Requests</title></head>
<body>
<center><h1>429 Too Many Requests</h1></center>
<hr><center>nginx</center>
</body>
</html>

[2025-04-30 23:04:15] {"id":"89610354","title":"Volvo XC40","offer_type":776,"price":{"id":2,"value":19799,"unit":"eur"},"state":"need_pay","categories":{"category":{"id":"658","title":"Транспорт","url":"transport"},"subcategory":{"id":"659","title":"Легковые автомобили","url":"transport/cars"}},"type":"standard","views_counter":305,"autorepublisher":{"enabled":false,"schedule":null},"posted":"2025-01-14T20:44:22+02:00","republished":"2025-02-04T08:49:04+02:00","expire":"2025-03-06T08:49:04+02:00","block_reasons":null,"location":{"location_region":"Кишинёв мун.","location_location":"","location_sector":"","location_street":"","location_building":""},"images":{"id":14,"value":["16cb1a217b6e173519f174fccb28c135.jpg","5c47fd02fa10033c06333f37173d23c2.jpg","8e385732f7706dd1e87dc8f03b1fe4de.jpg","5884c3d6037a86e034a535b87a5d2a8b.jpg","0b00e14d35deebd7dd90b8e2f49293fc.jpg","7a3869e237a326eef7eda0d70f41a4d6.jpg","2ba5425f871bb086948c941c183c27f6.jpg","2ff519d1ca483687afd7e07be99b0e45.jpg","73edb691e4823e932ab9f08f03737e03.jpg","451484101fe743ef897f37d25e2aa29a.jpg","f59a5ae48f6e9e54d7e31b786a8dd2b2.jpg","0542c42d1888f76f20f881f2034745d7.jpg","fd8a8ffa4f09332a7c8306478110848f.jpg","be83cf05e1bd35e629791a69a5344e9a.jpg"],"unit":null},"videos":{"id":15,"value":[{"thumbnail_url":"https://i1.ytimg.com/vi/_sbHQnaZ9kk/mqdefault.jpg","video_url":"https://www.youtube.com/watch?v=_sbHQnaZ9kk"},{"thumbnail_url":"https://i1.ytimg.com/vi/O9CdDeJ9vXs/mqdefault.jpg","video_url":"https://www.youtube.com/watch?v=O9CdDeJ9vXs"},{"thumbnail_url":"https://i1.ytimg.com/vi/LDzcvhjTf0w/mqdefault.jpg","video_url":"https://www.youtube.com/watch?v=LDzcvhjTf0w"}],"unit":null},"contacts":{"id":16,"value":{"without_number":false,"phone_numbers":["37379500425"]},"unit":null},"delivery":null}
[2025-04-30 23:04:15] <html>
<head><title>429 Too Many Requests</title></head>
<body>
<center><h1>429 Too Many Requests</h1></center>
<hr><center>nginx</center>
</body>
</html>

[2025-04-30 23:04:15] <html>
<head><title>429 Too Many Requests</title></head>
<body>
<center><h1>429 Too Many Requests</h1></center>
<hr><center>nginx</center>
</body>
</html>

[2025-04-30 23:04:15] <html>
<head><title>429 Too Many Requests</title></head>
<body>
<center><h1>429 Too Many Requests</h1></center>
<hr><center>nginx</center>
</body>
</html>

[2025-04-30 23:04:15] <html>
<head><title>429 Too Many Requests</title></head>
<body>
<center><h1>429 Too Many Requests</h1></center>
<hr><center>nginx</center>
</body>
</html>

[2025-04-30 23:04:15] <html>
<head><title>429 Too Many Requests</title></head>
<body>
<center><h1>429 Too Many Requests</h1></center>
<hr><center>nginx</center>
</body>
</html>

[2025-04-30 23:04:15] {"id":"89610323","title":"Nissan Qashqai","offer_type":776,"price":{"id":2,"value":14799,"unit":"eur"},"state":"public","categories":{"category":{"id":"658","title":"Транспорт","url":"transport"},"subcategory":{"id":"659","title":"Легковые автомобили","url":"transport/cars"}},"type":"standard","views_counter":196,"autorepublisher":{"enabled":false,"schedule":null},"posted":"2025-01-14T20:40:48+02:00","republished":"2025-04-12T10:45:30+03:00","expire":"2025-05-12T10:45:30+03:00","block_reasons":null,"location":{"location_region":"Кишинёв мун.","location_location":"","location_sector":"","location_street":"","location_building":""},"images":{"id":14,"value":["198faa214b8dd80f1abd63a8686d0b1d.jpg","77bab69e45442f6151c790c253e73fd6.jpg","3a66c1220672c72ad2942f0c5059081d.jpg","11eafc0739543b8e9317b31edfd5eb6a.jpg","786136c8b4bd6830ef8521a3e2e4ed50.jpg","daecd462f5ca6559b6e1ad46e1bbee03.jpg","7e210b5c06b4833cb312a9d8ea74d778.jpg","8a4af38618624a01f74995a6b754df8a.jpg","8e928c1d3ac92925a2cdf0ac138cf3a3.jpg","2a0f56a21e17a87ecd64dbb18cf72060.jpg","0c3b536d6ec35df6e3548a799ace7c8f.jpg","bdcbc277a9c383071fb701899a7b8a46.jpg","ab51b1508db55efb43230f8754035a23.jpg","fdb21291c322ebf3700aa415af3df207.jpg","9e2f07a261e2e66e081dedb8732de127.jpg","4a2ef6c9f308da5a63abfae268e84243.jpg","0b0a680b195581d9fe130ccab6fbae03.jpg"],"unit":null},"videos":{"id":15,"value":[{"thumbnail_url":"https://i1.ytimg.com/vi/_sbHQnaZ9kk/mqdefault.jpg","video_url":"https://www.youtube.com/watch?v=_sbHQnaZ9kk"},{"thumbnail_url":"https://i1.ytimg.com/vi/O9CdDeJ9vXs/mqdefault.jpg","video_url":"https://www.youtube.com/watch?v=O9CdDeJ9vXs"},{"thumbnail_url":"https://i1.ytimg.com/vi/LDzcvhjTf0w/mqdefault.jpg","video_url":"https://www.youtube.com/watch?v=LDzcvhjTf0w"}],"unit":null},"contacts":{"id":16,"value":{"without_number":false,"phone_numbers":["37369977674","37379500425"]},"unit":null},"delivery":null}
[2025-04-30 23:04:15] <html>
<head><title>429 Too Many Requests</title></head>
<body>
<center><h1>429 Too Many Requests</h1></center>
<hr><center>nginx</center>
</body>
</html>

[2025-04-30 23:04:15] <html>
<head><title>429 Too Many Requests</title></head>
<body>
<center><h1>429 Too Many Requests</h1></center>
<hr><center>nginx</center>
</body>
</html>

[2025-04-30 23:04:15] <html>
<head><title>429 Too Many Requests</title></head>
<body>
<center><h1>429 Too Many Requests</h1></center>
<hr><center>nginx</center>
</body>
</html>

[2025-04-30 23:04:15] <html>
<head><title>429 Too Many Requests</title></head>
<body>
<center><h1>429 Too Many Requests</h1></center>
<hr><center>nginx</center>
</body>
</html>

[2025-04-30 23:04:15] <html>
<head><title>429 Too Many Requests</title></head>
<body>
<center><h1>429 Too Many Requests</h1></center>
<hr><center>nginx</center>
</body>
</html>

[2025-04-30 23:04:15] <html>
<head><title>429 Too Many Requests</title></head>
<body>
<center><h1>429 Too Many Requests</h1></center>
<hr><center>nginx</center>
</body>
</html>

[2025-04-30 23:04:15] {"id":"100186367","title":"Renault Kadjar","offer_type":776,"price":{"id":2,"value":14498,"unit":"eur"},"state":"public","categories":{"category":{"id":"658","title":"Транспорт","url":"transport"},"subcategory":{"id":"659","title":"Легковые автомобили","url":"transport/cars"}},"type":"standard","views_counter":6555,"autorepublisher":{"enabled":false,"schedule":null},"posted":"2025-02-25T22:06:31+02:00","republished":"2025-04-16T20:15:50+03:00","expire":"2025-05-16T20:15:50+03:00","block_reasons":null,"location":{"location_region":"Кишинёв мун.","location_location":"","location_sector":"","location_street":"","location_building":""},"images":{"id":14,"value":["f3d575da254ffda7bc2cfa1cb43680ca.jpg","25373053ba4a1a88f9be796908a0f589.jpg","11d2166340e4d65e956bf2964e99b277.jpg","e2fd450ed29934f8760db5963f555480.jpg","5f97f1285dcc88fc29960c773932680b.jpg","adb61ade95d8d67ba384f3203a04ee55.jpg","250424d2720ad15fcaedcd59744a5ac9.jpg","fcee8e975b332f81069a03e41989d27f.jpg","27db6831029f29f577a4fb04a47deb4c.jpg","2131f24f003e7d34d111b2b5aa792912.jpg","82f6a8d1da9266e4c1ea451fd116e795.jpg","cd744dd3e1e19ae6c526f5aeb0a87cf5.jpg","4c7ccf2a2128ae33d9254c60fae91e80.jpg","4ebfd80128a52d7316d8815e7f0fb49a.jpg","e50bd55ed09277ed3370bc4929e40937.jpg","b35a47a08b4b2911ede470899448ee00.jpg","33e0923364290efb2b100f00e2ddb9fe.jpg","44de36d0b84571c676d3782c8c35baac.jpg"],"unit":null},"videos":null,"contacts":{"id":16,"value":{"without_number":false,"phone_numbers":["37379500425"]},"unit":null},"delivery":null}
[2025-04-30 23:04:15] <html>
<head><title>429 Too Many Requests</title></head>
<body>
<center><h1>429 Too Many Requests</h1></center>
<hr><center>nginx</center>
</body>
</html>

[2025-04-30 23:04:15] <html>
<head><title>429 Too Many Requests</title></head>
<body>
<center><h1>429 Too Many Requests</h1></center>
<hr><center>nginx</center>
</body>
</html>

[2025-04-30 23:04:15] <html>
<head><title>429 Too Many Requests</title></head>
<body>
<center><h1>429 Too Many Requests</h1></center>
<hr><center>nginx</center>
</body>
</html>

[2025-04-30 23:04:15] <html>
<head><title>429 Too Many Requests</title></head>
<body>
<center><h1>429 Too Many Requests</h1></center>
<hr><center>nginx</center>
</body>
</html>

[2025-04-30 23:04:15] <html>
<head><title>429 Too Many Requests</title></head>
<body>
<center><h1>429 Too Many Requests</h1></center>
<hr><center>nginx</center>
</body>
</html>

[2025-04-30 23:04:15] {"id":"100186475","title":"Nissan Qashqai","offer_type":776,"price":{"id":2,"value":14199,"unit":"eur"},"state":"public","categories":{"category":{"id":"658","title":"Транспорт","url":"transport"},"subcategory":{"id":"659","title":"Легковые автомобили","url":"transport/cars"}},"type":"standard","views_counter":285,"autorepublisher":{"enabled":false,"schedule":null},"posted":"2025-02-25T22:19:42+02:00","republished":"2025-04-16T20:16:01+03:00","expire":"2025-05-16T20:16:01+03:00","block_reasons":null,"location":{"location_region":"Кишинёв мун.","location_location":"","location_sector":"","location_street":"","location_building":""},"images":{"id":14,"value":["55bc79df65f5debdc53a7e7a8e294316.jpg","2849728ad3aa9efe6648eb243bbb40cf.jpg","8502d33e496afb7bdff0d9ebb559245c.jpg","ee060c150c6e6e3dd87283915c26ce5e.jpg","4e323ae4bb9ddd2bbe28e7663e1ea2b4.jpg","f30e165da987eba0fa65d91429274ccb.jpg","499a562853b8edb9402661ecaa736137.jpg","f877911c80dcef1b593d03481ba86fb7.jpg","fa463920051586642f2bcf3549275331.jpg","576bff15e7f7c727befd431bd276d82c.jpg","9fdd45d138637ed95828b209bafcf804.jpg","670b77f9f7fd7c4d9cb4341c4683759e.jpg","544ee0bb6bb2943210e08c44eedaacf3.jpg","d9964c22b4008bfb84aec20c5a98fd48.jpg","fafc9e30bc2aed5f5a10e654c5ecb692.jpg"],"unit":null},"videos":null,"contacts":{"id":16,"value":{"without_number":false,"phone_numbers":["37379500425"]},"unit":null},"delivery":null}
[2025-04-30 23:04:15] <html>
<head><title>429 Too Many Requests</title></head>
<body>
<center><h1>429 Too Many Requests</h1></center>
<hr><center>nginx</center>
</body>
</html>

[2025-04-30 23:04:15] <html>
<head><title>429 Too Many Requests</title></head>
<body>
<center><h1>429 Too Many Requests</h1></center>
<hr><center>nginx</center>
</body>
</html>

[2025-04-30 23:04:15] <html>
<head><title>429 Too Many Requests</title></head>
<body>
<center><h1>429 Too Many Requests</h1></center>
<hr><center>nginx</center>
</body>
</html>

[2025-04-30 23:04:15] <html>
<head><title>429 Too Many Requests</title></head>
<body>
<center><h1>429 Too Many Requests</h1></center>
<hr><center>nginx</center>
</body>
</html>

[2025-04-30 23:04:15] {"id":"100191412","title":"Hyundai Tucson","offer_type":776,"price":{"id":2,"value":19999,"unit":"eur"},"state":"public","categories":{"category":{"id":"658","title":"Транспорт","url":"transport"},"subcategory":{"id":"659","title":"Легковые автомобили","url":"transport/cars"}},"type":"standard","views_counter":248,"autorepublisher":{"enabled":false,"schedule":null},"posted":"2025-02-26T12:27:30+02:00","republished":"2025-04-30T12:58:03+03:00","expire":"2025-05-30T12:58:03+03:00","block_reasons":null,"location":{"location_region":"Кишинёв мун.","location_location":"","location_sector":"","location_street":"","location_building":""},"images":{"id":14,"value":["ff115473c7903affc1375a1349474a29.jpg","642791dfef950eaf34ab4e6a65c49bd0.jpg","659c014bfcd946aefa0ba087833ea5b3.jpg","83039c861241482b7de8cf4a9231aa3a.jpg","907342bffc68494be4c2b77fe7dbb868.jpg","cdde5f8d51589d957c06d9ef4059cd13.jpg","f1ba95a5ec7be0f4dbc7ef0ff2dc5813.jpg","47731631541c58d68c1163bea9e41a08.jpg","839509a6d535339cae4b276915b6e23f.jpg","ae8f212e16c2cb36afd12922c35c639f.jpg","54ebdf503cfc395b5484bc8933457560.jpg","8cc5bcda3cff377d7a65b326ee79a32d.jpg","fd89c0ad780b4e717622d49a961025ee.jpg","ea47581bc6cecc5ebc67def838b2aa4f.jpg","60d89ff49d3f91d65cdb1f466ce2828e.jpg","1f0fbe2af5ab050f2f2a5934ecbe6ad0.jpg","2f1d520d291b1bd7641e3fc144be1494.jpg","dea0cbd261f067d44931617e1ae4623c.jpg","23c0c9d8d42c119aeab45f91f8c9619a.jpg","fbc01b60501781cea105e85b5f70d80f.jpg"],"unit":null},"videos":null,"contacts":{"id":16,"value":{"without_number":false,"phone_numbers":["37379500425"]},"unit":null},"delivery":null}
[2025-04-30 23:04:15] <html>
<head><title>429 Too Many Requests</title></head>
<body>
<center><h1>429 Too Many Requests</h1></center>
<hr><center>nginx</center>
</body>
</html>

[2025-04-30 23:04:15] <html>
<head><title>429 Too Many Requests</title></head>
<body>
<center><h1>429 Too Many Requests</h1></center>
<hr><center>nginx</center>
</body>
</html>

[2025-04-30 23:04:16] <html>
<head><title>429 Too Many Requests</title></head>
<body>
<center><h1>429 Too Many Requests</h1></center>
<hr><center>nginx</center>
</body>
</html>

[2025-04-30 23:04:16] <html>
<head><title>429 Too Many Requests</title></head>
<body>
<center><h1>429 Too Many Requests</h1></center>
<hr><center>nginx</center>
</body>
</html>

[2025-04-30 23:04:16] <html>
<head><title>429 Too Many Requests</title></head>
<body>
<center><h1>429 Too Many Requests</h1></center>
<hr><center>nginx</center>
</body>
</html>

[2025-04-30 23:04:16] {"id":"100191186","title":"Renault Kangoo","offer_type":776,"price":{"id":2,"value":10100,"unit":"eur"},"state":"public","categories":{"category":{"id":"658","title":"Транспорт","url":"transport"},"subcategory":{"id":"659","title":"Легковые автомобили","url":"transport/cars"}},"type":"standard","views_counter":103,"autorepublisher":{"enabled":false,"schedule":null},"posted":"2025-02-26T12:14:37+02:00","republished":"2025-04-30T12:38:09+03:00","expire":"2025-05-30T12:38:09+03:00","block_reasons":null,"location":{"location_region":"Кишинёв мун.","location_location":"","location_sector":"","location_street":"","location_building":""},"images":{"id":14,"value":["0c4fd6bcb6dcffe83bc4314353686ed2.jpg","9c0b82782a531762f9ae961f31d043af.jpg","95e1a8825331fd58c56d657583b57d92.jpg","1431e00edebd2f24ce18879cb300343f.jpg","f9083f650cef33a40ecb453aedb5e03b.jpg","e1f44e3eb9d1359e225b891251f0483d.jpg","e0c3a7c79282b1e94fb6fd970c75e193.jpg","01531acde02fea751397d93cb8a6a580.jpg","a9bdb5e63327aea7e90ed504f6477b9c.jpg","6507cc16cecdea594777b246983c62c5.jpg","9cfa52d66d71611a4ce33a170c38ab11.jpg","8dd4caebbba139a84c7f973fe0e6bfe5.jpg","5a60becb8ed811770fa5b3cc9f2b3ac0.jpg","f265266b86a1c71c2d712cbfee161339.jpg","5015129ce514aba196bb45de03b06178.jpg","c9a15ab30fd247bcf33925389afb962c.jpg"],"unit":null},"videos":null,"contacts":{"id":16,"value":{"without_number":false,"phone_numbers":["37379500425"]},"unit":null},"delivery":null}
[2025-04-30 23:04:16] <html>
<head><title>429 Too Many Requests</title></head>
<body>
<center><h1>429 Too Many Requests</h1></center>
<hr><center>nginx</center>
</body>
</html>

[2025-04-30 23:04:16] <html>
<head><title>429 Too Many Requests</title></head>
<body>
<center><h1>429 Too Many Requests</h1></center>
<hr><center>nginx</center>
</body>
</html>

[2025-04-30 23:04:16] <html>
<head><title>429 Too Many Requests</title></head>
<body>
<center><h1>429 Too Many Requests</h1></center>
<hr><center>nginx</center>
</body>
</html>

[2025-04-30 23:04:16] <html>
<head><title>429 Too Many Requests</title></head>
<body>
<center><h1>429 Too Many Requests</h1></center>
<hr><center>nginx</center>
</body>
</html>

[2025-04-30 23:04:16] {"id":"100284080","title":"Renault Grand Scenic","offer_type":776,"price":{"id":2,"value":8899,"unit":"eur"},"state":"public","categories":{"category":{"id":"658","title":"Транспорт","url":"transport"},"subcategory":{"id":"659","title":"Легковые автомобили","url":"transport/cars"}},"type":"standard","views_counter":8133,"autorepublisher":{"enabled":false,"schedule":null},"posted":"2025-03-05T23:03:43+02:00","republished":"2025-04-11T15:25:13+03:00","expire":"2025-05-11T15:25:13+03:00","block_reasons":null,"location":{"location_region":"Кишинёв мун.","location_location":"","location_sector":"","location_street":"","location_building":""},"images":{"id":14,"value":["6860f97a566adffaa365ccada39e9443.jpg","4deacafc2c3f0f022204fb0c19d88c61.jpg","33b9e161ad85c65d88ebfb3c6df632cf.jpg","e7d5d57ed913af43eba488b39cc43599.jpg","c604bd1d7691dce413fab827922d37e2.jpg","a0ae38b5f166d574259d318dee73fd6c.jpg","f748e7685c0904b8ad896dcf0c9d73df.jpg","6ac4ea6e41ef8f4b5f1f53783d306c15.jpg","68e9e7bb1f86e31b610a0d230a1706e8.jpg","2f7df3100c0d4fc9e606f1b7806167c8.jpg","f1262a29d126cfefb46c71219bde61b8.jpg","9b1e64515b5732a83a6d6ac571fba926.jpg","29ba177b940410c54dd2593705402b08.jpg","75305a10a3014186767252dfe9d54a8d.jpg","adfdd57f784d666f46549bcc3f2f247c.jpg","828691863f3f63df4ae49574864e195c.jpg","1c2fe94c85f8b0af4c22973f3045393e.jpg","a02a19e5ccb2944179e2b9a314eb2068.jpg","8ea33c419d38127a3163a8bbc0f80b8c.jpg"],"unit":null},"videos":null,"contacts":{"id":16,"value":{"without_number":false,"phone_numbers":["37379500425"]},"unit":null},"delivery":null}
[2025-04-30 23:04:16] <html>
<head><title>429 Too Many Requests</title></head>
<body>
<center><h1>429 Too Many Requests</h1></center>
<hr><center>nginx</center>
</body>
</html>

[2025-04-30 23:04:16] <html>
<head><title>429 Too Many Requests</title></head>
<body>
<center><h1>429 Too Many Requests</h1></center>
<hr><center>nginx</center>
</body>
</html>

[2025-04-30 23:04:16] <html>
<head><title>429 Too Many Requests</title></head>
<body>
<center><h1>429 Too Many Requests</h1></center>
<hr><center>nginx</center>
</body>
</html>

[2025-04-30 23:04:16] <html>
<head><title>429 Too Many Requests</title></head>
<body>
<center><h1>429 Too Many Requests</h1></center>
<hr><center>nginx</center>
</body>
</html>

[2025-04-30 23:04:16] {"id":"100582299","title":"Ford Focus","offer_type":776,"price":{"id":2,"value":7806,"unit":"eur"},"state":"public","categories":{"category":{"id":"658","title":"Транспорт","url":"transport"},"subcategory":{"id":"659","title":"Легковые автомобили","url":"transport/cars"}},"type":"standard","views_counter":57,"autorepublisher":{"enabled":false,"schedule":null},"posted":"2025-03-31T22:04:24+03:00","republished":"2025-04-29T08:17:08+03:00","expire":"2025-05-29T08:17:08+03:00","block_reasons":null,"location":{"location_region":"Кишинёв мун.","location_location":"","location_sector":"","location_street":"","location_building":""},"images":{"id":14,"value":["8646b0ee7cf87dba8e9c18309310784a.jpg","26f739b3c8f3484070f35ada6f2eed4c.jpg","abf052ee48f93f5d41048c2973704f62.jpg","e77f130f1403c72a192d90cbfd112f5e.jpg","007a6e601f78e3452624e82e8e716427.jpg","7d472edefc8bbeb6213c0c26c6bd55d5.jpg","8b116b3489ba04d2ef28cb906e6ad18a.jpg","9b6c7c56294600a909aed3ed7aa87109.jpg","5deb0ecff82bc018b62a1d9983d25a93.jpg","358dfe6656b06feca98115d4c553f8b7.jpg","8a4f499eb6ff1553eab452f09ca6fc1f.jpg","5933288084658505ea3d57cb73feb029.jpg","124fc146bf58280a04dbe529d3381963.jpg","188bd7a2a34718e5b50438b15ac4b76e.jpg","f0bb230ee84af89fc6da899a29b001ec.jpg","7320858fa410ea974968b46b21c597f4.jpg"],"unit":null},"videos":null,"contacts":{"id":16,"value":{"without_number":false,"phone_numbers":["37379500645"]},"unit":null},"delivery":null}
[2025-04-30 23:04:16] <html>
<head><title>429 Too Many Requests</title></head>
<body>
<center><h1>429 Too Many Requests</h1></center>
<hr><center>nginx</center>
</body>
</html>

[2025-04-30 23:04:16] <html>
<head><title>429 Too Many Requests</title></head>
<body>
<center><h1>429 Too Many Requests</h1></center>
<hr><center>nginx</center>
</body>
</html>

[2025-04-30 23:04:16] <html>
<head><title>429 Too Many Requests</title></head>
<body>
<center><h1>429 Too Many Requests</h1></center>
<hr><center>nginx</center>
</body>
</html>

[2025-04-30 23:04:24] {"categories":[{"id":"658","title":"Транспорт","url":"transport"},{"id":"270","title":"Недвижимость","url":"real-estate"},{"id":"38","title":"Телефоны и гаджеты","url":"phone-and-communication"},{"id":"2","title":"Компьютеры и оргтехника","url":"computers-and-office-equipment"},{"id":"1237","title":"Строительство и ремонт","url":"construction-and-repair"},{"id":"1213","title":"Одежда, обувь и аксессуары","url":"clothes-and-shoes"},{"id":"1195","title":"Мебель и интерьер","url":"furniture-and-interior"},{"id":"44","title":"Аудио-Видео-Фото","url":"audio-video-photo"},{"id":"753","title":"Все остальное","url":"all-else"},{"id":"6146","title":"Работа","url":"work"},{"id":"6026","title":"Сельское хозяйство","url":"agriculture"},{"id":"6341","title":"Услуги","url":"services"},{"id":"226","title":"Питомцы и растения","url":"animals-and-plants"},{"id":"1155","title":"Спорт и здоровье","url":"sports-health-and-beauty"},{"id":"7522","title":"Красота и уход","url":"beauty-and-personal-care"},{"id":"693","title":"Туризм, отдых и развлечения","url":"tourism-leisure-and-entertainment"},{"id":"1182","title":"Бизнес","url":"business"},{"id":"269","title":"Музыкальные инструменты","url":"musical-instruments"},{"id":"45","title":"Бытовая техника","url":"household-appliances"},{"id":"1223","title":"Все для торжеств","url":"all-for-celebrations"},{"id":"1412","title":"Детский мир","url":"children-world"},{"id":"1170","title":"Все для дома и офиса","url":"all-for-home-and-office"},{"id":"1187","title":"Знакомства","url":"dating-and-greetings"}]}
[2025-04-30 23:04:24] {"subcategories":[{"id":"659","title":"Легковые автомобили","url":"transport/cars"},{"id":"660","title":"Автобусы и микроавтобусы","url":"transport/buses-and-minibuses"},{"id":"662","title":"Грузовые автомобили","url":"transport/trucks"},{"id":"663","title":"Мотоциклы и мототехника","url":"transport/motorcycles"},{"id":"664","title":"Велотранспорт","url":"transport/bicycles"},{"id":"6636","title":"Гироскутеры, электросамокаты","url":"transport/electric-scooters"},{"id":"669","title":"Спецтехника","url":"transport/special-equipment"},{"id":"667","title":"Прицепы","url":"transport/trailers"},{"id":"671","title":"Ретроавтомобили и автоэкспонаты","url":"transport/retro-cars"},{"id":"666","title":"Водный транспорт","url":"transport/snowmobiles-and-jet-ski"},{"id":"1411","title":"Воздушный транспорт","url":"transport/airplanes"},{"id":"678","title":"Диски и шины","url":"transport/wheels-and-tires"},{"id":"674","title":"Запчасти и разборка легковых автомобилей","url":"transport/spare-parts-for-cars"},{"id":"6054","title":"Мотоэкипировка","url":"transport/moto-equipment"},{"id":"675","title":"Запчасти для грузовых автомобилей","url":"transport/spare-parts-for-trucks"},{"id":"677","title":"Автозеркала, автостекла и автооптика","url":"transport/auto-glass-and-optics"},{"id":"1348","title":"Запчасти для мототехники","url":"transport/spare-parts-for-motorcycles"},{"id":"6024","title":"Велозапчасти и велоаксессуары","url":"transport/spare-parts-for-bicycles"},{"id":"6718","title":"Аккумуляторы","url":"transport/batteries"},{"id":"688","title":"Автомагнитолы и DVD","url":"transport/carcaraudio"},{"id":"685","title":"Автоакустика","url":"transport/acoustic"},{"id":"6592","title":"Видеорегистраторы","url":"transport/video-recorders"},{"id":"687","title":"GPS, навигация","url":"transport/dvd-tv-gps-tuner"},{"id":"689","title":"Комплектующие автозвука","url":"transport/supplies-of-car-audio"},{"id":"6593","title":"Радары, сигнализация","url":"transport/radars-alarms"},{"id":"6710","title":"Аксессуары для салона","url":"transport/interior-accessories"},{"id":"6711","title":"Коврики для авто","url":"transport/car-carpets"},{"id":"6705","title":"Краски автомобильные","url":"transport/car-paint"},{"id":"6713","title":"Тех помощь","url":"transport/technical-support"},{"id":"6712","title":"Аксессуары для кузова","url":"transport/car-body-accessories"},{"id":"6714","title":"Автобагажники","url":"transport/car-trunks"},{"id":"6715","title":"Подкрылки","url":"transport/wheel-arch-liners"},{"id":"6716","title":"Парковочные радары","url":"transport/parktronic"},{"id":"6717","title":"Автомобильные ключи","url":"transport/car-keys"},{"id":"6720","title":"Ключи","url":"transport/keys"},{"id":"6722","title":"Домкраты","url":"transport/car-jacks"},{"id":"6723","title":"Подъёмники","url":"transport/car-lifts"},{"id":"6721","title":"Съемники","url":"transport/pullers"},{"id":"6724","title":"Компрессоры автомобильные","url":"transport/automobile-compressors"},{"id":"6725","title":"Стенд развал-схождения","url":"transport/wheel-alignment-stand"},{"id":"6726","title":"Зарядные устройства для авто","url":"transport/chargers-for-cars"},{"id":"6727","title":"Мойки высокого давления","url":"transport/pressure-washers"},{"id":"6728","title":"Диагностическое оборудование","url":"transport/diagnostic-equipment"},{"id":"6729","title":"Шиномонтажное оборудование","url":"transport/tire-equipment"},{"id":"6730","title":"Гидравлическое и механическое оборудование","url":"transport/hydraulic-and-mechanical-equipment"},{"id":"6731","title":"Мебель для СТО","url":"transport/service-station-furniture"},{"id":"6732","title":"Инструмент для смазочных работ","url":"transport/lubrication-tool"},{"id":"6733","title":"Оборудование для кузовных работ","url":"transport/bodywork-equipment"},{"id":"6734","title":"Дополнительное оборудование для авто","url":"transport/additional-car-equipment"},{"id":"6689","title":"Гидравлические масла","url":"transport/hydraulic-oils"},{"id":"6688","title":"Трансмиссионные масла","url":"transport/gear-oils"},{"id":"6691","title":"Антифризы","url":"transport/antifreeze"},{"id":"6690","title":"Тормозные жидкости","url":"transport/brake-fluid"},{"id":"6693","title":"Смазки","url":"transport/automotive-lubricants"},{"id":"6687","title":"Моторные масла","url":"transport/motor-oil"},{"id":"6692","title":"Омывающие жидкости","url":"transport/washer-fluid"},{"id":"6696","title":"Присадки в масло","url":"transport/oil-additives"},{"id":"6695","title":"Присадки в топливо","url":"transport/fuel-additives"},{"id":"6697","title":"Присадки к трансмиссионным маслам","url":"transport/gear-oil-additives"},{"id":"6698","title":"Промывки и очистители","url":"transport/washes-and-cleaners"},{"id":"6699","title":"Корректоры и осушители топлива","url":"transport/fuel-additives-and-dispersants"},{"id":"1403","title":"Автосервис","url":"transport/car-2"},{"id":"1401","title":"Грузоперевозки","url":"transport/cargo"},{"id":"6647","title":"Авто на заказ","url":"transport/order-car"},{"id":"1358","title":"Пассажироперевозки","url":"transport/passenger"},{"id":"6663","title":"Мотосервис и велосервис","url":"transport/motoservice"},{"id":"1402","title":"Аренда транспорта","url":"transport/rent-a-car"},{"id":"6790","title":"Аксессуары для мойки автомобиля","url":"transport/car-wash-accessories"},{"id":"6702","title":"Автошампуни","url":"transport/car-shampoo"},{"id":"6704","title":"Очистители кузова","url":"transport/car-cleaner"},{"id":"6701","title":"Всё для полировки","url":"transport/polishes"},{"id":"6703","title":"Защитные составы для кузова","url":"transport/anti-corrosion-coatings"},{"id":"6706","title":"Автокосметика для салона","url":"transport/interior-cleaning"},{"id":"6707","title":"Автокосметика для колес","url":"transport/rim-protection"},{"id":"6708","title":"Автокосметика для стекол и оптики","url":"transport/autocosmetics-for-glasses-and-optics"},{"id":"1339","title":"Разное","url":"transport/miscellaneous"}]}
[2025-04-30 23:04:30] {"offer_types":[{"id":"776","title":"Продам"},{"id":"777","title":"Куплю"},{"id":"23844","title":"Авто на заказ"},{"id":"778","title":"Меняю"}]}
[2025-04-30 23:04:32] {"features_groups":[{"title":"Общее","features":[{"id":"20","title":"Марка","depends_on":null,"required":true,"options":[{"id":"139","title":"Ford"},{"id":"149","title":"Honda"},{"id":"111","title":"Hyundai"},{"id":"130","title":"KIA"},{"id":"22","title":"Mercedes"},{"id":"28","title":"Nissan"},{"id":"143","title":"Skoda"},{"id":"47","title":"Toyota"},{"id":"193","title":"Volvo"},{"id":"20","title":"Volkswagen"},{"id":"22223","title":"ARO"},{"id":"23516","title":"Abarth"},{"id":"392","title":"Acura"},{"id":"38968","title":"Aito"},{"id":"24787","title":"Aiways"},{"id":"295","title":"Alfa Romeo"},{"id":"24790","title":"ArcFox"},{"id":"22887","title":"Aston Martin"},{"id":"57","title":"Audi"},{"id":"36217","title":"Avatr"},{"id":"23696","title":"BAIC"},{"id":"43030","title":"BAW"},{"id":"34","title":"BMW"},{"id":"288","title":"Bentley"},{"id":"748","title":"Brilliance"},{"id":"20947","title":"Buick"},{"id":"487","title":"Byd"},{"id":"439","title":"Cadillac"},{"id":"23654","title":"Changan"},{"id":"119","title":"Chery"},{"id":"167","title":"Chevrolet"},{"id":"101","title":"Chrysler"},{"id":"32","title":"Citroen"},{"id":"24455","title":"Cupra"},{"id":"24352","title":"DS Automobiles"},{"id":"375","title":"Dacia"},{"id":"99","title":"Daewoo"},{"id":"132","title":"Daihatsu"},{"id":"20359","title":"Datsun"},{"id":"31863","title":"Denza"},{"id":"89","title":"Dodge"},{"id":"24796","title":"Dongfeng"},{"id":"38687","title":"Exeed"},{"id":"504","title":"FAW"},{"id":"22889","title":"Ferrari"},{"id":"41","title":"Fiat"},{"id":"24719","title":"GAC"},{"id":"616","title":"GMC"},{"id":"587","title":"Geely"},{"id":"24520","title":"Genesis"},{"id":"202","title":"Great Wall"},{"id":"22890","title":"Hafei"},{"id":"521","title":"Haima"},{"id":"23260","title":"Haval"},{"id":"36703","title":"HiPhi"},{"id":"39680","title":"Hongqi"},{"id":"24782","title":"Hozon"},{"id":"37326","title":"Hozon"},{"id":"247","title":"Hummer"},{"id":"32708","title":"IM Motors"},{"id":"419","title":"Infiniti"},{"id":"22891","title":"Iran Khodro"},{"id":"14","title":"Isuzu"},{"id":"1049","title":"Iveco"},{"id":"1667","title":"JMC"},{"id":"662","title":"Jac"},{"id":"369","title":"Jaguar"},{"id":"186","title":"Jeep"},{"id":"28752","title":"Jetour"},{"id":"37820","title":"Jetta"},{"id":"39760","title":"LEVC"},{"id":"24420","title":"Lada"},{"id":"85","title":"Lada / ВАЗ"},{"id":"12462","title":"Lamborghini"},{"id":"210","title":"Lancia"},{"id":"291","title":"Land Rover"},{"id":"24738","title":"Leapmotor"},{"id":"136","title":"Lexus"},{"id":"34753","title":"LiXiang"},{"id":"414","title":"Lifan"},{"id":"305","title":"Lincoln"},{"id":"25004","title":"Linktour"},{"id":"1743","title":"Lotus"},{"id":"40826","title":"Lucid"},{"id":"39770","title":"Luxeed"},{"id":"28447","title":"Lynk \u0026 Co"},{"id":"33046","title":"MG"},{"id":"1704","title":"Maserati"},{"id":"45","title":"Mazda"},{"id":"23296","title":"McLaren"},{"id":"22892","title":"Mercedes-Maybach"},{"id":"22893","title":"Mercury"},{"id":"577","title":"Mini"},{"id":"36","title":"Mitsubishi"},{"id":"34747","title":"NIO"},{"id":"1","title":"Opel"},{"id":"24773","title":"Oshan"},{"id":"76","title":"Peugeot"},{"id":"1125","title":"Piaggio"},{"id":"39267","title":"Polestar"},{"id":"284","title":"Pontiac"},{"id":"282","title":"Porsche"},{"id":"23870","title":"Ravon"},{"id":"8","title":"Renault"},{"id":"27737","title":"Renault Samsung"},{"id":"42104","title":"Riddara"},{"id":"39472","title":"Rivian"},{"id":"24729","title":"Roewe"},{"id":"266","title":"Rolls-Royce"},{"id":"62","title":"Rover"},{"id":"344","title":"Saab"},{"id":"22895","title":"Saturn"},{"id":"22352","title":"Scion"},{"id":"200","title":"Seat"},{"id":"24732","title":"Skywell"},{"id":"263","title":"Smart"},{"id":"397","title":"Ssangyong"},{"id":"121","title":"Subaru"},{"id":"43","title":"Suzuki"},{"id":"34794","title":"Tank"},{"id":"883","title":"Tata"},{"id":"1662","title":"Tatra"},{"id":"17483","title":"Tesla"},{"id":"35821","title":"Venucia"},{"id":"36707","title":"Voyah"},{"id":"23709","title":"Weltmeister"},{"id":"31867","title":"Wuling"},{"id":"37323","title":"Xiaomi"},{"id":"23680","title":"Xpeng"},{"id":"24793","title":"Zeekr"},{"id":"23261","title":"Zotye"},{"id":"219","title":"ГАЗ"},{"id":"154","title":"Другая марка"},{"id":"249","title":"ЗАЗ"},{"id":"21019","title":"ЛуАЗ"},{"id":"59","title":"Москвич / Иж"},{"id":"410","title":"УАЗ"}],"units":null,"type":"drop_down_options"},{"id":"21","title":"Модель","depends_on":"20","required":true,"options":null,"units":null,"type":"drop_down_options"},{"id":"2095","title":"Поколение","depends_on":"21","required":true,"options":null,"units":null,"type":"drop_down_options"},{"id":"775","title":"Регистрация","depends_on":null,"required":true,"options":[{"id":"18592","title":"Республика Молдова"},{"id":"18593","title":"Приднестровье"},{"id":"20473","title":"Растаможен"},{"id":"20474","title":"Не растаможен"},{"id":"18594","title":"Другое"}],"units":null,"type":"drop_down_options"},{"id":"593","title":"Состояние","depends_on":null,"required":true,"options":[{"id":"18672","title":"Новый"},{"id":"18668","title":"С пробегом"},{"id":"23242","title":"Требует ремонта"}],"units":null,"type":"drop_down_options"},{"id":"1761","title":"Наличие","depends_on":null,"required":true,"options":[{"id":"29670","title":"На месте"},{"id":"29671","title":"В пути"},{"id":"29672","title":"Под заказ"}],"units":null,"type":"drop_down_options"},{"id":"1763","title":"Происхождение автомобиля","depends_on":null,"required":true,"options":[{"id":"29677","title":"Еврозона"},{"id":"29678","title":"США"},{"id":"33042","title":"Китай"},{"id":"33043","title":"Корея"},{"id":"42430","title":"Япония"},{"id":"33044","title":"Другое"}],"units":null,"type":"drop_down_options"},{"id":"13","title":"body","depends_on":null,"required":false,"options":null,"units":null,"type":"textarea_text"},{"id":"1404","title":"Теги","depends_on":null,"required":false,"options":null,"units":null,"type":"textbox_text"}]},{"title":"Цена и регион","features":[{"id":"7","title":"Регион","depends_on":null,"required":true,"options":[{"id":"12912","title":"Бельцы мун."},{"id":"12882","title":"Бендеры мун."},{"id":"12901","title":"Бессарабка"},{"id":"12898","title":"Бричаны"},{"id":"12878","title":"Вулканешты"},{"id":"12904","title":"Глодяны"},{"id":"12873","title":"Григориополь"},{"id":"17475","title":"Днестровск"},{"id":"12896","title":"Дондюшаны"},{"id":"12893","title":"Дрокия"},{"id":"12879","title":"Дубоссары"},{"id":"12895","title":"Единцы"},{"id":"12908","title":"Кагул"},{"id":"12907","title":"Калараш"},{"id":"12874","title":"Каменка"},{"id":"12890","title":"Кантемир"},{"id":"12903","title":"Каушаны"},{"id":"12900","title":"Кишинёв мун."},{"id":"12875","title":"Комрат"},{"id":"12888","title":"Криуляны"},{"id":"12881","title":"Леова"},{"id":"12877","title":"Ниспорены"},{"id":"12905","title":"Новые Анены"},{"id":"12902","title":"Окница"},{"id":"12909","title":"Оргеев"},{"id":"12891","title":"Резина"},{"id":"12883","title":"Рыбница"},{"id":"12897","title":"Рышканы"},{"id":"12884","title":"Слободзея"},{"id":"12899","title":"Сороки"},{"id":"12910","title":"Страшены"},{"id":"12906","title":"Сынжерей"},{"id":"12894","title":"Тараклия"},{"id":"12892","title":"Теленешты"},{"id":"12885","title":"Тирасполь мун."},{"id":"12870","title":"Унгены"},{"id":"12887","title":"Фалешты"},{"id":"12911","title":"Флорешты"},{"id":"12876","title":"Хынчешты"},{"id":"12871","title":"Чадыр-Лунга"},{"id":"12889","title":"Чимишлия"},{"id":"12880","title":"Шолданешты"},{"id":"12872","title":"Штефан-Водэ"},{"id":"12886","title":"Яловены"}],"units":null,"type":"drop_down_options"},{"id":"2","title":"Цена","depends_on":null,"required":true,"options":null,"units":["eur","usd","mdl"],"type":"textbox_numeric_measurement"}]},{"title":"Свойства","features":[{"id":"795","title":"Автор объявления","depends_on":null,"required":true,"options":[{"id":"23241","title":"Автодилер"}],"units":null,"type":"drop_down_options"},{"id":"19","title":"Год выпуска","depends_on":null,"required":true,"options":null,"units":null,"type":"textbox_numeric"},{"id":"1196","title":"Руль","depends_on":null,"required":true,"options":[{"id":"21979","title":"Левый"},{"id":"21978","title":"Правый"}],"units":null,"type":"drop_down_options"},{"id":"846","title":"Количество мест","depends_on":null,"required":true,"options":[{"id":"19117","title":"2"},{"id":"19123","title":"3"},{"id":"19007","title":"3-4"},{"id":"19118","title":"4"},{"id":"19119","title":"5"},{"id":"19121","title":"6"},{"id":"19120","title":"7"},{"id":"19122","title":"8"},{"id":"24583","title":"9"}],"units":null,"type":"drop_down_options"},{"id":"102","title":"Тип кузова","depends_on":null,"required":true,"options":[{"id":"18","title":"Внедорожник"},{"id":"156","title":"Кабриолет"},{"id":"68","title":"Комби"},{"id":"74","title":"Кроссовер"},{"id":"96","title":"Купе"},{"id":"53","title":"Микровэн"},{"id":"49","title":"Минивэн"},{"id":"61","title":"Пикап"},{"id":"265","title":"Родстер"},{"id":"6","title":"Седан"},{"id":"27","title":"Универсал"},{"id":"97","title":"Фургон"},{"id":"11","title":"Хетчбэк"}],"units":null,"type":"drop_down_options"},{"id":"851","title":"Количество дверей","depends_on":null,"required":false,"options":[{"id":"19083","title":"2"},{"id":"19084","title":"3"},{"id":"19085","title":"4"},{"id":"19086","title":"5"}],"units":null,"type":"drop_down_options"},{"id":"104","title":"Пробег","depends_on":null,"required":true,"options":null,"units":["km","mi"],"type":"textbox_numeric_measurement"},{"id":"103","title":"Объём двигателя","depends_on":null,"required":true,"options":null,"units":["cm3"],"type":"textbox_numeric_measurement"},{"id":"107","title":"Мощность (л.с.)","depends_on":null,"required":false,"options":null,"units":["hp"],"type":"textbox_numeric_measurement"},{"id":"151","title":"Тип топлива","depends_on":null,"required":true,"options":[{"id":"10","title":"Бензин"},{"id":"24","title":"Дизель"},{"id":"3","title":"Газ / Бензин (пропан)"},{"id":"159","title":"Газ / Бензин (метан)"},{"id":"161","title":"Гибрид"},{"id":"22987","title":"Плагин-гибрид"},{"id":"12617","title":"Электричество"},{"id":"21311","title":"Газ"}],"units":null,"type":"drop_down_options"},{"id":"101","title":"КПП","depends_on":null,"required":true,"options":[{"id":"1051","title":"Вариатор"},{"id":"1054","title":"Роботизированная"},{"id":"16","title":"Автоматическая"},{"id":"4","title":"Механическая"}],"units":null,"type":"drop_down_options"},{"id":"108","title":"Привод","depends_on":null,"required":true,"options":[{"id":"25","title":"Задний"},{"id":"5","title":"Передний"},{"id":"17","title":"4х4"}],"units":null,"type":"drop_down_options"},{"id":"17","title":"Цвет","depends_on":null,"required":false,"options":[{"id":"87","title":"Бежевый"},{"id":"19","title":"Белый"},{"id":"65","title":"Бордовый"},{"id":"31","title":"Голубой"},{"id":"179","title":"Желтый"},{"id":"13","title":"Зелёный"},{"id":"72","title":"Золотой"},{"id":"208","title":"Коричневый"},{"id":"38","title":"Красный"},{"id":"309","title":"Малины"},{"id":"334","title":"Оранжевый"},{"id":"554","title":"Розовый"},{"id":"176","title":"Салатовый"},{"id":"56","title":"Серебряный"},{"id":"50","title":"Серый"},{"id":"40","title":"Синий"},{"id":"12","title":"Тёмно-зелёный"},{"id":"93","title":"Фиолетовый"},{"id":"79","title":"Хамелеон"},{"id":"7","title":"Черный"}],"units":null,"type":"drop_down_options"}]},{"title":"Безопасность","features":[{"id":"109","title":"Антиблокировочная тормозная система (ABS)","depends_on":null,"required":false,"options":null,"units":null,"type":"check_box"},{"id":"115","title":"Шторки безопасности","depends_on":null,"required":false,"options":null,"units":null,"type":"check_box"},{"id":"110","title":"Антипробуксовочная система (TCS, ASR, TRC)","depends_on":null,"required":false,"options":null,"units":null,"type":"check_box"},{"id":"114","title":"Боковые подушки безопасности","depends_on":null,"required":false,"options":null,"units":null,"type":"check_box"},{"id":"116","title":"Датчик парковки","depends_on":null,"required":false,"options":null,"units":null,"type":"check_box"},{"id":"1639","title":"Система кругового обзора","depends_on":null,"required":false,"options":null,"units":null,"type":"check_box"},{"id":"113","title":"Подушка безопасности пассажира","depends_on":null,"required":false,"options":null,"units":null,"type":"check_box"},{"id":"111","title":"Система стабилизации (ESP, DSC, VDC, ESC)","depends_on":null,"required":false,"options":null,"units":null,"type":"check_box"},{"id":"112","title":"Подушка безопасности водителя","depends_on":null,"required":false,"options":null,"units":null,"type":"check_box"},{"id":"119","title":"Омыватель фар","depends_on":null,"required":false,"options":null,"units":null,"type":"check_box"},{"id":"118","title":"Датчик света","depends_on":null,"required":false,"options":null,"units":null,"type":"check_box"},{"id":"120","title":"Противоугонное устройство","depends_on":null,"required":false,"options":null,"units":null,"type":"check_box"},{"id":"127","title":"Летние шины","depends_on":null,"required":false,"options":null,"units":null,"type":"check_box"},{"id":"126","title":"Легкосплавные колесные диски","depends_on":null,"required":false,"options":null,"units":null,"type":"check_box"},{"id":"121","title":"Противоугонная сигнализация","depends_on":null,"required":false,"options":null,"units":null,"type":"check_box"},{"id":"124","title":"Многофункциональный руль","depends_on":null,"required":false,"options":null,"units":null,"type":"check_box"},{"id":"125","title":"Стальные колесные диски","depends_on":null,"required":false,"options":null,"units":null,"type":"check_box"},{"id":"128","title":"Зимние шины","depends_on":null,"required":false,"options":null,"units":null,"type":"check_box"},{"id":"123","title":"Противотуманные фары","depends_on":null,"required":false,"options":null,"units":null,"type":"check_box"},{"id":"129","title":"Всесезонные шины","depends_on":null,"required":false,"options":null,"units":null,"type":"check_box"},{"id":"117","title":"Датчик дождя","depends_on":null,"required":false,"options":null,"units":null,"type":"check_box"},{"id":"1638","title":"Камера заднего вида","depends_on":null,"required":false,"options":null,"units":null,"type":"check_box"},{"id":"122","title":"Ксеноновые фары","depends_on":null,"required":false,"options":null,"units":null,"type":"check_box"},{"id":"1757","title":"Светодиодные фары","depends_on":null,"required":false,"options":null,"units":null,"type":"check_box"},{"id":"1758","title":"Лазерные фары","depends_on":null,"required":false,"options":null,"units":null,"type":"check_box"},{"id":"1766","title":"Фаркоп","depends_on":null,"required":false,"options":null,"units":null,"type":"check_box"},{"id":"2201","title":"Крепления для детских сидений (Isofix)","depends_on":null,"required":false,"options":null,"units":null,"type":"check_box"},{"id":"2200","title":"Крепление для якорного ремня (Top Tether)","depends_on":null,"required":false,"options":null,"units":null,"type":"check_box"}]},{"title":"Комфорт","features":[{"id":"130","title":"Кондиционер","depends_on":null,"required":false,"options":null,"units":null,"type":"check_box"},{"id":"131","title":"Климат-контроль","depends_on":null,"required":false,"options":null,"units":null,"type":"check_box"},{"id":"132","title":"Усилитель руля","depends_on":null,"required":false,"options":null,"units":null,"type":"check_box"},{"id":"133","title":"Регулируемая по высоте рулевая колонка","depends_on":null,"required":false,"options":null,"units":null,"type":"check_box"},{"id":"134","title":"Регулируемая по вылету рулевая колонка","depends_on":null,"required":false,"options":null,"units":null,"type":"check_box"},{"id":"135","title":"Люк","depends_on":null,"required":false,"options":null,"units":null,"type":"check_box"},{"id":"136","title":"Электростеклоподъемники","depends_on":null,"required":false,"options":null,"units":null,"type":"check_box"},{"id":"137","title":"Электрорегулировка боковых зеркал","depends_on":null,"required":false,"options":null,"units":null,"type":"check_box"},{"id":"138","title":"Электрорегулировка водительского сиденья","depends_on":null,"required":false,"options":null,"units":null,"type":"check_box"},{"id":"139","title":"Электрорегулировка пассажирского сиденья","depends_on":null,"required":false,"options":null,"units":null,"type":"check_box"},{"id":"140","title":"Подогрев передних сидений","depends_on":null,"required":false,"options":null,"units":null,"type":"check_box"},{"id":"141","title":"Подогрев боковых зеркал","depends_on":null,"required":false,"options":null,"units":null,"type":"check_box"},{"id":"142","title":"Центральный замок","depends_on":null,"required":false,"options":null,"units":null,"type":"check_box"},{"id":"143","title":"Круиз-контроль","depends_on":null,"required":false,"options":null,"units":null,"type":"check_box"},{"id":"144","title":"Аудиосистема, Bluetooth","depends_on":null,"required":false,"options":null,"units":null,"type":"check_box"},{"id":"145","title":"Кожаный салон","depends_on":null,"required":false,"options":null,"units":null,"type":"check_box"},{"id":"147","title":"Обивка салона ткань","depends_on":null,"required":false,"options":null,"units":null,"type":"check_box"},{"id":"148","title":"Бортовой компьютер","depends_on":null,"required":false,"options":null,"units":null,"type":"check_box"},{"id":"149","title":"Навигационная система, TV, DVD","depends_on":null,"required":false,"options":null,"units":null,"type":"check_box"},{"id":"150","title":"Тонированные стекла","depends_on":null,"required":false,"options":null,"units":null,"type":"check_box"}]},{"title":"Медиа","features":[{"id":"14","title":"Фото","depends_on":null,"required":true,"options":null,"units":null,"type":"upload_images"},{"id":"15","title":"Видео","depends_on":null,"required":false,"options":null,"units":null,"type":"upload_videos"}]},{"title":"Контакты","features":[{"id":"16","title":"Контакты","depends_on":null,"required":false,"options":null,"units":null,"type":"contacts"}]}]}
[2025-04-30 23:04:32] {"phone_numbers":[{"phone_number":"37369977674","country_code":373,"national_number":"69977674","region":"Молдова"},{"phone_number":"37368500573","country_code":373,"national_number":"68500573","region":"Молдова"},{"phone_number":"37369533300","country_code":373,"national_number":"69533300","region":"Молдова"},{"phone_number":"37362166882","country_code":373,"national_number":"62166882","region":"Молдова"},{"phone_number":"37379500425","country_code":373,"national_number":"79500425","region":"Молдова"},{"phone_number":"37379500645","country_code":373,"national_number":"79500645","region":"Молдова"}]}
[2025-04-30 23:04:39] {"Options":[{"id":"227","title":"Accent"},{"id":"112","title":"Atos"},{"id":"24405","title":"Avante"},{"id":"42710","title":"Bayon"},{"id":"39221","title":"Casper"},{"id":"280","title":"Coupe"},{"id":"21361","title":"Creta"},{"id":"39223","title":"Custo"},{"id":"304","title":"Elantra"},{"id":"24771","title":"Encino"},{"id":"796","title":"Equus"},{"id":"222","title":"Galloper"},{"id":"818","title":"Genesis"},{"id":"162","title":"Getz"},{"id":"39227","title":"Grand Starex"},{"id":"870","title":"Grandeur"},{"id":"412","title":"H-1 Truck"},{"id":"23290","title":"H200"},{"id":"22418","title":"IONIQ"},{"id":"32693","title":"IONIQ 5"},{"id":"32692","title":"IONIQ 6"},{"id":"22961","title":"Kona"},{"id":"24770","title":"Lafesta"},{"id":"317","title":"Lantra"},{"id":"319","title":"Matrix"},{"id":"24772","title":"Mistra"},{"id":"39229","title":"Mufasa"},{"id":"1685","title":"NF Sonata"},{"id":"24552","title":"Palisade"},{"id":"355","title":"Pony"},{"id":"633","title":"S-Coupe"},{"id":"394","title":"Santa FE"},{"id":"547","title":"Santamo"},{"id":"12585","title":"Solaris"},{"id":"366","title":"Sonata"},{"id":"29091","title":"Staria"},{"id":"780","title":"Terracan"},{"id":"477","title":"Trajet"},{"id":"438","title":"Tucson"},{"id":"22238","title":"Veloster"},{"id":"39225","title":"Venue"},{"id":"770","title":"Veracruz"},{"id":"740","title":"XG"},{"id":"842","title":"i10"},{"id":"810","title":"i20"},{"id":"709","title":"i30"},{"id":"7713","title":"i40"},{"id":"22368","title":"ix20"},{"id":"21626","title":"ix35"},{"id":"17746","title":"Другое"}]}
[2025-04-30 23:04:42] {"Options":[{"id":"34532","title":"I (2004 - 2010)"},{"id":"34533","title":"II (2009 - 2015)"},{"id":"34534","title":"III (2015 - 2020)"},{"id":"34536","title":"IV (2021 - н. в)"}]}
[2025-04-30 23:06:13] {"advert":{"id":"100880882"}}
[2025-04-30 23:06:13] {"id":"100880864","title":"Mitsubishi Outlander","offer_type":776,"price":{"id":2,"value":16699,"unit":"eur"},"state":"public","categories":{"category":{"id":"658","title":"Транспорт","url":"transport"},"subcategory":{"id":"659","title":"Легковые автомобили","url":"transport/cars"}},"type":"standard","views_counter":0,"autorepublisher":{"enabled":false,"schedule":null},"posted":"2025-04-30T23:01:29+03:00","republished":"2025-04-30T23:01:31+03:00","expire":"2025-05-30T23:01:31+03:00","block_reasons":null,"location":{"location_region":"Кишинёв мун.","location_location":"","location_sector":"","location_street":"","location_building":""},"images":{"id":14,"value":["5f3e9163bbf88c005e21f8eea2bf59dc.jpg","33658edffb5b020a81ca14bbd154dad2.jpg","af3e4d431544d295f2fea7122ba0bda5.jpg","32d89444dd3f9768f65b06d3f13aa76a.jpg","31260dc15fede331e2f1b54b31641c67.jpg","6b9d8589f5a3413592ff7b8dd56452bf.jpg","fc8711281df6441c380d5f8479453a23.jpg","005b3390419b60d373bf757fd40d4339.jpg","b2b2b38cc5fda8d12cf565be0ec2dd4c.jpg","8e8b5b19e78692474099eac182fdadbb.jpg","76b3667631cf6609c51e07386167dcf6.jpg","a24279f2a528c3a2e1aa077ceeeacd08.jpg","8e973ad41cd5b1ef11b5b2c2443001c5.jpg","8c2cf8ae6ca454273e4f346719403849.jpg","7e761ec22de2c0627faba85f17fe6590.jpg","5e2fe24acda5fc70e8c02523a9c22cd2.jpg","6f73654f0007fb29718ad5f7d9a3daaf.jpg","f83acca6e0740cb999d540abcf6fd4d8.jpg","7b70b43bc118656304d3bd68c637423d.jpg","3f0a0e4b97929589dee454f7cc07c36e.jpg"],"unit":null},"videos":null,"contacts":{"id":16,"value":{"without_number":false,"phone_numbers":["37379500425"]},"unit":null},"delivery":null}
[2025-04-30 23:06:13] {"id":"100880876","title":"Hyundai Tucson","offer_type":776,"price":{"id":2,"value":16800,"unit":"eur"},"state":"public","categories":{"category":{"id":"658","title":"Транспорт","url":"transport"},"subcategory":{"id":"659","title":"Легковые автомобили","url":"transport/cars"}},"type":"standard","views_counter":2,"autorepublisher":{"enabled":false,"schedule":null},"posted":"2025-04-30T23:04:09+03:00","republished":"2025-04-30T23:04:11+03:00","expire":"2025-05-30T23:04:11+03:00","block_reasons":null,"location":{"location_region":"Кишинёв мун.","location_location":"","location_sector":"","location_street":"","location_building":""},"images":{"id":14,"value":["5de78a429538c61cce4ce93d1dbff5a3.jpg","7a739df8eb0a072403b15dae09953449.jpg","58332979b69402621d25728e9c633373.jpg","41bb428768de656449c16c3d78cbf89e.jpg","54d374561416d8ae0ce986f69f2c2933.jpg","08cf37531a12761eecea1c639a2669cd.jpg","ad480c72927062a28b431ce01d20bfc9.jpg","02d9734ec608da3d2c00beaa388e2edf.jpg","4cbda5b4e2be13e3656f8abe6b8f29d2.jpg","f547e316b11302a883b050084053d7c4.jpg","983a58eaef114dfd90690b80185bec2d.jpg","fc15525831f1cda04ff09a1ddf466fb3.jpg","06ef2a5a05ec7149b1eb0a2aed4909e6.jpg","79c15e0dc7c74d06216a34e7519cf366.jpg","75fa218af32d18531e76d1e9121ba2dc.jpg","72da3970038835feaf47cb183ee535c2.jpg","fe698c12100dbed1a9d2dd3dac77ed9a.jpg"],"unit":null},"videos":null,"contacts":{"id":16,"value":{"without_number":false,"phone_numbers":["37379500425"]},"unit":null},"delivery":null}
[2025-04-30 23:06:13] {"id":"100880882","title":"Hyundai Tucson","offer_type":776,"price":{"id":2,"value":16700,"unit":"eur"},"state":"public","categories":{"category":{"id":"658","title":"Транспорт","url":"transport"},"subcategory":{"id":"659","title":"Легковые автомобили","url":"transport/cars"}},"type":"standard","views_counter":0,"autorepublisher":{"enabled":false,"schedule":null},"posted":"2025-04-30T23:06:11+03:00","republished":"2025-04-30T23:06:13+03:00","expire":"2025-05-30T23:06:13+03:00","block_reasons":null,"location":{"location_region":"Кишинёв мун.","location_location":"","location_sector":"","location_street":"","location_building":""},"images":{"id":14,"value":["282a7faa1697f017478b670fbd4423da.jpg","ae1cb03c4641774d9a30267f9b4b9544.jpg","79d9ffc017a8b00017597f42fc937126.jpg","bf1083a6489dffe238855edc8ab84a2d.jpg","9ac99cf6e2b2dbd214449d52a2590976.jpg","5886d214d0e893df7d1bbcabb63f8e9e.jpg","b94597e673c917d4d74e4cfec24450b6.jpg","e1baa6a78dfe0b40dc5ff8d1ebd3c81f.jpg","965ea127f8c16f5654b046f1d6019079.jpg","df1b350c758068d4cf183f159e64904d.jpg","17416411659a0defdf15caf034150567.jpg","811cd63568aadc9876f4091f6e1ef205.jpg","2494023b03dd42d2ec9c9b4923435130.jpg","d18c5f18a5794ff6b5aeb0d0a406f5b5.jpg","8948b4737ed2034c81bddc0bb39714c7.jpg","5e406d355dd8e79beb1b82ac0693c7c5.jpg","1e33a98227d7da3945c31fe92b0d6cfe.jpg"],"unit":null},"videos":null,"contacts":{"id":16,"value":{"without_number":false,"phone_numbers":["37379500425"]},"unit":null},"delivery":null}
[2025-04-30 23:06:14] {"id":"100830542","title":"Honda CR-V","offer_type":776,"price":{"id":2,"value":32200,"unit":"eur"},"state":"public","categories":{"category":{"id":"658","title":"Транспорт","url":"transport"},"subcategory":{"id":"659","title":"Легковые автомобили","url":"transport/cars"}},"type":"standard","views_counter":93,"autorepublisher":{"enabled":false,"schedule":null},"posted":"2025-04-24T21:24:59+03:00","republished":"2025-04-30T12:32:07+03:00","expire":"2025-05-30T12:32:07+03:00","block_reasons":null,"location":{"location_region":"Кишинёв мун.","location_location":"","location_sector":"","location_street":"","location_building":""},"images":{"id":14,"value":["fb5b04652fce595638db0d4a40810e40.jpg","b19e4e0bc3cae88251be93757aa9c3e6.jpg","8146fc0770d76d06bd567d5433ea35a1.jpg","e8f30a7d43df2a87c4ba554c15a48a9d.jpg","2320178f754b1d5379d30a6d4edf8074.jpg","9b113ddf197f79b6566b14776b3e195f.jpg","3d4d5a9a93add5e5914bd2dae0cfada8.jpg","80ba1c8bb792d3ed159525c638a80ed0.jpg","a15820f54e002c429b26d2a66671abc0.jpg","d39a3b98b2b950eabea02d17cc4b68cf.jpg","a8284f061a76bd99a2673772aab42354.jpg","4706e4500c9c41f4bb6baa59211fa7d0.jpg","7e8a7b1cd790f28afc02148bf4f914c9.jpg","14bcf01b2e74008c9275071bcfa9b51d.jpg","0ba7ed01245ecaf8b736633a7d268721.jpg","0d3a6e94e4918f0c6e02860b5bcbe510.jpg","edeb47ff441323e0a5e2ab61311680e6.jpg","e9f1af3f696588c51f7ebac017b8ee0b.jpg","1ad971bc1eeeb7cd1132dfa951358a8e.jpg"],"unit":null},"videos":null,"contacts":{"id":16,"value":{"without_number":false,"phone_numbers":["37379500425"]},"unit":null},"delivery":null}
[2025-04-30 23:06:14] {"id":"100828672","title":"Opel Astra","offer_type":776,"price":{"id":2,"value":7499,"unit":"eur"},"state":"public","categories":{"category":{"id":"658","title":"Транспорт","url":"transport"},"subcategory":{"id":"659","title":"Легковые автомобили","url":"transport/cars"}},"type":"standard","views_counter":22,"autorepublisher":{"enabled":false,"schedule":null},"posted":"2025-04-24T18:02:52+03:00","republished":"2025-04-29T09:48:48+03:00","expire":"2025-05-29T09:48:48+03:00","block_reasons":null,"location":{"location_region":"Кишинёв мун.","location_location":"","location_sector":"","location_street":"","location_building":""},"images":{"id":14,"value":["fc335f5c39f00daed58a834bb75710ea.jpg","0ab294abfecbef0483a6e6a8ebe7efa2.jpg","b5a6e221318d673712e4b5880847ad5b.jpg","5593210b119d1a612caadf6ba4f49403.jpg","bb5a3cdb19f0e766192fd416f66819ab.jpg","07a20e17ed62a36b866e9083f1b653e1.jpg","b759aab7effbbda22476d439b85974cf.jpg","6349fcbcbab2b4e32b5110b965dfb67f.jpg","6b4b265040295ebddceb7fa75a14dd29.jpg","cc5f4d471921a6fe8a530a99ba3ca4de.jpg","3662d502a8802985aca072cb3abb199a.jpg","e526f987991396585f136bafc6830791.jpg","0be2233fab1e7014db5f8731a70e128c.jpg","38df9189fb939ef91f79e9d534e75cd1.jpg","cece09e35be6f44150b5bd4c33edec09.jpg","8b0294c1b8be6c3323f3c424e815a771.jpg","fe6fa598edc0a72a6c0a34307a2d8d13.jpg","186e901b9fe6947a7cac8d70ac4b6275.jpg"],"unit":null},"videos":null,"contacts":{"id":16,"value":{"without_number":false,"phone_numbers":["37379500425"]},"unit":null},"delivery":null}
[2025-04-30 23:06:14] {"id":"100828359","title":"Ford Mondeo","offer_type":776,"price":{"id":2,"value":9799,"unit":"eur"},"state":"public","categories":{"category":{"id":"658","title":"Транспорт","url":"transport"},"subcategory":{"id":"659","title":"Легковые автомобили","url":"transport/cars"}},"type":"standard","views_counter":19,"autorepublisher":{"enabled":false,"schedule":null},"posted":"2025-04-24T17:37:42+03:00","republished":"2025-04-30T12:15:13+03:00","expire":"2025-05-30T12:15:13+03:00","block_reasons":null,"location":{"location_region":"Кишинёв мун.","location_location":"","location_sector":"","location_street":"","location_building":""},"images":{"id":14,"value":["5f6bb0b49b5732ce4f0a6bf885cd68e3.jpg","9d6ed6e9c123cae5faf760a8c9454c2c.jpg","b07d78708497b1f9f710fa661d0bae8d.jpg","acf9191403b4af4ffe583c4e4136f4ce.jpg","d6339401190ba11feffb2a9998680054.jpg","4728899c6bd1efeee99156449b5c2cb6.jpg","f9e8db3764b1aa26a5481838e8f08cfb.jpg","3ab413c15a5ba5ed64150b4a8b98d4b0.jpg","20ed23b2fafa64a422c458417fb9d635.jpg","57f39251dd82c86b881443a2eec640e1.jpg","89300acd19e60ede96a19036f76118dc.jpg","d6c63901bc099d2a64ff0cbd342b0c43.jpg","956d67898ee56b248ae4cc47f03e8dfb.jpg","bca3ff8d5e2fb177f6a02b2bcfc0aff5.jpg","97c0fa41e739807d7e49d0d88018ac8a.jpg","a24920e896cff893d0810c8f29fc5b8f.jpg"],"unit":null},"videos":null,"contacts":{"id":16,"value":{"without_number":false,"phone_numbers":["37379500425"]},"unit":null},"delivery":null}
[2025-04-30 23:06:14] {"id":"100821865","title":"Audi SQ5","offer_type":776,"price":{"id":2,"value":35500,"unit":"eur"},"state":"public","categories":{"category":{"id":"658","title":"Транспорт","url":"transport"},"subcategory":{"id":"659","title":"Легковые автомобили","url":"transport/cars"}},"type":"standard","views_counter":15,"autorepublisher":{"enabled":false,"schedule":null},"posted":"2025-04-24T09:45:37+03:00","republished":"2025-04-29T13:21:08+03:00","expire":"2025-05-29T13:21:08+03:00","block_reasons":null,"location":{"location_region":"Кишинёв мун.","location_location":"","location_sector":"","location_street":"","location_building":""},"images":{"id":14,"value":["5a954dc238ff47c97a0f3374264def17.jpg","a037fb7c0b1d2e812d820e2a67502093.jpg","9e506328b28b03663d239889d2fa1520.jpg","b878f5d8d87b92ff9de749c822b09075.jpg","3a58ab64d2a9c15a20ca86b40cfc838d.jpg","42cb55d9a8787b010ae73678ba136193.jpg","5772e619161afe642ce09b1291db8cc6.jpg","1a472b4ac0313c552ab27052c11cf646.jpg","dd5bf538a02f61043d7a73e5a459c7ec.jpg","b1d2ea0d2e9753e5b2ce074c565cbe99.jpg","1d86590b294bc2af6ada8b544391a459.jpg","d03434d0316ac4d3e2c4dc158061f75d.jpg","e501f69ad9a59c4d7657a1feadbb7471.jpg","af46f9a2cd8266f89e3a4c55af39010f.jpg"],"unit":null},"videos":null,"contacts":{"id":16,"value":{"without_number":false,"phone_numbers":["37379500425"]},"unit":null},"delivery":null}
[2025-04-30 23:06:14] {"id":"100819412","title":"Volkswagen Passat","offer_type":776,"price":{"id":2,"value":13999,"unit":"eur"},"state":"public","categories":{"category":{"id":"658","title":"Транспорт","url":"transport"},"subcategory":{"id":"659","title":"Легковые автомобили","url":"transport/cars"}},"type":"standard","views_counter":40,"autorepublisher":{"enabled":false,"schedule":null},"posted":"2025-04-23T21:35:20+03:00","republished":"2025-04-30T12:55:08+03:00","expire":"2025-05-30T12:55:08+03:00","block_reasons":null,"location":{"location_region":"Кишинёв мун.","location_location":"","location_sector":"","location_street":"","location_building":""},"images":{"id":14,"value":["74bad943a86473bc4981c42b77f5ad37.jpg","7cf39fdff353e8dc54dd46da8ed44616.jpg","2e55219a0c6b3d6a92b194701b9a357b.jpg","691c44090f1c23c3feae75965369ca14.jpg","29c889ad02588194e3657a3af57a9396.jpg","17f11a7bcc3f00450eadd89eea07d683.jpg","79bda3dd481d6c45a41f3d999e6c3d82.jpg","a2cb487e79d9db94bb91b113ea410371.jpg","330af3a698777c37f603e92c6c6eb72d.jpg","a98ff39dea4c7d27f643d94e61a5789e.jpg","30c2dc5936ceb2cbc303b49a46c34778.jpg","34990b6b7acf30b3f3565d57521b9c47.jpg","19684be3f34934e7945c792dfc8a0d07.jpg","62a522bb48d339c434f8a927286d533c.jpg","63102477f8ca29901778219cd8d8c860.jpg","b1e0a4391adf5bdbfaf6b0d62e7944c2.jpg","62197311b5707d83e82f15b9c1e4e02b.jpg","76926cb9e6bd219521612a4325033af8.jpg","967bf88a442cb882ad166ced0f0ca5b3.jpg"],"unit":null},"videos":null,"contacts":{"id":16,"value":{"without_number":false,"phone_numbers":["37379500425"]},"unit":null},"delivery":null}
[2025-04-30 23:06:14] <html>
<head><title>429 Too Many Requests</title></head>
<body>
<center><h1>429 Too Many Requests</h1></center>
<hr><center>nginx</center>
</body>
</html>

[2025-04-30 23:06:14] <html>
<head><title>429 Too Many Requests</title></head>
<body>
<center><h1>429 Too Many Requests</h1></center>
<hr><center>nginx</center>
</body>
</html>

[2025-04-30 23:06:14] <html>
<head><title>429 Too Many Requests</title></head>
<body>
<center><h1>429 Too Many Requests</h1></center>
<hr><center>nginx</center>
</body>
</html>

[2025-04-30 23:06:14] <html>
<head><title>429 Too Many Requests</title></head>
<body>
<center><h1>429 Too Many Requests</h1></center>
<hr><center>nginx</center>
</body>
</html>

[2025-04-30 23:06:14] {"id":"100777345","title":"BMW 2 Series","offer_type":776,"price":{"id":2,"value":14999,"unit":"eur"},"state":"public","categories":{"category":{"id":"658","title":"Транспорт","url":"transport"},"subcategory":{"id":"659","title":"Легковые автомобили","url":"transport/cars"}},"type":"standard","views_counter":22,"autorepublisher":{"enabled":false,"schedule":null},"posted":"2025-04-18T23:01:57+03:00","republished":"2025-04-30T12:55:07+03:00","expire":"2025-05-30T12:55:07+03:00","block_reasons":null,"location":{"location_region":"Кишинёв мун.","location_location":"","location_sector":"","location_street":"","location_building":""},"images":{"id":14,"value":["2c240adbcea259ac6fc4240ac8b32b56.jpg","b88fdc6e5d091c271cb0efb734aba389.jpg","a83897d67df1f44975990317d1e10e5f.jpg","5784aadc1e9ce3a67685ff99ef6b67fe.jpg","721245c6da4a78c995818520f4719575.jpg","5e31bf503db05ae83bedbf9d8c38e90a.jpg","6f4b03a4007b36de3e82d746c55bae7e.jpg","6e5206eb405ec1a8c69f13e08af3fd17.jpg","a21d2b0945900fdeac08aedc74c46a0f.jpg","e986d0089b14da8005afc1d18aae394b.jpg","4b0e4b3bd7dca15f5911dd0be6e47f0d.jpg","604613ef3c6adcff7b69c97e92b04400.jpg","7494c03e88eb3097c1640c8e690f9987.jpg","fdfec01f52f09f4c161d7d39ae6573cb.jpg","1ec47abf471bbc7cdabf3611dc220ea1.jpg","ddd3330cb2655c4f1041e7d2c7917e84.jpg","6a70238ab18603cf229951984c0e38d6.jpg","a9deda676835e61a299545d7c3c93e4c.jpg","4da5e7183ebedf0c0ab40fdbdbbc836c.jpg"],"unit":null},"videos":null,"contacts":{"id":16,"value":{"without_number":false,"phone_numbers":["37379500425"]},"unit":null},"delivery":null}
[2025-04-30 23:06:14] <html>
<head><title>429 Too Many Requests</title></head>
<body>
<center><h1>429 Too Many Requests</h1></center>
<hr><center>nginx</center>
</body>
</html>

[2025-04-30 23:06:14] <html>
<head><title>429 Too Many Requests</title></head>
<body>
<center><h1>429 Too Many Requests</h1></center>
<hr><center>nginx</center>
</body>
</html>

[2025-04-30 23:06:14] <html>
<head><title>429 Too Many Requests</title></head>
<body>
<center><h1>429 Too Many Requests</h1></center>
<hr><center>nginx</center>
</body>
</html>

[2025-04-30 23:06:14] <html>
<head><title>429 Too Many Requests</title></head>
<body>
<center><h1>429 Too Many Requests</h1></center>
<hr><center>nginx</center>
</body>
</html>

[2025-04-30 23:06:14] {"id":"100737257","title":"Ford Focus","offer_type":776,"price":{"id":2,"value":8299,"unit":"eur"},"state":"public","categories":{"category":{"id":"658","title":"Транспорт","url":"transport"},"subcategory":{"id":"659","title":"Легковые автомобили","url":"transport/cars"}},"type":"standard","views_counter":15,"autorepublisher":{"enabled":false,"schedule":null},"posted":"2025-04-15T09:50:43+03:00","republished":"2025-04-30T12:30:05+03:00","expire":"2025-05-30T12:30:05+03:00","block_reasons":null,"location":{"location_region":"Кишинёв мун.","location_location":"","location_sector":"","location_street":"","location_building":""},"images":{"id":14,"value":["cf1ceb0302025c4069d01e3cace857c3.jpg","8fb479cb0976e2e598696bed42b9e9e2.jpg","e3315c2a73af9080021f5ddcbdb2ed26.jpg","8287d58e4d6ebace8e266a97b155fd8d.jpg","07ee43f420233d0e7f67b8f57b4ee1cd.jpg","78762be8cb7c6741bb548741ce3d7c92.jpg","f0b2e70772b105cb0060594b64805fe3.jpg","93ef43dc26cae5a352949362596cc42f.jpg","a03fc0b9792635f6bf439faa901433c3.jpg","2830d494cfa5bdc8c1b71fccb897e64c.jpg","3ada717dbdf3ab555312943f6c480afe.jpg","f5a6c5fcca6061bc8f462450b8ae6a78.jpg","4bbd23d1c4a9fad1423af5ac26c4994c.jpg","dfc8894f9886ebcd65577d30539b9356.jpg","83de7a14b15bac27930e3d29f95512c7.jpg","e04fbaa843a2539c2124662d2bc8288c.jpg"],"unit":null},"videos":null,"contacts":{"id":16,"value":{"without_number":false,"phone_numbers":["37379500425"]},"unit":null},"delivery":null}
[2025-04-30 23:06:14] <html>
<head><title>429 Too Many Requests</title></head>
<body>
<center><h1>429 Too Many Requests</h1></center>
<hr><center>nginx</center>
</body>
</html>

[2025-04-30 23:06:14] <html>
<head><title>429 Too Many Requests</title></head>
<body>
<center><h1>429 Too Many Requests</h1></center>
<hr><center>nginx</center>
</body>
</html>

[2025-04-30 23:06:14] <html>
<head><title>429 Too Many Requests</title></head>
<body>
<center><h1>429 Too Many Requests</h1></center>
<hr><center>nginx</center>
</body>
</html>

[2025-04-30 23:06:14] <html>
<head><title>429 Too Many Requests</title></head>
<body>
<center><h1>429 Too Many Requests</h1></center>
<hr><center>nginx</center>
</body>
</html>

[2025-04-30 23:06:14] <html>
<head><title>429 Too Many Requests</title></head>
<body>
<center><h1>429 Too Many Requests</h1></center>
<hr><center>nginx</center>
</body>
</html>

[2025-04-30 23:06:14] <html>
<head><title>429 Too Many Requests</title></head>
<body>
<center><h1>429 Too Many Requests</h1></center>
<hr><center>nginx</center>
</body>
</html>

[2025-04-30 23:06:14] {"id":"100620554","title":"Volkswagen Jetta","offer_type":776,"price":{"id":2,"value":9499,"unit":"eur"},"state":"public","categories":{"category":{"id":"658","title":"Транспорт","url":"transport"},"subcategory":{"id":"659","title":"Легковые автомобили","url":"transport/cars"}},"type":"standard","views_counter":62,"autorepublisher":{"enabled":false,"schedule":null},"posted":"2025-04-04T12:29:26+03:00","republished":"2025-04-30T12:55:04+03:00","expire":"2025-05-30T12:55:04+03:00","block_reasons":null,"location":{"location_region":"Кишинёв мун.","location_location":"","location_sector":"","location_street":"","location_building":""},"images":{"id":14,"value":["f0b373439db21344b056f9fb10b88697.jpg","b901a4f2d708896aff3777420e13128d.jpg","f9b104e24380c98434e52a139951d3df.jpg","3888d3a8e66b85646c2a58b20402b912.jpg","333f715c2d2a7f7d2ea521a782752ef8.jpg","81c77e630569269ef6827bd831936b6a.jpg","07f49aa3a5b3d83ba9bae4532abc5ddc.jpg","5840530b41531de3f0421f0ac06177b6.jpg","7e64373982af67c6b9570e55424b42e4.jpg","910534c2ad66f6d8071367fc537d61fc.jpg","3cf51c1890856a1142f5789b2701dda5.jpg","93f2cfc9bed939ef2e74d3340d5832ba.jpg","c4d419324d2388c2e9d34d947ff52d7c.jpg","88f6caee71e4f5653aa7426025b72a25.jpg","3445a05390a9ecd07f4830d399af9d99.jpg","6c5b949f2ff11269af6b4a93ef144bb6.jpg","6bda2403744431846d34018a4db716ea.jpg","c43dd2aa54861b060944600728dabcc7.jpg","a2b398fb61db17037f5600af96810f5d.jpg","9d56e114c03a3be84d833450603d3bc6.jpg"],"unit":null},"videos":null,"contacts":{"id":16,"value":{"without_number":false,"phone_numbers":["37379500425"]},"unit":null},"delivery":null}
[2025-04-30 23:06:14] <html>
<head><title>429 Too Many Requests</title></head>
<body>
<center><h1>429 Too Many Requests</h1></center>
<hr><center>nginx</center>
</body>
</html>

[2025-04-30 23:06:14] <html>
<head><title>429 Too Many Requests</title></head>
<body>
<center><h1>429 Too Many Requests</h1></center>
<hr><center>nginx</center>
</body>
</html>

[2025-04-30 23:06:14] <html>
<head><title>429 Too Many Requests</title></head>
<body>
<center><h1>429 Too Many Requests</h1></center>
<hr><center>nginx</center>
</body>
</html>

[2025-04-30 23:06:14] <html>
<head><title>429 Too Many Requests</title></head>
<body>
<center><h1>429 Too Many Requests</h1></center>
<hr><center>nginx</center>
</body>
</html>

[2025-04-30 23:06:15] {"id":"100572271","title":"Volkswagen Jetta","offer_type":776,"price":{"id":2,"value":10800,"unit":"eur"},"state":"public","categories":{"category":{"id":"658","title":"Транспорт","url":"transport"},"subcategory":{"id":"659","title":"Легковые автомобили","url":"transport/cars"}},"type":"standard","views_counter":67,"autorepublisher":{"enabled":false,"schedule":null},"posted":"2025-03-31T08:55:26+03:00","republished":"2025-03-31T08:55:28+03:00","expire":"2025-04-30T08:55:28+03:00","block_reasons":null,"location":{"location_region":"Кишинёв мун.","location_location":"","location_sector":"","location_street":"","location_building":""},"images":{"id":14,"value":["03cfa710d78444d29b2ca04f88bd689b.jpg","9c00511f85181a540fc4ef804e972aa5.jpg","5d00314ed9de8690310ba0fcd83e4ba9.jpg","c0130ef31578dcbe45e9c9ce80d04e92.jpg","85dc8e69317a2d0acd6cd3cad2ed83dc.jpg","a61f6a338ecebfafdaf8c2d710450e9c.jpg","12e2de4d1a4d7fb626cc0560f83839bf.jpg","fd536db0d299f138a40d1399c1dafe71.jpg","f2ee940225f2876de750795979361113.jpg","a9a37bc9d1aa53c6d66c7f73078e81d2.jpg","fa83d7b4bc805f3a4ec6457734042a1d.jpg","074eb6a408269f459f18e6690cd5b5c2.jpg","b85568d0dc4ab11da86f364723e1e9a6.jpg","b69423fa0bd43f2135a9d354ed897f1c.jpg"],"unit":null},"videos":null,"contacts":{"id":16,"value":{"without_number":false,"phone_numbers":["37379500425"]},"unit":null},"delivery":null}
[2025-04-30 23:06:15] <html>
<head><title>429 Too Many Requests</title></head>
<body>
<center><h1>429 Too Many Requests</h1></center>
<hr><center>nginx</center>
</body>
</html>

[2025-04-30 23:06:15] <html>
<head><title>429 Too Many Requests</title></head>
<body>
<center><h1>429 Too Many Requests</h1></center>
<hr><center>nginx</center>
</body>
</html>

[2025-04-30 23:06:15] <html>
<head><title>429 Too Many Requests</title></head>
<body>
<center><h1>429 Too Many Requests</h1></center>
<hr><center>nginx</center>
</body>
</html>

[2025-04-30 23:06:15] <html>
<head><title>429 Too Many Requests</title></head>
<body>
<center><h1>429 Too Many Requests</h1></center>
<hr><center>nginx</center>
</body>
</html>

[2025-04-30 23:06:15] {"id":"100507915","title":"KIA Niro","offer_type":776,"price":{"id":2,"value":14999,"unit":"eur"},"state":"public","categories":{"category":{"id":"658","title":"Транспорт","url":"transport"},"subcategory":{"id":"659","title":"Легковые автомобили","url":"transport/cars"}},"type":"standard","views_counter":73,"autorepublisher":{"enabled":false,"schedule":null},"posted":"2025-03-25T09:09:41+02:00","republished":"2025-04-29T08:14:07+03:00","expire":"2025-05-29T08:14:07+03:00","block_reasons":null,"location":{"location_region":"Кишинёв мун.","location_location":"","location_sector":"","location_street":"","location_building":""},"images":{"id":14,"value":["dffcd983a758705f6837bb1cc5e87863.jpg","d7adf6c25c802221db9537eb5ae05199.jpg","e872da58ea10a7ff9eeeeeb41cd610f3.jpg","65aa507ed53f688289e9c0b1ecbed461.jpg","34c0b772a495c58346a6c109e4a0adc2.jpg","57843a772d39585b0c5b4cd22b3ba6d9.jpg","d129fa75da9f0d743ff59fceb767cc86.jpg","d3c90e4ce7d2ce13b9dab8130c77a4d9.jpg","6b9dff3b04d46f0c8f34914632998f25.jpg","f92162a904241020e1018cfa52bad668.jpg","c3919ad878fe8b0556c6136c3f8228f8.jpg","9ef4e7aac4b20916a4ee8b124021072a.jpg","5d7cee29deb0371f54587a651f2a83f1.jpg","a6ae35844c80d2c8c79dca54ba1e24e0.jpg","8d03432786b347ba25daf31095b585d4.jpg","fc80362724e7f61624a5bc2067642633.jpg","1a4355a7861117d936de8b3460871ede.jpg","f0d56bd8d6cf4bd282cf8b18f254cd6f.jpg"],"unit":null},"videos":null,"contacts":{"id":16,"value":{"without_number":false,"phone_numbers":["37379500425"]},"unit":null},"delivery":null}
[2025-04-30 23:06:15] <html>
<head><title>429 Too Many Requests</title></head>
<body>
<center><h1>429 Too Many Requests</h1></center>
<hr><center>nginx</center>
</body>
</html>

[2025-04-30 23:06:15] <html>
<head><title>429 Too Many Requests</title></head>
<body>
<center><h1>429 Too Many Requests</h1></center>
<hr><center>nginx</center>
</body>
</html>

[2025-04-30 23:06:15] <html>
<head><title>429 Too Many Requests</title></head>
<body>
<center><h1>429 Too Many Requests</h1></center>
<hr><center>nginx</center>
</body>
</html>

[2025-04-30 23:06:15] <html>
<head><title>429 Too Many Requests</title></head>
<body>
<center><h1>429 Too Many Requests</h1></center>
<hr><center>nginx</center>
</body>
</html>

[2025-04-30 23:06:15] <html>
<head><title>429 Too Many Requests</title></head>
<body>
<center><h1>429 Too Many Requests</h1></center>
<hr><center>nginx</center>
</body>
</html>

[2025-04-30 23:06:15] {"id":"100463813","title":"Volkswagen Golf","offer_type":776,"price":{"id":2,"value":17500,"unit":"eur"},"state":"public","categories":{"category":{"id":"658","title":"Транспорт","url":"transport"},"subcategory":{"id":"659","title":"Легковые автомобили","url":"transport/cars"}},"type":"standard","views_counter":230,"autorepublisher":{"enabled":false,"schedule":null},"posted":"2025-03-20T22:40:55+02:00","republished":"2025-04-19T10:51:30+03:00","expire":"2025-05-19T10:51:30+03:00","block_reasons":null,"location":{"location_region":"Кишинёв мун.","location_location":"","location_sector":"","location_street":"","location_building":""},"images":{"id":14,"value":["46af6b0b2b03490b995efc8bbb344e7f.jpg","20e62c85c0bda2a0994db327aedca992.jpg","ee71a33e7c9cc4f97743179732436f58.jpg","45c09283d8e6f3ff48578603b8b87f40.jpg","cce30bbdab5e99ce158187051317bfa5.jpg","26119bd333be3e4c5da9787baa4d2dff.jpg","18e56aba4afe1dad8dc95c31adde10b5.jpg","8a69c04c301108512414a100ca0901e9.jpg","91c8b4fa08e4182ce1a882aab6b8023c.jpg","0f580a6ca8b8005fabc9f7be2ced07f0.jpg","d7e13879907a7b286235cb092801ceb5.jpg","a3334f0352aeee641212ed903201f8e5.jpg","120112fcde5ddd743d07093a76d52c7c.jpg","fe6f72c4488aa8cefdcb9aa9a99c3bdd.jpg","184fbcff4fdb82256243805e2172768f.jpg","7608fb10ae949277f5db1b0a11747cd1.jpg","8302c8fffd24430bb3038c9e9af48b95.jpg","5f2aa7a2410c860610fab37d5d312512.jpg","815c3ae8a04fdd14b684609623ce8862.jpg"],"unit":null},"videos":null,"contacts":{"id":16,"value":{"without_number":false,"phone_numbers":["37379500425"]},"unit":null},"delivery":null}
[2025-04-30 23:06:15] <html>
<head><title>429 Too Many Requests</title></head>
<body>
<center><h1>429 Too Many Requests</h1></center>
<hr><center>nginx</center>
</body>
</html>

[2025-04-30 23:06:15] <html>
<head><title>429 Too Many Requests</title></head>
<body>
<center><h1>429 Too Many Requests</h1></center>
<hr><center>nginx</center>
</body>
</html>

[2025-04-30 23:06:15] <html>
<head><title>429 Too Many Requests</title></head>
<body>
<center><h1>429 Too Many Requests</h1></center>
<hr><center>nginx</center>
</body>
</html>

[2025-04-30 23:06:15] <html>
<head><title>429 Too Many Requests</title></head>
<body>
<center><h1>429 Too Many Requests</h1></center>
<hr><center>nginx</center>
</body>
</html>

[2025-04-30 23:06:15] <html>
<head><title>429 Too Many Requests</title></head>
<body>
<center><h1>429 Too Many Requests</h1></center>
<hr><center>nginx</center>
</body>
</html>

[2025-04-30 23:06:15] {"id":"100369297","title":"Dacia Duster","offer_type":776,"price":{"id":2,"value":13499,"unit":"eur"},"state":"public","categories":{"category":{"id":"658","title":"Транспорт","url":"transport"},"subcategory":{"id":"659","title":"Легковые автомобили","url":"transport/cars"}},"type":"standard","views_counter":16170,"autorepublisher":{"enabled":false,"schedule":null},"posted":"2025-03-13T09:36:55+02:00","republished":"2025-04-15T13:21:05+03:00","expire":"2025-05-15T13:21:05+03:00","block_reasons":null,"location":{"location_region":"Кишинёв мун.","location_location":"","location_sector":"","location_street":"","location_building":""},"images":{"id":14,"value":["74f0b8a95f5d646b09126c70185625fd.jpg","d42b1f9d48cb602f1b939d22ae15aacd.jpg","893486d8cf0066c045880daf645b012c.jpg","093e119f1f41f085e463d22feee5a79d.jpg","349d1b01e9f5ec43fb922246e47c2999.jpg","fe18ebce09f4b3c25e415c1b99074f53.jpg","d5167aa40c2250f2b76ecdb4a79ea340.jpg","c73f0d5ef3fb26904778afe09244b118.jpg","cb9f8689979d8e837f9a0f1b635b35ce.jpg","df663bcbefdc26806aa256071663b9ed.jpg","3dad5ddb12cb69cbbb97c1456d80d66d.jpg","c86006eff4ceb965a617e6d6a3539115.jpg","88686c07d008e7451b2ad984d25e3fd3.jpg","bf11363fa9fadbfca2cd8e614fca288d.jpg","3801a3df461e6f44ada15a4b7228beaf.jpg","fe62e149b83e48ed43b032412c3975de.jpg","2c4b6c56f555eb767c53d7c234d0b8c4.jpg","d1cd553ab9b9f6580ee4b334ef223c01.jpg"],"unit":null},"videos":null,"contacts":{"id":16,"value":{"without_number":false,"phone_numbers":["37379500425"]},"unit":null},"delivery":null}
[2025-04-30 23:06:15] <html>
<head><title>429 Too Many Requests</title></head>
<body>
<center><h1>429 Too Many Requests</h1></center>
<hr><center>nginx</center>
</body>
</html>

[2025-04-30 23:06:15] <html>
<head><title>429 Too Many Requests</title></head>
<body>
<center><h1>429 Too Many Requests</h1></center>
<hr><center>nginx</center>
</body>
</html>

[2025-04-30 23:06:15] <html>
<head><title>429 Too Many Requests</title></head>
<body>
<center><h1>429 Too Many Requests</h1></center>
<hr><center>nginx</center>
</body>
</html>

[2025-04-30 23:06:15] <html>
<head><title>429 Too Many Requests</title></head>
<body>
<center><h1>429 Too Many Requests</h1></center>
<hr><center>nginx</center>
</body>
</html>

[2025-04-30 23:06:15] {"id":"100295258","title":"KIA Sportage","offer_type":776,"price":{"id":2,"value":10750,"unit":"eur"},"state":"public","categories":{"category":{"id":"658","title":"Транспорт","url":"transport"},"subcategory":{"id":"659","title":"Легковые автомобили","url":"transport/cars"}},"type":"standard","views_counter":765,"autorepublisher":{"enabled":false,"schedule":null},"posted":"2025-03-06T17:43:06+02:00","republished":"2025-04-30T20:22:01+03:00","expire":"2025-05-30T20:22:01+03:00","block_reasons":null,"location":{"location_region":"Кишинёв мун.","location_location":"","location_sector":"","location_street":"","location_building":""},"images":{"id":14,"value":["2bc6829eb982a82d463436bfbe4bacdc.jpg","1898c6e65b10a021e469ad1ab5d1ff92.jpg","aa83df179d2e817701ab7312153bf6d1.jpg","9b3bbe090ed221227278e19e6049d5c6.jpg","ee91776f533a3163430b412481722531.jpg","7e6e1de7d8194ced0d90aa3a822e6b15.jpg","5012cc1ea4a2b5de48fdddce7c29462c.jpg","dab84a802051c72c8f4b87f195eb5783.jpg","e24afcdd8f408145469326f9362910ac.jpg","d988a9bfb20fe177fe40ce1eddbe8b21.jpg","be3d9729bed3793ad1bb1c9f51d93719.jpg","90c824b588bd5a9c94d1ad66e219309e.jpg","c0c59ae40df38c47bf1c1947d27e77c0.jpg","79912cf7a38d9ac79bcd1ead846acb03.jpg","692ba9c9e011964450f7c5e750592b47.jpg","b3186506b98ebfbb0edbdf498735b7a6.jpg","5f22266c80a4365b4021d0f03251a6fd.jpg","40007085ef8852300fb27ede9965bbea.jpg"],"unit":null},"videos":null,"contacts":{"id":16,"value":{"without_number":false,"phone_numbers":["37379500425"]},"unit":null},"delivery":null}
[2025-04-30 23:06:15] <html>
<head><title>429 Too Many Requests</title></head>
<body>
<center><h1>429 Too Many Requests</h1></center>
<hr><center>nginx</center>
</body>
</html>

[2025-04-30 23:06:15] <html>
<head><title>429 Too Many Requests</title></head>
<body>
<center><h1>429 Too Many Requests</h1></center>
<hr><center>nginx</center>
</body>
</html>

[2025-04-30 23:06:15] <html>
<head><title>429 Too Many Requests</title></head>
<body>
<center><h1>429 Too Many Requests</h1></center>
<hr><center>nginx</center>
</body>
</html>

[2025-04-30 23:06:15] <html>
<head><title>429 Too Many Requests</title></head>
<body>
<center><h1>429 Too Many Requests</h1></center>
<hr><center>nginx</center>
</body>
</html>

[2025-04-30 23:06:16] {"id":"100275447","title":"Skoda Fabia","offer_type":776,"price":{"id":2,"value":8899,"unit":"eur"},"state":"public","categories":{"category":{"id":"658","title":"Транспорт","url":"transport"},"subcategory":{"id":"659","title":"Легковые автомобили","url":"transport/cars"}},"type":"standard","views_counter":219,"autorepublisher":{"enabled":true,"schedule":{"monday":{"enabled":true,"times":["19:40","20:50"]},"tuesday":{"enabled":true,"times":["19:40","20:50"]},"wednesday":{"enabled":true,"times":["19:40","20:50"]},"thursday":{"enabled":true,"times":["19:40","20:50"]},"friday":{"enabled":true,"times":["19:40","20:50"]},"saturday":{"enabled":true,"times":["19:40","20:50"]},"sunday":{"enabled":true,"times":["19:40","20:50"]}}},"posted":"2025-03-05T12:27:56+02:00","republished":"2025-04-30T20:50:02+03:00","expire":"2025-05-30T20:50:02+03:00","block_reasons":null,"location":{"location_region":"Кишинёв мун.","location_location":"","location_sector":"","location_street":"","location_building":""},"images":{"id":14,"value":["2e630da554f7440d1179a23bef7a6d96.jpg","5f7bacfe0ab81af4ed329caa47170098.jpg","603f39cad61f7f255a22c2822b9e9621.jpg","a008730b0b65e33fe4560cdedd35664d.jpg","d2b029735886664365db15f4e45fcdc0.jpg","ea2e1112866a158ecf4a0b005c4a3c94.jpg","2fe88111c51f5572115c8ec886759b59.jpg","e94d2cc3c6f4fbe122c130631daccfac.jpg","562b3a2297757aeff4e43e6df4ba1235.jpg","629a588656b71e7aecdcb991dcd4fb06.jpg","efd67c0f673afd426c9dd1e477ceffe7.jpg","12c879243b97e42e771d083b80d2c7c6.jpg","c753a4400e790ec83ae44bf4c105cb5c.jpg","44f3a0e79a03b986c3e8aaf97684f8f4.jpg","fa187311fb420cd9c38ab187cb2f701d.jpg","b92a9aa4813c60e639ed9bb0423be3a2.jpg","44e56e98d9c88caec265e8e03835f80f.jpg"],"unit":null},"videos":null,"contacts":{"id":16,"value":{"without_number":false,"phone_numbers":["37379500425"]},"unit":null},"delivery":null}
[2025-04-30 23:06:16] <html>
<head><title>429 Too Many Requests</title></head>
<body>
<center><h1>429 Too Many Requests</h1></center>
<hr><center>nginx</center>
</body>
</html>

[2025-04-30 23:06:16] <html>
<head><title>429 Too Many Requests</title></head>
<body>
<center><h1>429 Too Many Requests</h1></center>
<hr><center>nginx</center>
</body>
</html>

[2025-04-30 23:06:16] <html>
<head><title>429 Too Many Requests</title></head>
<body>
<center><h1>429 Too Many Requests</h1></center>
<hr><center>nginx</center>
</body>
</html>

[2025-04-30 23:06:16] <html>
<head><title>429 Too Many Requests</title></head>
<body>
<center><h1>429 Too Many Requests</h1></center>
<hr><center>nginx</center>
</body>
</html>

[2025-04-30 23:06:16] <html>
<head><title>429 Too Many Requests</title></head>
<body>
<center><h1>429 Too Many Requests</h1></center>
<hr><center>nginx</center>
</body>
</html>

[2025-04-30 23:06:16] {"id":"100145484","title":"Nissan Micra","offer_type":776,"price":{"id":2,"value":2699,"unit":"eur"},"state":"public","categories":{"category":{"id":"658","title":"Транспорт","url":"transport"},"subcategory":{"id":"659","title":"Легковые автомобили","url":"transport/cars"}},"type":"standard","views_counter":1043,"autorepublisher":{"enabled":false,"schedule":null},"posted":"2025-02-22T12:00:29+02:00","republished":"2025-04-30T20:15:02+03:00","expire":"2025-05-30T20:15:02+03:00","block_reasons":null,"location":{"location_region":"Кишинёв мун.","location_location":"","location_sector":"","location_street":"","location_building":""},"images":{"id":14,"value":["ecde546a22ce0c366e8d7ba9682267c3.jpg","aacc132920ea9fdc1a3fc8823d076d08.jpg","0d44d07a8843abb82a1557ddd09e9c5b.jpg","ddc7f701c57753736348c4e5d1a880c8.jpg","b3b00882439489ba304acfe8cab39af3.jpg","0aa1cd5724b86473fb9e16300b2aebe5.jpg","1dd742953d278ad1fdd5527b8908f5a5.jpg","bb6a725da558bb3c8ac69bf0f28e490a.jpg","cd8ab33a027a0897ca60285a60e894bb.jpg","83b40746b63f77fe77300689dd6e9569.jpg","9b4cb20d21f810f6f87d1abe24b72bef.jpg","015a968954ea8c4ef36896d71d68539f.jpg"],"unit":null},"videos":null,"contacts":{"id":16,"value":{"without_number":false,"phone_numbers":["37379500425"]},"unit":null},"delivery":null}
[2025-04-30 23:06:16] <html>
<head><title>429 Too Many Requests</title></head>
<body>
<center><h1>429 Too Many Requests</h1></center>
<hr><center>nginx</center>
</body>
</html>

[2025-04-30 23:06:16] <html>
<head><title>429 Too Many Requests</title></head>
<body>
<center><h1>429 Too Many Requests</h1></center>
<hr><center>nginx</center>
</body>
</html>

[2025-04-30 23:06:16] <html>
<head><title>429 Too Many Requests</title></head>
<body>
<center><h1>429 Too Many Requests</h1></center>
<hr><center>nginx</center>
</body>
</html>

[2025-04-30 23:06:16] <html>
<head><title>429 Too Many Requests</title></head>
<body>
<center><h1>429 Too Many Requests</h1></center>
<hr><center>nginx</center>
</body>
</html>

[2025-04-30 23:06:16] <html>
<head><title>429 Too Many Requests</title></head>
<body>
<center><h1>429 Too Many Requests</h1></center>
<hr><center>nginx</center>
</body>
</html>

[2025-04-30 23:06:16] {"id":"100031103","title":"Volkswagen Transporter","offer_type":776,"price":{"id":2,"value":17499,"unit":"eur"},"state":"public","categories":{"category":{"id":"658","title":"Транспорт","url":"transport"},"subcategory":{"id":"660","title":"Автобусы и микроавтобусы","url":"transport/buses-and-minibuses"}},"type":"standard","views_counter":1100,"autorepublisher":{"enabled":false,"schedule":null},"posted":"2025-02-11T16:30:53+02:00","republished":"2025-04-30T12:18:01+03:00","expire":"2025-05-30T12:18:01+03:00","block_reasons":null,"location":{"location_region":"Кишинёв мун.","location_location":"","location_sector":"","location_street":"","location_building":""},"images":{"id":14,"value":["a610b61fb9b691e913425fb4d516aed4.jpg","1f2be643a8b1e2a2c087ce8bb57d65d1.jpg","6e8a941636443d01b16a982252d18b6e.jpg","6e697c49ecb444e5edeb2a73d0ec9060.jpg","9dc0912f519fd894114596d1339b550f.jpg","914be0e1a2287de5a98a595f5e016b17.jpg","406054b01b387f5b7786e6d3113ca374.jpg","990a0b05f115d75c62a9a5ad52af924f.jpg","e57ee667d7172d5c43aa547cfd6643ab.jpg","47483a604e978ccd6a495a1053d81f01.jpg","62c86728b74d64445a9dae7238a837fa.jpg","0395fd3a5c38c367a564f78c2e2076dd.jpg","f0942504a4a90d423fb27946269eaebf.jpg"],"unit":null},"videos":null,"contacts":{"id":16,"value":{"without_number":false,"phone_numbers":["37379500425"]},"unit":null},"delivery":null}
[2025-04-30 23:06:16] <html>
<head><title>429 Too Many Requests</title></head>
<body>
<center><h1>429 Too Many Requests</h1></center>
<hr><center>nginx</center>
</body>
</html>

[2025-04-30 23:06:16] <html>
<head><title>429 Too Many Requests</title></head>
<body>
<center><h1>429 Too Many Requests</h1></center>
<hr><center>nginx</center>
</body>
</html>

[2025-04-30 23:06:16] <html>
<head><title>429 Too Many Requests</title></head>
<body>
<center><h1>429 Too Many Requests</h1></center>
<hr><center>nginx</center>
</body>
</html>

[2025-04-30 23:06:16] <html>
<head><title>429 Too Many Requests</title></head>
<body>
<center><h1>429 Too Many Requests</h1></center>
<hr><center>nginx</center>
</body>
</html>

[2025-04-30 23:06:16] <html>
<head><title>429 Too Many Requests</title></head>
<body>
<center><h1>429 Too Many Requests</h1></center>
<hr><center>nginx</center>
</body>
</html>

[2025-04-30 23:06:16] {"id":"89879905","title":"Ford Fiesta","offer_type":776,"price":{"id":2,"value":7699,"unit":"eur"},"state":"public","categories":{"category":{"id":"658","title":"Транспорт","url":"transport"},"subcategory":{"id":"659","title":"Легковые автомобили","url":"transport/cars"}},"type":"standard","views_counter":188,"autorepublisher":{"enabled":false,"schedule":null},"posted":"2025-02-08T14:47:50+02:00","republished":"2025-04-12T10:45:30+03:00","expire":"2025-05-12T10:45:30+03:00","block_reasons":null,"location":{"location_region":"Кишинёв мун.","location_location":"","location_sector":"","location_street":"","location_building":""},"images":{"id":14,"value":["ea3c23671b1119cf54b3eaf1d1906063.jpg","ceba2e382a4b92bcd9836b0110b621cc.jpg","056eb32d84bb3c46b5f2ce77f17c0008.jpg","862d416889d87a90873310234d9f0bf0.jpg","47f4a2d78b7022c41abaa5e8615fa6e1.jpg","85816c13f9fd351d03f49d83592d221b.jpg","9adbf589d1a6f2256f75d21545581eca.jpg","3530e4211a90fbf2ebd5238565a01be2.jpg","eb0100a7512256eaad051e1f5a813f32.jpg","244b49e533867477a464415cc9a4a703.jpg","9ffd71dc09f4d2389f81a16ac5e458ab.jpg","bf6eddb7debb8debba84fcb788fcdb3b.jpg","4274b49c7613d0aa0351df694d79d143.jpg"],"unit":null},"videos":{"id":15,"value":[{"thumbnail_url":"https://i1.ytimg.com/vi/_sbHQnaZ9kk/mqdefault.jpg","video_url":"https://www.youtube.com/watch?v=_sbHQnaZ9kk"},{"thumbnail_url":"https://i1.ytimg.com/vi/O9CdDeJ9vXs/mqdefault.jpg","video_url":"https://www.youtube.com/watch?v=O9CdDeJ9vXs"},{"thumbnail_url":"https://i1.ytimg.com/vi/LDzcvhjTf0w/mqdefault.jpg","video_url":"https://www.youtube.com/watch?v=LDzcvhjTf0w"}],"unit":null},"contacts":{"id":16,"value":{"without_number":false,"phone_numbers":["37379500425"]},"unit":null},"delivery":null}
[2025-04-30 23:06:16] <html>
<head><title>429 Too Many Requests</title></head>
<body>
<center><h1>429 Too Many Requests</h1></center>
<hr><center>nginx</center>
</body>
</html>

[2025-04-30 23:06:16] <html>
<head><title>429 Too Many Requests</title></head>
<body>
<center><h1>429 Too Many Requests</h1></center>
<hr><center>nginx</center>
</body>
</html>

[2025-04-30 23:06:16] <html>
<head><title>429 Too Many Requests</title></head>
<body>
<center><h1>429 Too Many Requests</h1></center>
<hr><center>nginx</center>
</body>
</html>

[2025-04-30 23:06:16] <html>
<head><title>429 Too Many Requests</title></head>
<body>
<center><h1>429 Too Many Requests</h1></center>
<hr><center>nginx</center>
</body>
</html>

[2025-04-30 23:06:16] <html>
<head><title>429 Too Many Requests</title></head>
<body>
<center><h1>429 Too Many Requests</h1></center>
<hr><center>nginx</center>
</body>
</html>

[2025-04-30 23:06:16] {"id":"89876033","title":"Mercedes B-Class","offer_type":776,"price":{"id":2,"value":10999,"unit":"eur"},"state":"public","categories":{"category":{"id":"658","title":"Транспорт","url":"transport"},"subcategory":{"id":"659","title":"Легковые автомобили","url":"transport/cars"}},"type":"standard","views_counter":3265,"autorepublisher":{"enabled":true,"schedule":{"monday":{"enabled":true,"times":["14:00","20:00"]},"tuesday":{"enabled":true,"times":["14:00","20:00"]},"wednesday":{"enabled":true,"times":["14:00","20:00"]},"thursday":{"enabled":true,"times":["14:00","20:00"]},"friday":{"enabled":true,"times":["14:00","20:00"]},"saturday":{"enabled":true,"times":["14:00","20:00"]},"sunday":{"enabled":true,"times":["14:00","20:00"]}}},"posted":"2025-02-08T09:53:43+02:00","republished":"2025-04-30T20:00:13+03:00","expire":"2025-05-30T20:00:13+03:00","block_reasons":null,"location":{"location_region":"Кишинёв мун.","location_location":"","location_sector":"","location_street":"","location_building":""},"images":{"id":14,"value":["f7281ae2ed54729f381f5d5b9146d5bf.jpg","7849b71ebfac0c7615f787aa599dcdb6.jpg","0982cc2474a2874a3bf0eed763688730.jpg","ff077d579aac844bf05bb248364d13d4.jpg","741872636e869038cd3143ad2a49524e.jpg","42a4254a6c9156abb380f5e6ed82fdad.jpg","bab6b13f563563329ef3f4c22c36122a.jpg","227c84763f4fe1a6062a643bfec5f833.jpg","e9ece2f82cc0f01013214d4c0c140cd4.jpg","0e1b4876743668764a03f9c6e7f1a641.jpg","e45e61ae38fdc7027c1f6f008a332d82.jpg","43a695c5e36deb658741a8f241a5b1db.jpg","329b647b0ed04f22554c2f1394e53f6f.jpg"],"unit":null},"videos":{"id":15,"value":[{"thumbnail_url":"https://i1.ytimg.com/vi/_sbHQnaZ9kk/mqdefault.jpg","video_url":"https://www.youtube.com/watch?v=_sbHQnaZ9kk"},{"thumbnail_url":"https://i1.ytimg.com/vi/O9CdDeJ9vXs/mqdefault.jpg","video_url":"https://www.youtube.com/watch?v=O9CdDeJ9vXs"},{"thumbnail_url":"https://i1.ytimg.com/vi/LDzcvhjTf0w/mqdefault.jpg","video_url":"https://www.youtube.com/watch?v=LDzcvhjTf0w"}],"unit":null},"contacts":{"id":16,"value":{"without_number":false,"phone_numbers":["37379500425"]},"unit":null},"delivery":null}
[2025-04-30 23:06:16] <html>
<head><title>429 Too Many Requests</title></head>
<body>
<center><h1>429 Too Many Requests</h1></center>
<hr><center>nginx</center>
</body>
</html>

[2025-04-30 23:06:16] <html>
<head><title>429 Too Many Requests</title></head>
<body>
<center><h1>429 Too Many Requests</h1></center>
<hr><center>nginx</center>
</body>
</html>

[2025-04-30 23:06:16] <html>
<head><title>429 Too Many Requests</title></head>
<body>
<center><h1>429 Too Many Requests</h1></center>
<hr><center>nginx</center>
</body>
</html>

[2025-04-30 23:06:16] <html>
<head><title>429 Too Many Requests</title></head>
<body>
<center><h1>429 Too Many Requests</h1></center>
<hr><center>nginx</center>
</body>
</html>

[2025-04-30 23:06:16] <html>
<head><title>429 Too Many Requests</title></head>
<body>
<center><h1>429 Too Many Requests</h1></center>
<hr><center>nginx</center>
</body>
</html>

[2025-04-30 23:06:17] {"id":"100686571","title":"Mitsubishi Outlander","offer_type":776,"price":{"id":2,"value":19406,"unit":"eur"},"state":"public","categories":{"category":{"id":"658","title":"Транспорт","url":"transport"},"subcategory":{"id":"659","title":"Легковые автомобили","url":"transport/cars"}},"type":"standard","views_counter":29,"autorepublisher":{"enabled":false,"schedule":null},"posted":"2025-04-10T13:13:50+03:00","republished":"2025-04-29T08:14:10+03:00","expire":"2025-05-29T08:14:10+03:00","block_reasons":null,"location":{"location_region":"Кишинёв мун.","location_location":"","location_sector":"","location_street":"","location_building":""},"images":{"id":14,"value":["db7e9351abcf08aeaa44701d2b17585d.jpg","fddee90716b2d0bb6da10f34d2c2f8cf.jpg","d2312488a5295e328b3f58fea524b9e0.jpg","b35ef27f638e602b3c29596ffeb34839.jpg","34d2ebe57ec22d535336f394894d6bf3.jpg","d049d8f0838b64d0a72d2d394fe805d0.jpg","12acb80a47e69d181fdd03a94f360d25.jpg","5c5a442a96e87eab7fc508a3862411fa.jpg","13a3f4813ccb9b40cdb7129048187cf6.jpg","1b39f5f50931035a1a8a96c9de226f96.jpg","778d0b8dcc9cec8ec51955b2c76246f3.jpg","6ae9513840536d30397fff98f78a40d7.jpg","e40b4ce93aca3470bbe64e1d9f46bc7e.jpg","b87c66f020140c402f76aa671148b452.jpg","f8107ba6945379affcaf30971db80e0b.jpg","737142283d5b93cf3784f7018c06e4c8.jpg","119ea96cd5b23e253300cc8289152441.jpg"],"unit":null},"videos":null,"contacts":{"id":16,"value":{"without_number":false,"phone_numbers":["37379500645"]},"unit":null},"delivery":null}
[2025-04-30 23:06:17] <html>
<head><title>429 Too Many Requests</title></head>
<body>
<center><h1>429 Too Many Requests</h1></center>
<hr><center>nginx</center>
</body>
</html>

[2025-04-30 23:06:17] <html>
<head><title>429 Too Many Requests</title></head>
<body>
<center><h1>429 Too Many Requests</h1></center>
<hr><center>nginx</center>
</body>
</html>

[2025-04-30 23:06:17] <html>
<head><title>429 Too Many Requests</title></head>
<body>
<center><h1>429 Too Many Requests</h1></center>
<hr><center>nginx</center>
</body>
</html>

[2025-04-30 23:06:17] <html>
<head><title>429 Too Many Requests</title></head>
<body>
<center><h1>429 Too Many Requests</h1></center>
<hr><center>nginx</center>
</body>
</html>

[2025-04-30 23:06:17] <html>
<head><title>429 Too Many Requests</title></head>
<body>
<center><h1>429 Too Many Requests</h1></center>
<hr><center>nginx</center>
</body>
</html>

[2025-04-30 23:06:17] {"id":"89688881","title":"Peugeot 5008","offer_type":776,"price":{"id":2,"value":16899,"unit":"eur"},"state":"hidden","categories":{"category":{"id":"658","title":"Транспорт","url":"transport"},"subcategory":{"id":"659","title":"Легковые автомобили","url":"transport/cars"}},"type":"standard","views_counter":175,"autorepublisher":{"enabled":false,"schedule":null},"posted":"2025-01-22T10:24:08+02:00","republished":"2025-02-07T20:33:10+02:00","expire":"2025-03-09T20:33:10+02:00","block_reasons":null,"location":{"location_region":"Кишинёв мун.","location_location":"","location_sector":"","location_street":"","location_building":""},"images":{"id":14,"value":["e17b362804f7a0b769ba3e2a2ef0eb17.jpg","650fb526a0d90774d80595b7c124887c.jpg","05c7e15ae83a97e18dea9e84694f918d.jpg","7feb758a36f49c3242bb2bb4b681cea3.jpg","8932911cd8d97d8b8c9248c1322c2372.jpg","c14a3e99d6585bb1410e8c89d553c4ee.jpg","f0e76ed9e30e9de0b20fb0910ef4bc19.jpg","e3f64cade7124a129bcc970c073c29d3.jpg","4bf2c0d2ee0a95471569859e0d064120.jpg","0914735289debdea33f79f27998732e9.jpg","80af50a8fce9b3a4d39d357fccdec55a.jpg","2052efafa58eb69d42803f98b9369836.jpg","6eb682e74b64e0f27802d789bbbbe49c.jpg","e87fb5e43f1f1c6893e355d776dfe729.jpg"],"unit":null},"videos":{"id":15,"value":[{"thumbnail_url":"https://i1.ytimg.com/vi/_sbHQnaZ9kk/mqdefault.jpg","video_url":"https://www.youtube.com/watch?v=_sbHQnaZ9kk"},{"thumbnail_url":"https://i1.ytimg.com/vi/O9CdDeJ9vXs/mqdefault.jpg","video_url":"https://www.youtube.com/watch?v=O9CdDeJ9vXs"},{"thumbnail_url":"https://i1.ytimg.com/vi/LDzcvhjTf0w/mqdefault.jpg","video_url":"https://www.youtube.com/watch?v=LDzcvhjTf0w"}],"unit":null},"contacts":{"id":16,"value":{"without_number":false,"phone_numbers":["37379500425"]},"unit":null},"delivery":null}
[2025-04-30 23:06:17] <html>
<head><title>429 Too Many Requests</title></head>
<body>
<center><h1>429 Too Many Requests</h1></center>
<hr><center>nginx</center>
</body>
</html>

[2025-04-30 23:06:17] <html>
<head><title>429 Too Many Requests</title></head>
<body>
<center><h1>429 Too Many Requests</h1></center>
<hr><center>nginx</center>
</body>
</html>

[2025-04-30 23:06:17] <html>
<head><title>429 Too Many Requests</title></head>
<body>
<center><h1>429 Too Many Requests</h1></center>
<hr><center>nginx</center>
</body>
</html>

[2025-04-30 23:06:17] <html>
<head><title>429 Too Many Requests</title></head>
<body>
<center><h1>429 Too Many Requests</h1></center>
<hr><center>nginx</center>
</body>
</html>

[2025-04-30 23:06:17] <html>
<head><title>429 Too Many Requests</title></head>
<body>
<center><h1>429 Too Many Requests</h1></center>
<hr><center>nginx</center>
</body>
</html>

[2025-04-30 23:06:17] {"error":{"errors":[{"field":"invalid ownership","message":"You are not the owner of this ad","value":null}],"reason":"forbiden","code":403,"message":"Invalid user_id"}}
[2025-04-30 23:06:17] <html>
<head><title>429 Too Many Requests</title></head>
<body>
<center><h1>429 Too Many Requests</h1></center>
<hr><center>nginx</center>
</body>
</html>

[2025-04-30 23:06:17] <html>
<head><title>429 Too Many Requests</title></head>
<body>
<center><h1>429 Too Many Requests</h1></center>
<hr><center>nginx</center>
</body>
</html>

[2025-04-30 23:06:17] <html>
<head><title>429 Too Many Requests</title></head>
<body>
<center><h1>429 Too Many Requests</h1></center>
<hr><center>nginx</center>
</body>
</html>

[2025-04-30 23:06:17] <html>
<head><title>429 Too Many Requests</title></head>
<body>
<center><h1>429 Too Many Requests</h1></center>
<hr><center>nginx</center>
</body>
</html>

[2025-04-30 23:06:17] <html>
<head><title>429 Too Many Requests</title></head>
<body>
<center><h1>429 Too Many Requests</h1></center>
<hr><center>nginx</center>
</body>
</html>

[2025-04-30 23:06:17] <html>
<head><title>429 Too Many Requests</title></head>
<body>
<center><h1>429 Too Many Requests</h1></center>
<hr><center>nginx</center>
</body>
</html>

[2025-04-30 23:06:17] {"id":"89600074","title":"Ford Transit","offer_type":776,"price":{"id":2,"value":12899,"unit":"eur"},"state":"public","categories":{"category":{"id":"658","title":"Транспорт","url":"transport"},"subcategory":{"id":"662","title":"Грузовые автомобили","url":"transport/trucks"}},"type":"standard","views_counter":128,"autorepublisher":{"enabled":false,"schedule":null},"posted":"2025-01-13T21:47:53+02:00","republished":"2025-01-13T21:47:54+02:00","expire":"2025-02-12T21:47:54+02:00","block_reasons":null,"location":{"location_region":"Кишинёв мун.","location_location":"","location_sector":"","location_street":"","location_building":""},"images":{"id":14,"value":["ef82ff98a7d1b44edbfc0203158a9bc6.jpg","09676e78e5c4564f37eaee8bf02fd846.jpg","f486f1881e0eaced13b5913d4bbec59d.jpg","b831338165495c4325826ae1a6ca7bc8.jpg","81216206d0064f067735093d898e96fd.jpg","159ba5c235af276f09239a755304b08a.jpg","8f538de4fe6a0cb54371b50eb99cee00.jpg","1670036dd7d36b9b02c76a3c1b8a50f2.jpg","d1aa9e2a4c880d248b19070730009468.jpg","a32f0d891a4195d12b6840c81224a8f6.jpg","93308a0e0e80e3fbfba202ef3f72f1c9.jpg","bdb4a8cc65ec3ef91344efb2e049dd9c.jpg","37bf5861658a153e180dbf90f9712518.jpg","7fa4fc6eb6c40c6c0ebdfe682a864ff5.jpg"],"unit":null},"videos":{"id":15,"value":[{"thumbnail_url":"https://i1.ytimg.com/vi/_sbHQnaZ9kk/mqdefault.jpg","video_url":"https://www.youtube.com/watch?v=_sbHQnaZ9kk"},{"thumbnail_url":"https://i1.ytimg.com/vi/O9CdDeJ9vXs/mqdefault.jpg","video_url":"https://www.youtube.com/watch?v=O9CdDeJ9vXs"},{"thumbnail_url":"https://i1.ytimg.com/vi/LDzcvhjTf0w/mqdefault.jpg","video_url":"https://www.youtube.com/watch?v=LDzcvhjTf0w"}],"unit":null},"contacts":{"id":16,"value":{"without_number":false,"phone_numbers":["37369977674","37368500573"]},"unit":null},"delivery":null}
[2025-04-30 23:06:17] <html>
<head><title>429 Too Many Requests</title></head>
<body>
<center><h1>429 Too Many Requests</h1></center>
<hr><center>nginx</center>
</body>
</html>

[2025-04-30 23:06:17] <html>
<head><title>429 Too Many Requests</title></head>
<body>
<center><h1>429 Too Many Requests</h1></center>
<hr><center>nginx</center>
</body>
</html>

[2025-04-30 23:06:17] <html>
<head><title>429 Too Many Requests</title></head>
<body>
<center><h1>429 Too Many Requests</h1></center>
<hr><center>nginx</center>
</body>
</html>

[2025-04-30 23:06:17] <html>
<head><title>429 Too Many Requests</title></head>
<body>
<center><h1>429 Too Many Requests</h1></center>
<hr><center>nginx</center>
</body>
</html>

[2025-04-30 23:06:17] <html>
<head><title>429 Too Many Requests</title></head>
<body>
<center><h1>429 Too Many Requests</h1></center>
<hr><center>nginx</center>
</body>
</html>

[2025-04-30 23:06:17] {"id":"89610354","title":"Volvo XC40","offer_type":776,"price":{"id":2,"value":19799,"unit":"eur"},"state":"need_pay","categories":{"category":{"id":"658","title":"Транспорт","url":"transport"},"subcategory":{"id":"659","title":"Легковые автомобили","url":"transport/cars"}},"type":"standard","views_counter":305,"autorepublisher":{"enabled":false,"schedule":null},"posted":"2025-01-14T20:44:22+02:00","republished":"2025-02-04T08:49:04+02:00","expire":"2025-03-06T08:49:04+02:00","block_reasons":null,"location":{"location_region":"Кишинёв мун.","location_location":"","location_sector":"","location_street":"","location_building":""},"images":{"id":14,"value":["16cb1a217b6e173519f174fccb28c135.jpg","5c47fd02fa10033c06333f37173d23c2.jpg","8e385732f7706dd1e87dc8f03b1fe4de.jpg","5884c3d6037a86e034a535b87a5d2a8b.jpg","0b00e14d35deebd7dd90b8e2f49293fc.jpg","7a3869e237a326eef7eda0d70f41a4d6.jpg","2ba5425f871bb086948c941c183c27f6.jpg","2ff519d1ca483687afd7e07be99b0e45.jpg","73edb691e4823e932ab9f08f03737e03.jpg","451484101fe743ef897f37d25e2aa29a.jpg","f59a5ae48f6e9e54d7e31b786a8dd2b2.jpg","0542c42d1888f76f20f881f2034745d7.jpg","fd8a8ffa4f09332a7c8306478110848f.jpg","be83cf05e1bd35e629791a69a5344e9a.jpg"],"unit":null},"videos":{"id":15,"value":[{"thumbnail_url":"https://i1.ytimg.com/vi/_sbHQnaZ9kk/mqdefault.jpg","video_url":"https://www.youtube.com/watch?v=_sbHQnaZ9kk"},{"thumbnail_url":"https://i1.ytimg.com/vi/O9CdDeJ9vXs/mqdefault.jpg","video_url":"https://www.youtube.com/watch?v=O9CdDeJ9vXs"},{"thumbnail_url":"https://i1.ytimg.com/vi/LDzcvhjTf0w/mqdefault.jpg","video_url":"https://www.youtube.com/watch?v=LDzcvhjTf0w"}],"unit":null},"contacts":{"id":16,"value":{"without_number":false,"phone_numbers":["37379500425"]},"unit":null},"delivery":null}
[2025-04-30 23:06:17] <html>
<head><title>429 Too Many Requests</title></head>
<body>
<center><h1>429 Too Many Requests</h1></center>
<hr><center>nginx</center>
</body>
</html>

[2025-04-30 23:06:17] <html>
<head><title>429 Too Many Requests</title></head>
<body>
<center><h1>429 Too Many Requests</h1></center>
<hr><center>nginx</center>
</body>
</html>

[2025-04-30 23:06:17] <html>
<head><title>429 Too Many Requests</title></head>
<body>
<center><h1>429 Too Many Requests</h1></center>
<hr><center>nginx</center>
</body>
</html>

[2025-04-30 23:06:17] <html>
<head><title>429 Too Many Requests</title></head>
<body>
<center><h1>429 Too Many Requests</h1></center>
<hr><center>nginx</center>
</body>
</html>

[2025-04-30 23:06:17] <html>
<head><title>429 Too Many Requests</title></head>
<body>
<center><h1>429 Too Many Requests</h1></center>
<hr><center>nginx</center>
</body>
</html>

[2025-04-30 23:06:17] <html>
<head><title>429 Too Many Requests</title></head>
<body>
<center><h1>429 Too Many Requests</h1></center>
<hr><center>nginx</center>
</body>
</html>

[2025-04-30 23:06:18] {"id":"100042249","title":"Peugeot 308","offer_type":776,"price":{"id":2,"value":10198,"unit":"eur"},"state":"public","categories":{"category":{"id":"658","title":"Транспорт","url":"transport"},"subcategory":{"id":"659","title":"Легковые автомобили","url":"transport/cars"}},"type":"standard","views_counter":12236,"autorepublisher":{"enabled":false,"schedule":null},"posted":"2025-02-12T15:23:58+02:00","republished":"2025-04-29T13:29:01+03:00","expire":"2025-05-29T13:29:01+03:00","block_reasons":null,"location":{"location_region":"Кишинёв мун.","location_location":"","location_sector":"","location_street":"","location_building":""},"images":{"id":14,"value":["ae4905befbc8bd292477dc80be69e1ec.jpg","e0623a7ebcbab2ef8ec6ba9e433a555c.jpg","6560da54d3863148e1941a1278d5eb21.jpg","de2239f2c1a66f5503f9a348bcb512c1.jpg","bfa4fb58ff9ee7c283e4cabf1c7284f3.jpg","93a51e2d79b9959974bcc47f3b5e4ef0.jpg","dfc2bef14c2c1f1a35aab8d3575f52c3.jpg","739ef41b9395609266dc3d53866a2da4.jpg","6267189ec53afb3294aefc232661ff0c.jpg","6435c1d0d83a08ff60957401db365ede.jpg","146c8e52ba582d09ded1dc67f571750b.jpg","09d9e068f5110f2e200c3e1902458127.jpg","1ddddc8ead96cd86b01d55f85c7ab090.jpg","2901e80861d7b6cba3d52160b217a829.jpg","76d1d24ae8ef7f3b31f9ffa713f2be74.jpg","63080523d1b6a722cff320f350d1dc97.jpg"],"unit":null},"videos":null,"contacts":{"id":16,"value":{"without_number":false,"phone_numbers":["37379500425"]},"unit":null},"delivery":null}
[2025-04-30 23:06:18] <html>
<head><title>429 Too Many Requests</title></head>
<body>
<center><h1>429 Too Many Requests</h1></center>
<hr><center>nginx</center>
</body>
</html>

[2025-04-30 23:06:18] <html>
<head><title>429 Too Many Requests</title></head>
<body>
<center><h1>429 Too Many Requests</h1></center>
<hr><center>nginx</center>
</body>
</html>

[2025-04-30 23:06:18] <html>
<head><title>429 Too Many Requests</title></head>
<body>
<center><h1>429 Too Many Requests</h1></center>
<hr><center>nginx</center>
</body>
</html>

[2025-04-30 23:06:18] <html>
<head><title>429 Too Many Requests</title></head>
<body>
<center><h1>429 Too Many Requests</h1></center>
<hr><center>nginx</center>
</body>
</html>

[2025-04-30 23:06:18] <html>
<head><title>429 Too Many Requests</title></head>
<body>
<center><h1>429 Too Many Requests</h1></center>
<hr><center>nginx</center>
</body>
</html>

[2025-04-30 23:06:18] <html>
<head><title>429 Too Many Requests</title></head>
<body>
<center><h1>429 Too Many Requests</h1></center>
<hr><center>nginx</center>
</body>
</html>

[2025-04-30 23:06:18] {"id":"100305357","title":"BMW 5 Series","offer_type":776,"price":{"id":2,"value":18000,"unit":"eur"},"state":"public","categories":{"category":{"id":"658","title":"Транспорт","url":"transport"},"subcategory":{"id":"659","title":"Легковые автомобили","url":"transport/cars"}},"type":"standard","views_counter":151,"autorepublisher":{"enabled":false,"schedule":null},"posted":"2025-03-07T14:45:46+02:00","republished":"2025-04-15T18:48:02+03:00","expire":"2025-05-15T18:48:02+03:00","block_reasons":null,"location":{"location_region":"Кишинёв мун.","location_location":"","location_sector":"","location_street":"","location_building":""},"images":{"id":14,"value":["facbd66b9f183cefe8eddf1ead526e95.jpg","c6511d0e7b73b0a242f345c5133296ad.jpg","5ce665a72b9f3a29e36ddf6693fb76bd.jpg","70f42dd1197dbb610851324bcfb3f50a.jpg","30ccc0ffd4282f2da8d66cb43b4dd48e.jpg","9acc99cf473eed02e18770390960158b.jpg","5b73e40c00a9d45d8c0a6d357efb1a97.jpg","4439749e856b28278aa2f891e6d40024.jpg","90fc5d78a0852dbc12f2bf0a488b2d86.jpg","44685638fb7a4410e0f06994fbe08f6a.jpg","f55bda9850e94220baa92c4d8c87ba21.jpg","6fe9dc3aecfe8bff812085f77cbf681a.jpg","4eacd490cd3f62e9985c644e7a9cd65f.jpg","ab7a6d8758e3bf0d2cbdce26afceb65a.jpg","f265ee2f523a4c937b9b7836e978b536.jpg","4cdc7242c10e793c99d7cfd60a752bf9.jpg","c171a6484ef5bbd68c55415101b7eaee.jpg","ea14c56bab9edd5b1e4535d8ce79b121.jpg"],"unit":null},"videos":null,"contacts":{"id":16,"value":{"without_number":false,"phone_numbers":["37379500425"]},"unit":null},"delivery":null}
[2025-04-30 23:06:18] <html>
<head><title>429 Too Many Requests</title></head>
<body>
<center><h1>429 Too Many Requests</h1></center>
<hr><center>nginx</center>
</body>
</html>

[2025-04-30 23:06:18] <html>
<head><title>429 Too Many Requests</title></head>
<body>
<center><h1>429 Too Many Requests</h1></center>
<hr><center>nginx</center>
</body>
</html>

[2025-04-30 23:06:18] <html>
<head><title>429 Too Many Requests</title></head>
<body>
<center><h1>429 Too Many Requests</h1></center>
<hr><center>nginx</center>
</body>
</html>

[2025-04-30 23:06:18] <html>
<head><title>429 Too Many Requests</title></head>
<body>
<center><h1>429 Too Many Requests</h1></center>
<hr><center>nginx</center>
</body>
</html>

[2025-04-30 23:06:18] {"id":"100186475","title":"Nissan Qashqai","offer_type":776,"price":{"id":2,"value":14199,"unit":"eur"},"state":"public","categories":{"category":{"id":"658","title":"Транспорт","url":"transport"},"subcategory":{"id":"659","title":"Легковые автомобили","url":"transport/cars"}},"type":"standard","views_counter":285,"autorepublisher":{"enabled":false,"schedule":null},"posted":"2025-02-25T22:19:42+02:00","republished":"2025-04-16T20:16:01+03:00","expire":"2025-05-16T20:16:01+03:00","block_reasons":null,"location":{"location_region":"Кишинёв мун.","location_location":"","location_sector":"","location_street":"","location_building":""},"images":{"id":14,"value":["55bc79df65f5debdc53a7e7a8e294316.jpg","2849728ad3aa9efe6648eb243bbb40cf.jpg","8502d33e496afb7bdff0d9ebb559245c.jpg","ee060c150c6e6e3dd87283915c26ce5e.jpg","4e323ae4bb9ddd2bbe28e7663e1ea2b4.jpg","f30e165da987eba0fa65d91429274ccb.jpg","499a562853b8edb9402661ecaa736137.jpg","f877911c80dcef1b593d03481ba86fb7.jpg","fa463920051586642f2bcf3549275331.jpg","576bff15e7f7c727befd431bd276d82c.jpg","9fdd45d138637ed95828b209bafcf804.jpg","670b77f9f7fd7c4d9cb4341c4683759e.jpg","544ee0bb6bb2943210e08c44eedaacf3.jpg","d9964c22b4008bfb84aec20c5a98fd48.jpg","fafc9e30bc2aed5f5a10e654c5ecb692.jpg"],"unit":null},"videos":null,"contacts":{"id":16,"value":{"without_number":false,"phone_numbers":["37379500425"]},"unit":null},"delivery":null}
[2025-04-30 23:06:18] <html>
<head><title>429 Too Many Requests</title></head>
<body>
<center><h1>429 Too Many Requests</h1></center>
<hr><center>nginx</center>
</body>
</html>

[2025-04-30 23:06:18] <html>
<head><title>429 Too Many Requests</title></head>
<body>
<center><h1>429 Too Many Requests</h1></center>
<hr><center>nginx</center>
</body>
</html>

[2025-04-30 23:06:18] <html>
<head><title>429 Too Many Requests</title></head>
<body>
<center><h1>429 Too Many Requests</h1></center>
<hr><center>nginx</center>
</body>
</html>

[2025-04-30 23:06:18] <html>
<head><title>429 Too Many Requests</title></head>
<body>
<center><h1>429 Too Many Requests</h1></center>
<hr><center>nginx</center>
</body>
</html>

[2025-04-30 23:06:18] {"id":"100191412","title":"Hyundai Tucson","offer_type":776,"price":{"id":2,"value":19999,"unit":"eur"},"state":"public","categories":{"category":{"id":"658","title":"Транспорт","url":"transport"},"subcategory":{"id":"659","title":"Легковые автомобили","url":"transport/cars"}},"type":"standard","views_counter":248,"autorepublisher":{"enabled":false,"schedule":null},"posted":"2025-02-26T12:27:30+02:00","republished":"2025-04-30T12:58:03+03:00","expire":"2025-05-30T12:58:03+03:00","block_reasons":null,"location":{"location_region":"Кишинёв мун.","location_location":"","location_sector":"","location_street":"","location_building":""},"images":{"id":14,"value":["ff115473c7903affc1375a1349474a29.jpg","642791dfef950eaf34ab4e6a65c49bd0.jpg","659c014bfcd946aefa0ba087833ea5b3.jpg","83039c861241482b7de8cf4a9231aa3a.jpg","907342bffc68494be4c2b77fe7dbb868.jpg","cdde5f8d51589d957c06d9ef4059cd13.jpg","f1ba95a5ec7be0f4dbc7ef0ff2dc5813.jpg","47731631541c58d68c1163bea9e41a08.jpg","839509a6d535339cae4b276915b6e23f.jpg","ae8f212e16c2cb36afd12922c35c639f.jpg","54ebdf503cfc395b5484bc8933457560.jpg","8cc5bcda3cff377d7a65b326ee79a32d.jpg","fd89c0ad780b4e717622d49a961025ee.jpg","ea47581bc6cecc5ebc67def838b2aa4f.jpg","60d89ff49d3f91d65cdb1f466ce2828e.jpg","1f0fbe2af5ab050f2f2a5934ecbe6ad0.jpg","2f1d520d291b1bd7641e3fc144be1494.jpg","dea0cbd261f067d44931617e1ae4623c.jpg","23c0c9d8d42c119aeab45f91f8c9619a.jpg","fbc01b60501781cea105e85b5f70d80f.jpg"],"unit":null},"videos":null,"contacts":{"id":16,"value":{"without_number":false,"phone_numbers":["37379500425"]},"unit":null},"delivery":null}
[2025-04-30 23:06:18] <html>
<head><title>429 Too Many Requests</title></head>
<body>
<center><h1>429 Too Many Requests</h1></center>
<hr><center>nginx</center>
</body>
</html>

[2025-04-30 23:06:18] <html>
<head><title>429 Too Many Requests</title></head>
<body>
<center><h1>429 Too Many Requests</h1></center>
<hr><center>nginx</center>
</body>
</html>

[2025-04-30 23:06:18] <html>
<head><title>429 Too Many Requests</title></head>
<body>
<center><h1>429 Too Many Requests</h1></center>
<hr><center>nginx</center>
</body>
</html>

[2025-04-30 23:06:18] <html>
<head><title>429 Too Many Requests</title></head>
<body>
<center><h1>429 Too Many Requests</h1></center>
<hr><center>nginx</center>
</body>
</html>

[2025-04-30 23:06:18] <html>
<head><title>429 Too Many Requests</title></head>
<body>
<center><h1>429 Too Many Requests</h1></center>
<hr><center>nginx</center>
</body>
</html>

[2025-04-30 23:06:18] {"id":"100191186","title":"Renault Kangoo","offer_type":776,"price":{"id":2,"value":10100,"unit":"eur"},"state":"public","categories":{"category":{"id":"658","title":"Транспорт","url":"transport"},"subcategory":{"id":"659","title":"Легковые автомобили","url":"transport/cars"}},"type":"standard","views_counter":103,"autorepublisher":{"enabled":false,"schedule":null},"posted":"2025-02-26T12:14:37+02:00","republished":"2025-04-30T12:38:09+03:00","expire":"2025-05-30T12:38:09+03:00","block_reasons":null,"location":{"location_region":"Кишинёв мун.","location_location":"","location_sector":"","location_street":"","location_building":""},"images":{"id":14,"value":["0c4fd6bcb6dcffe83bc4314353686ed2.jpg","9c0b82782a531762f9ae961f31d043af.jpg","95e1a8825331fd58c56d657583b57d92.jpg","1431e00edebd2f24ce18879cb300343f.jpg","f9083f650cef33a40ecb453aedb5e03b.jpg","e1f44e3eb9d1359e225b891251f0483d.jpg","e0c3a7c79282b1e94fb6fd970c75e193.jpg","01531acde02fea751397d93cb8a6a580.jpg","a9bdb5e63327aea7e90ed504f6477b9c.jpg","6507cc16cecdea594777b246983c62c5.jpg","9cfa52d66d71611a4ce33a170c38ab11.jpg","8dd4caebbba139a84c7f973fe0e6bfe5.jpg","5a60becb8ed811770fa5b3cc9f2b3ac0.jpg","f265266b86a1c71c2d712cbfee161339.jpg","5015129ce514aba196bb45de03b06178.jpg","c9a15ab30fd247bcf33925389afb962c.jpg"],"unit":null},"videos":null,"contacts":{"id":16,"value":{"without_number":false,"phone_numbers":["37379500425"]},"unit":null},"delivery":null}
[2025-04-30 23:06:18] <html>
<head><title>429 Too Many Requests</title></head>
<body>
<center><h1>429 Too Many Requests</h1></center>
<hr><center>nginx</center>
</body>
</html>

[2025-04-30 23:06:18] <html>
<head><title>429 Too Many Requests</title></head>
<body>
<center><h1>429 Too Many Requests</h1></center>
<hr><center>nginx</center>
</body>
</html>

[2025-04-30 23:06:18] <html>
<head><title>429 Too Many Requests</title></head>
<body>
<center><h1>429 Too Many Requests</h1></center>
<hr><center>nginx</center>
</body>
</html>

[2025-04-30 23:06:18] <html>
<head><title>429 Too Many Requests</title></head>
<body>
<center><h1>429 Too Many Requests</h1></center>
<hr><center>nginx</center>
</body>
</html>

[2025-04-30 23:06:18] <html>
<head><title>429 Too Many Requests</title></head>
<body>
<center><h1>429 Too Many Requests</h1></center>
<hr><center>nginx</center>
</body>
</html>

[2025-04-30 23:06:19] {"id":"100283475","title":"Ford Focus","offer_type":776,"price":{"id":2,"value":9899,"unit":"eur"},"state":"public","categories":{"category":{"id":"658","title":"Транспорт","url":"transport"},"subcategory":{"id":"659","title":"Легковые автомобили","url":"transport/cars"}},"type":"standard","views_counter":82,"autorepublisher":{"enabled":false,"schedule":null},"posted":"2025-03-05T22:01:46+02:00","republished":"2025-04-29T13:21:04+03:00","expire":"2025-05-29T13:21:04+03:00","block_reasons":null,"location":{"location_region":"Кишинёв мун.","location_location":"","location_sector":"","location_street":"","location_building":""},"images":{"id":14,"value":["6af031ed0ae77d826ea7a05e1921c4fb.jpg","83d12372fa381cd84d76539432492d74.jpg","48675f167779a9a06c927d8e0deedd11.jpg","06397560107f6e672018441c81d78387.jpg","fadf94ed44bc85c9a0f54663fe4b7c08.jpg","06f4bd899f0bc5e7ee5bffb5afdc8dfc.jpg","d2ba427023ba1b5cc0ff69e42f75ceb9.jpg","c1c12ea35dcf7494cd0cf538680d5f98.jpg","11b08e582a1bd0b1513a20e1d6895052.jpg","9fb6abe3e05e100bd443bc46d67fece2.jpg","459ca10cc9ba197558da318618a20eed.jpg","d428e99ddbc10637a9409a5ac302b8b4.jpg","ae9ab9ac52ddd796fe6547c0063c8fd3.jpg","63243af56bf8eb1a15d7f3ab1085057d.jpg"],"unit":null},"videos":null,"contacts":{"id":16,"value":{"without_number":false,"phone_numbers":["37379500425"]},"unit":null},"delivery":null}
[2025-04-30 23:06:19] <html>
<head><title>429 Too Many Requests</title></head>
<body>
<center><h1>429 Too Many Requests</h1></center>
<hr><center>nginx</center>
</body>
</html>

[2025-04-30 23:06:19] <html>
<head><title>429 Too Many Requests</title></head>
<body>
<center><h1>429 Too Many Requests</h1></center>
<hr><center>nginx</center>
</body>
</html>

[2025-04-30 23:06:19] <html>
<head><title>429 Too Many Requests</title></head>
<body>
<center><h1>429 Too Many Requests</h1></center>
<hr><center>nginx</center>
</body>
</html>

[2025-04-30 23:06:19] <html>
<head><title>429 Too Many Requests</title></head>
<body>
<center><h1>429 Too Many Requests</h1></center>
<hr><center>nginx</center>
</body>
</html>

[2025-04-30 23:06:19] {"id":"100106355","title":"Porsche Cayenne","offer_type":776,"price":{"id":2,"value":25500,"unit":"eur"},"state":"public","categories":{"category":{"id":"658","title":"Транспорт","url":"transport"},"subcategory":{"id":"659","title":"Легковые автомобили","url":"transport/cars"}},"type":"standard","views_counter":695,"autorepublisher":{"enabled":false,"schedule":null},"posted":"2025-02-18T17:25:50+02:00","republished":"2025-04-30T12:58:05+03:00","expire":"2025-05-30T12:58:05+03:00","block_reasons":null,"location":{"location_region":"Кишинёв мун.","location_location":"","location_sector":"","location_street":"","location_building":""},"images":{"id":14,"value":["0f58fae017499a2f3f4482140a91d1b1.jpg","cb59c2eb3eeee6d9a98ede68e17d0206.jpg","2c00d9265e3519bf394a174c57b1214f.jpg","867e49fad20b9f50adfe9fc7b9e9f017.jpg","eec3b9cc77824072b3810542f577277f.jpg","b7451940096ec63c4c1a3a8128196f54.jpg","24bfe5dc66c594593a8070d6cabf1322.jpg","e1cf8e1eb83cfd7cdf0c8f945b84519f.jpg","d2642c08fa99df617e4083d8c1840113.jpg","ec70f97ab693ccffbb6692ee87bdca21.jpg","20fd9afbf2092d4d73b27507443a9135.jpg","e7d8cac3a6a43a3c5fa03ceef37a03c1.jpg","42de6ac9905dd75307a8ebd8d5f99eb8.jpg","01b4325e17504e404e28a557e6c5fe6e.jpg","432074ec333ed60b58b7d21b8ffa2bd7.jpg"],"unit":null},"videos":null,"contacts":{"id":16,"value":{"without_number":false,"phone_numbers":["37379500425"]},"unit":null},"delivery":null}
[2025-04-30 23:06:19] <html>
<head><title>429 Too Many Requests</title></head>
<body>
<center><h1>429 Too Many Requests</h1></center>
<hr><center>nginx</center>
</body>
</html>

[2025-04-30 23:06:19] <html>
<head><title>429 Too Many Requests</title></head>
<body>
<center><h1>429 Too Many Requests</h1></center>
<hr><center>nginx</center>
</body>
</html>

[2025-05-01 06:33:09] {"categories":[{"id":"658","title":"Транспорт","url":"transport"},{"id":"270","title":"Недвижимость","url":"real-estate"},{"id":"38","title":"Телефоны и гаджеты","url":"phone-and-communication"},{"id":"2","title":"Компьютеры и оргтехника","url":"computers-and-office-equipment"},{"id":"1237","title":"Строительство и ремонт","url":"construction-and-repair"},{"id":"1213","title":"Одежда, обувь и аксессуары","url":"clothes-and-shoes"},{"id":"1195","title":"Мебель и интерьер","url":"furniture-and-interior"},{"id":"44","title":"Аудио-Видео-Фото","url":"audio-video-photo"},{"id":"753","title":"Все остальное","url":"all-else"},{"id":"6146","title":"Работа","url":"work"},{"id":"6026","title":"Сельское хозяйство","url":"agriculture"},{"id":"6341","title":"Услуги","url":"services"},{"id":"226","title":"Питомцы и растения","url":"animals-and-plants"},{"id":"1155","title":"Спорт и здоровье","url":"sports-health-and-beauty"},{"id":"7522","title":"Красота и уход","url":"beauty-and-personal-care"},{"id":"693","title":"Туризм, отдых и развлечения","url":"tourism-leisure-and-entertainment"},{"id":"1182","title":"Бизнес","url":"business"},{"id":"269","title":"Музыкальные инструменты","url":"musical-instruments"},{"id":"45","title":"Бытовая техника","url":"household-appliances"},{"id":"1223","title":"Все для торжеств","url":"all-for-celebrations"},{"id":"1412","title":"Детский мир","url":"children-world"},{"id":"1170","title":"Все для дома и офиса","url":"all-for-home-and-office"},{"id":"1187","title":"Знакомства","url":"dating-and-greetings"}]}
[2025-05-01 06:33:09] {"subcategories":[{"id":"659","title":"Легковые автомобили","url":"transport/cars"},{"id":"660","title":"Автобусы и микроавтобусы","url":"transport/buses-and-minibuses"},{"id":"662","title":"Грузовые автомобили","url":"transport/trucks"},{"id":"663","title":"Мотоциклы и мототехника","url":"transport/motorcycles"},{"id":"664","title":"Велотранспорт","url":"transport/bicycles"},{"id":"6636","title":"Гироскутеры, электросамокаты","url":"transport/electric-scooters"},{"id":"669","title":"Спецтехника","url":"transport/special-equipment"},{"id":"667","title":"Прицепы","url":"transport/trailers"},{"id":"671","title":"Ретроавтомобили и автоэкспонаты","url":"transport/retro-cars"},{"id":"666","title":"Водный транспорт","url":"transport/snowmobiles-and-jet-ski"},{"id":"1411","title":"Воздушный транспорт","url":"transport/airplanes"},{"id":"678","title":"Диски и шины","url":"transport/wheels-and-tires"},{"id":"674","title":"Запчасти и разборка легковых автомобилей","url":"transport/spare-parts-for-cars"},{"id":"6054","title":"Мотоэкипировка","url":"transport/moto-equipment"},{"id":"675","title":"Запчасти для грузовых автомобилей","url":"transport/spare-parts-for-trucks"},{"id":"677","title":"Автозеркала, автостекла и автооптика","url":"transport/auto-glass-and-optics"},{"id":"1348","title":"Запчасти для мототехники","url":"transport/spare-parts-for-motorcycles"},{"id":"6024","title":"Велозапчасти и велоаксессуары","url":"transport/spare-parts-for-bicycles"},{"id":"6718","title":"Аккумуляторы","url":"transport/batteries"},{"id":"688","title":"Автомагнитолы и DVD","url":"transport/carcaraudio"},{"id":"685","title":"Автоакустика","url":"transport/acoustic"},{"id":"6592","title":"Видеорегистраторы","url":"transport/video-recorders"},{"id":"687","title":"GPS, навигация","url":"transport/dvd-tv-gps-tuner"},{"id":"689","title":"Комплектующие автозвука","url":"transport/supplies-of-car-audio"},{"id":"6593","title":"Радары, сигнализация","url":"transport/radars-alarms"},{"id":"6710","title":"Аксессуары для салона","url":"transport/interior-accessories"},{"id":"6711","title":"Коврики для авто","url":"transport/car-carpets"},{"id":"6705","title":"Краски автомобильные","url":"transport/car-paint"},{"id":"6713","title":"Тех помощь","url":"transport/technical-support"},{"id":"6712","title":"Аксессуары для кузова","url":"transport/car-body-accessories"},{"id":"6714","title":"Автобагажники","url":"transport/car-trunks"},{"id":"6715","title":"Подкрылки","url":"transport/wheel-arch-liners"},{"id":"6716","title":"Парковочные радары","url":"transport/parktronic"},{"id":"6717","title":"Автомобильные ключи","url":"transport/car-keys"},{"id":"6720","title":"Ключи","url":"transport/keys"},{"id":"6722","title":"Домкраты","url":"transport/car-jacks"},{"id":"6723","title":"Подъёмники","url":"transport/car-lifts"},{"id":"6721","title":"Съемники","url":"transport/pullers"},{"id":"6724","title":"Компрессоры автомобильные","url":"transport/automobile-compressors"},{"id":"6725","title":"Стенд развал-схождения","url":"transport/wheel-alignment-stand"},{"id":"6726","title":"Зарядные устройства для авто","url":"transport/chargers-for-cars"},{"id":"6727","title":"Мойки высокого давления","url":"transport/pressure-washers"},{"id":"6728","title":"Диагностическое оборудование","url":"transport/diagnostic-equipment"},{"id":"6729","title":"Шиномонтажное оборудование","url":"transport/tire-equipment"},{"id":"6730","title":"Гидравлическое и механическое оборудование","url":"transport/hydraulic-and-mechanical-equipment"},{"id":"6731","title":"Мебель для СТО","url":"transport/service-station-furniture"},{"id":"6732","title":"Инструмент для смазочных работ","url":"transport/lubrication-tool"},{"id":"6733","title":"Оборудование для кузовных работ","url":"transport/bodywork-equipment"},{"id":"6734","title":"Дополнительное оборудование для авто","url":"transport/additional-car-equipment"},{"id":"6689","title":"Гидравлические масла","url":"transport/hydraulic-oils"},{"id":"6688","title":"Трансмиссионные масла","url":"transport/gear-oils"},{"id":"6691","title":"Антифризы","url":"transport/antifreeze"},{"id":"6690","title":"Тормозные жидкости","url":"transport/brake-fluid"},{"id":"6693","title":"Смазки","url":"transport/automotive-lubricants"},{"id":"6687","title":"Моторные масла","url":"transport/motor-oil"},{"id":"6692","title":"Омывающие жидкости","url":"transport/washer-fluid"},{"id":"6696","title":"Присадки в масло","url":"transport/oil-additives"},{"id":"6695","title":"Присадки в топливо","url":"transport/fuel-additives"},{"id":"6697","title":"Присадки к трансмиссионным маслам","url":"transport/gear-oil-additives"},{"id":"6698","title":"Промывки и очистители","url":"transport/washes-and-cleaners"},{"id":"6699","title":"Корректоры и осушители топлива","url":"transport/fuel-additives-and-dispersants"},{"id":"1403","title":"Автосервис","url":"transport/car-2"},{"id":"1401","title":"Грузоперевозки","url":"transport/cargo"},{"id":"6647","title":"Авто на заказ","url":"transport/order-car"},{"id":"1358","title":"Пассажироперевозки","url":"transport/passenger"},{"id":"6663","title":"Мотосервис и велосервис","url":"transport/motoservice"},{"id":"1402","title":"Аренда транспорта","url":"transport/rent-a-car"},{"id":"6790","title":"Аксессуары для мойки автомобиля","url":"transport/car-wash-accessories"},{"id":"6702","title":"Автошампуни","url":"transport/car-shampoo"},{"id":"6704","title":"Очистители кузова","url":"transport/car-cleaner"},{"id":"6701","title":"Всё для полировки","url":"transport/polishes"},{"id":"6703","title":"Защитные составы для кузова","url":"transport/anti-corrosion-coatings"},{"id":"6706","title":"Автокосметика для салона","url":"transport/interior-cleaning"},{"id":"6707","title":"Автокосметика для колес","url":"transport/rim-protection"},{"id":"6708","title":"Автокосметика для стекол и оптики","url":"transport/autocosmetics-for-glasses-and-optics"},{"id":"1339","title":"Разное","url":"transport/miscellaneous"}]}
[2025-05-01 06:33:09] {"offer_types":[{"id":"776","title":"Продам"},{"id":"777","title":"Куплю"},{"id":"23844","title":"Авто на заказ"},{"id":"778","title":"Меняю"}]}
[2025-05-01 06:33:09] {"features_groups":[{"title":"Общее","features":[{"id":"20","title":"Марка","depends_on":null,"required":true,"options":[{"id":"139","title":"Ford"},{"id":"149","title":"Honda"},{"id":"111","title":"Hyundai"},{"id":"130","title":"KIA"},{"id":"22","title":"Mercedes"},{"id":"28","title":"Nissan"},{"id":"143","title":"Skoda"},{"id":"47","title":"Toyota"},{"id":"193","title":"Volvo"},{"id":"20","title":"Volkswagen"},{"id":"22223","title":"ARO"},{"id":"23516","title":"Abarth"},{"id":"392","title":"Acura"},{"id":"38968","title":"Aito"},{"id":"24787","title":"Aiways"},{"id":"295","title":"Alfa Romeo"},{"id":"24790","title":"ArcFox"},{"id":"22887","title":"Aston Martin"},{"id":"57","title":"Audi"},{"id":"36217","title":"Avatr"},{"id":"23696","title":"BAIC"},{"id":"43030","title":"BAW"},{"id":"34","title":"BMW"},{"id":"288","title":"Bentley"},{"id":"748","title":"Brilliance"},{"id":"20947","title":"Buick"},{"id":"487","title":"Byd"},{"id":"439","title":"Cadillac"},{"id":"23654","title":"Changan"},{"id":"119","title":"Chery"},{"id":"167","title":"Chevrolet"},{"id":"101","title":"Chrysler"},{"id":"32","title":"Citroen"},{"id":"24455","title":"Cupra"},{"id":"24352","title":"DS Automobiles"},{"id":"375","title":"Dacia"},{"id":"99","title":"Daewoo"},{"id":"132","title":"Daihatsu"},{"id":"20359","title":"Datsun"},{"id":"31863","title":"Denza"},{"id":"89","title":"Dodge"},{"id":"24796","title":"Dongfeng"},{"id":"38687","title":"Exeed"},{"id":"504","title":"FAW"},{"id":"22889","title":"Ferrari"},{"id":"41","title":"Fiat"},{"id":"24719","title":"GAC"},{"id":"616","title":"GMC"},{"id":"587","title":"Geely"},{"id":"24520","title":"Genesis"},{"id":"202","title":"Great Wall"},{"id":"22890","title":"Hafei"},{"id":"521","title":"Haima"},{"id":"23260","title":"Haval"},{"id":"36703","title":"HiPhi"},{"id":"39680","title":"Hongqi"},{"id":"24782","title":"Hozon"},{"id":"37326","title":"Hozon"},{"id":"247","title":"Hummer"},{"id":"32708","title":"IM Motors"},{"id":"419","title":"Infiniti"},{"id":"22891","title":"Iran Khodro"},{"id":"14","title":"Isuzu"},{"id":"1049","title":"Iveco"},{"id":"1667","title":"JMC"},{"id":"662","title":"Jac"},{"id":"369","title":"Jaguar"},{"id":"186","title":"Jeep"},{"id":"28752","title":"Jetour"},{"id":"37820","title":"Jetta"},{"id":"39760","title":"LEVC"},{"id":"24420","title":"Lada"},{"id":"85","title":"Lada / ВАЗ"},{"id":"12462","title":"Lamborghini"},{"id":"210","title":"Lancia"},{"id":"291","title":"Land Rover"},{"id":"24738","title":"Leapmotor"},{"id":"136","title":"Lexus"},{"id":"34753","title":"LiXiang"},{"id":"414","title":"Lifan"},{"id":"305","title":"Lincoln"},{"id":"25004","title":"Linktour"},{"id":"1743","title":"Lotus"},{"id":"40826","title":"Lucid"},{"id":"39770","title":"Luxeed"},{"id":"28447","title":"Lynk \u0026 Co"},{"id":"33046","title":"MG"},{"id":"1704","title":"Maserati"},{"id":"45","title":"Mazda"},{"id":"23296","title":"McLaren"},{"id":"22892","title":"Mercedes-Maybach"},{"id":"22893","title":"Mercury"},{"id":"577","title":"Mini"},{"id":"36","title":"Mitsubishi"},{"id":"34747","title":"NIO"},{"id":"1","title":"Opel"},{"id":"24773","title":"Oshan"},{"id":"76","title":"Peugeot"},{"id":"1125","title":"Piaggio"},{"id":"39267","title":"Polestar"},{"id":"284","title":"Pontiac"},{"id":"282","title":"Porsche"},{"id":"23870","title":"Ravon"},{"id":"8","title":"Renault"},{"id":"27737","title":"Renault Samsung"},{"id":"42104","title":"Riddara"},{"id":"39472","title":"Rivian"},{"id":"24729","title":"Roewe"},{"id":"266","title":"Rolls-Royce"},{"id":"62","title":"Rover"},{"id":"344","title":"Saab"},{"id":"22895","title":"Saturn"},{"id":"22352","title":"Scion"},{"id":"200","title":"Seat"},{"id":"24732","title":"Skywell"},{"id":"263","title":"Smart"},{"id":"397","title":"Ssangyong"},{"id":"121","title":"Subaru"},{"id":"43","title":"Suzuki"},{"id":"34794","title":"Tank"},{"id":"883","title":"Tata"},{"id":"1662","title":"Tatra"},{"id":"17483","title":"Tesla"},{"id":"35821","title":"Venucia"},{"id":"36707","title":"Voyah"},{"id":"23709","title":"Weltmeister"},{"id":"31867","title":"Wuling"},{"id":"37323","title":"Xiaomi"},{"id":"23680","title":"Xpeng"},{"id":"24793","title":"Zeekr"},{"id":"23261","title":"Zotye"},{"id":"219","title":"ГАЗ"},{"id":"154","title":"Другая марка"},{"id":"249","title":"ЗАЗ"},{"id":"21019","title":"ЛуАЗ"},{"id":"59","title":"Москвич / Иж"},{"id":"410","title":"УАЗ"}],"units":null,"type":"drop_down_options"},{"id":"21","title":"Модель","depends_on":"20","required":true,"options":null,"units":null,"type":"drop_down_options"},{"id":"2095","title":"Поколение","depends_on":"21","required":true,"options":null,"units":null,"type":"drop_down_options"},{"id":"775","title":"Регистрация","depends_on":null,"required":true,"options":[{"id":"18592","title":"Республика Молдова"},{"id":"18593","title":"Приднестровье"},{"id":"20473","title":"Растаможен"},{"id":"20474","title":"Не растаможен"},{"id":"18594","title":"Другое"}],"units":null,"type":"drop_down_options"},{"id":"593","title":"Состояние","depends_on":null,"required":true,"options":[{"id":"18672","title":"Новый"},{"id":"18668","title":"С пробегом"},{"id":"23242","title":"Требует ремонта"}],"units":null,"type":"drop_down_options"},{"id":"1761","title":"Наличие","depends_on":null,"required":true,"options":[{"id":"29670","title":"На месте"},{"id":"29671","title":"В пути"},{"id":"29672","title":"Под заказ"}],"units":null,"type":"drop_down_options"},{"id":"1763","title":"Происхождение автомобиля","depends_on":null,"required":true,"options":[{"id":"29677","title":"Еврозона"},{"id":"29678","title":"США"},{"id":"33042","title":"Китай"},{"id":"33043","title":"Корея"},{"id":"42430","title":"Япония"},{"id":"33044","title":"Другое"}],"units":null,"type":"drop_down_options"},{"id":"13","title":"body","depends_on":null,"required":false,"options":null,"units":null,"type":"textarea_text"},{"id":"1404","title":"Теги","depends_on":null,"required":false,"options":null,"units":null,"type":"textbox_text"}]},{"title":"Цена и регион","features":[{"id":"7","title":"Регион","depends_on":null,"required":true,"options":[{"id":"12912","title":"Бельцы мун."},{"id":"12882","title":"Бендеры мун."},{"id":"12901","title":"Бессарабка"},{"id":"12898","title":"Бричаны"},{"id":"12878","title":"Вулканешты"},{"id":"12904","title":"Глодяны"},{"id":"12873","title":"Григориополь"},{"id":"17475","title":"Днестровск"},{"id":"12896","title":"Дондюшаны"},{"id":"12893","title":"Дрокия"},{"id":"12879","title":"Дубоссары"},{"id":"12895","title":"Единцы"},{"id":"12908","title":"Кагул"},{"id":"12907","title":"Калараш"},{"id":"12874","title":"Каменка"},{"id":"12890","title":"Кантемир"},{"id":"12903","title":"Каушаны"},{"id":"12900","title":"Кишинёв мун."},{"id":"12875","title":"Комрат"},{"id":"12888","title":"Криуляны"},{"id":"12881","title":"Леова"},{"id":"12877","title":"Ниспорены"},{"id":"12905","title":"Новые Анены"},{"id":"12902","title":"Окница"},{"id":"12909","title":"Оргеев"},{"id":"12891","title":"Резина"},{"id":"12883","title":"Рыбница"},{"id":"12897","title":"Рышканы"},{"id":"12884","title":"Слободзея"},{"id":"12899","title":"Сороки"},{"id":"12910","title":"Страшены"},{"id":"12906","title":"Сынжерей"},{"id":"12894","title":"Тараклия"},{"id":"12892","title":"Теленешты"},{"id":"12885","title":"Тирасполь мун."},{"id":"12870","title":"Унгены"},{"id":"12887","title":"Фалешты"},{"id":"12911","title":"Флорешты"},{"id":"12876","title":"Хынчешты"},{"id":"12871","title":"Чадыр-Лунга"},{"id":"12889","title":"Чимишлия"},{"id":"12880","title":"Шолданешты"},{"id":"12872","title":"Штефан-Водэ"},{"id":"12886","title":"Яловены"}],"units":null,"type":"drop_down_options"},{"id":"2","title":"Цена","depends_on":null,"required":true,"options":null,"units":["eur","usd","mdl"],"type":"textbox_numeric_measurement"}]},{"title":"Свойства","features":[{"id":"795","title":"Автор объявления","depends_on":null,"required":true,"options":[{"id":"23241","title":"Автодилер"}],"units":null,"type":"drop_down_options"},{"id":"19","title":"Год выпуска","depends_on":null,"required":true,"options":null,"units":null,"type":"textbox_numeric"},{"id":"1196","title":"Руль","depends_on":null,"required":true,"options":[{"id":"21979","title":"Левый"},{"id":"21978","title":"Правый"}],"units":null,"type":"drop_down_options"},{"id":"846","title":"Количество мест","depends_on":null,"required":true,"options":[{"id":"19117","title":"2"},{"id":"19123","title":"3"},{"id":"19007","title":"3-4"},{"id":"19118","title":"4"},{"id":"19119","title":"5"},{"id":"19121","title":"6"},{"id":"19120","title":"7"},{"id":"19122","title":"8"},{"id":"24583","title":"9"}],"units":null,"type":"drop_down_options"},{"id":"102","title":"Тип кузова","depends_on":null,"required":true,"options":[{"id":"18","title":"Внедорожник"},{"id":"156","title":"Кабриолет"},{"id":"68","title":"Комби"},{"id":"74","title":"Кроссовер"},{"id":"96","title":"Купе"},{"id":"53","title":"Микровэн"},{"id":"49","title":"Минивэн"},{"id":"61","title":"Пикап"},{"id":"265","title":"Родстер"},{"id":"6","title":"Седан"},{"id":"27","title":"Универсал"},{"id":"97","title":"Фургон"},{"id":"11","title":"Хетчбэк"}],"units":null,"type":"drop_down_options"},{"id":"851","title":"Количество дверей","depends_on":null,"required":false,"options":[{"id":"19083","title":"2"},{"id":"19084","title":"3"},{"id":"19085","title":"4"},{"id":"19086","title":"5"}],"units":null,"type":"drop_down_options"},{"id":"104","title":"Пробег","depends_on":null,"required":true,"options":null,"units":["km","mi"],"type":"textbox_numeric_measurement"},{"id":"103","title":"Объём двигателя","depends_on":null,"required":true,"options":null,"units":["cm3"],"type":"textbox_numeric_measurement"},{"id":"107","title":"Мощность (л.с.)","depends_on":null,"required":false,"options":null,"units":["hp"],"type":"textbox_numeric_measurement"},{"id":"151","title":"Тип топлива","depends_on":null,"required":true,"options":[{"id":"10","title":"Бензин"},{"id":"24","title":"Дизель"},{"id":"3","title":"Газ / Бензин (пропан)"},{"id":"159","title":"Газ / Бензин (метан)"},{"id":"161","title":"Гибрид"},{"id":"22987","title":"Плагин-гибрид"},{"id":"12617","title":"Электричество"},{"id":"21311","title":"Газ"}],"units":null,"type":"drop_down_options"},{"id":"101","title":"КПП","depends_on":null,"required":true,"options":[{"id":"1051","title":"Вариатор"},{"id":"1054","title":"Роботизированная"},{"id":"16","title":"Автоматическая"},{"id":"4","title":"Механическая"}],"units":null,"type":"drop_down_options"},{"id":"108","title":"Привод","depends_on":null,"required":true,"options":[{"id":"25","title":"Задний"},{"id":"5","title":"Передний"},{"id":"17","title":"4х4"}],"units":null,"type":"drop_down_options"},{"id":"17","title":"Цвет","depends_on":null,"required":false,"options":[{"id":"87","title":"Бежевый"},{"id":"19","title":"Белый"},{"id":"65","title":"Бордовый"},{"id":"31","title":"Голубой"},{"id":"179","title":"Желтый"},{"id":"13","title":"Зелёный"},{"id":"72","title":"Золотой"},{"id":"208","title":"Коричневый"},{"id":"38","title":"Красный"},{"id":"309","title":"Малины"},{"id":"334","title":"Оранжевый"},{"id":"554","title":"Розовый"},{"id":"176","title":"Салатовый"},{"id":"56","title":"Серебряный"},{"id":"50","title":"Серый"},{"id":"40","title":"Синий"},{"id":"12","title":"Тёмно-зелёный"},{"id":"93","title":"Фиолетовый"},{"id":"79","title":"Хамелеон"},{"id":"7","title":"Черный"}],"units":null,"type":"drop_down_options"}]},{"title":"Безопасность","features":[{"id":"109","title":"Антиблокировочная тормозная система (ABS)","depends_on":null,"required":false,"options":null,"units":null,"type":"check_box"},{"id":"115","title":"Шторки безопасности","depends_on":null,"required":false,"options":null,"units":null,"type":"check_box"},{"id":"110","title":"Антипробуксовочная система (TCS, ASR, TRC)","depends_on":null,"required":false,"options":null,"units":null,"type":"check_box"},{"id":"114","title":"Боковые подушки безопасности","depends_on":null,"required":false,"options":null,"units":null,"type":"check_box"},{"id":"116","title":"Датчик парковки","depends_on":null,"required":false,"options":null,"units":null,"type":"check_box"},{"id":"1639","title":"Система кругового обзора","depends_on":null,"required":false,"options":null,"units":null,"type":"check_box"},{"id":"113","title":"Подушка безопасности пассажира","depends_on":null,"required":false,"options":null,"units":null,"type":"check_box"},{"id":"111","title":"Система стабилизации (ESP, DSC, VDC, ESC)","depends_on":null,"required":false,"options":null,"units":null,"type":"check_box"},{"id":"112","title":"Подушка безопасности водителя","depends_on":null,"required":false,"options":null,"units":null,"type":"check_box"},{"id":"119","title":"Омыватель фар","depends_on":null,"required":false,"options":null,"units":null,"type":"check_box"},{"id":"118","title":"Датчик света","depends_on":null,"required":false,"options":null,"units":null,"type":"check_box"},{"id":"120","title":"Противоугонное устройство","depends_on":null,"required":false,"options":null,"units":null,"type":"check_box"},{"id":"127","title":"Летние шины","depends_on":null,"required":false,"options":null,"units":null,"type":"check_box"},{"id":"126","title":"Легкосплавные колесные диски","depends_on":null,"required":false,"options":null,"units":null,"type":"check_box"},{"id":"121","title":"Противоугонная сигнализация","depends_on":null,"required":false,"options":null,"units":null,"type":"check_box"},{"id":"124","title":"Многофункциональный руль","depends_on":null,"required":false,"options":null,"units":null,"type":"check_box"},{"id":"125","title":"Стальные колесные диски","depends_on":null,"required":false,"options":null,"units":null,"type":"check_box"},{"id":"128","title":"Зимние шины","depends_on":null,"required":false,"options":null,"units":null,"type":"check_box"},{"id":"123","title":"Противотуманные фары","depends_on":null,"required":false,"options":null,"units":null,"type":"check_box"},{"id":"129","title":"Всесезонные шины","depends_on":null,"required":false,"options":null,"units":null,"type":"check_box"},{"id":"117","title":"Датчик дождя","depends_on":null,"required":false,"options":null,"units":null,"type":"check_box"},{"id":"1638","title":"Камера заднего вида","depends_on":null,"required":false,"options":null,"units":null,"type":"check_box"},{"id":"122","title":"Ксеноновые фары","depends_on":null,"required":false,"options":null,"units":null,"type":"check_box"},{"id":"1757","title":"Светодиодные фары","depends_on":null,"required":false,"options":null,"units":null,"type":"check_box"},{"id":"1758","title":"Лазерные фары","depends_on":null,"required":false,"options":null,"units":null,"type":"check_box"},{"id":"1766","title":"Фаркоп","depends_on":null,"required":false,"options":null,"units":null,"type":"check_box"},{"id":"2201","title":"Крепления для детских сидений (Isofix)","depends_on":null,"required":false,"options":null,"units":null,"type":"check_box"},{"id":"2200","title":"Крепление для якорного ремня (Top Tether)","depends_on":null,"required":false,"options":null,"units":null,"type":"check_box"}]},{"title":"Комфорт","features":[{"id":"130","title":"Кондиционер","depends_on":null,"required":false,"options":null,"units":null,"type":"check_box"},{"id":"131","title":"Климат-контроль","depends_on":null,"required":false,"options":null,"units":null,"type":"check_box"},{"id":"132","title":"Усилитель руля","depends_on":null,"required":false,"options":null,"units":null,"type":"check_box"},{"id":"133","title":"Регулируемая по высоте рулевая колонка","depends_on":null,"required":false,"options":null,"units":null,"type":"check_box"},{"id":"134","title":"Регулируемая по вылету рулевая колонка","depends_on":null,"required":false,"options":null,"units":null,"type":"check_box"},{"id":"135","title":"Люк","depends_on":null,"required":false,"options":null,"units":null,"type":"check_box"},{"id":"136","title":"Электростеклоподъемники","depends_on":null,"required":false,"options":null,"units":null,"type":"check_box"},{"id":"137","title":"Электрорегулировка боковых зеркал","depends_on":null,"required":false,"options":null,"units":null,"type":"check_box"},{"id":"138","title":"Электрорегулировка водительского сиденья","depends_on":null,"required":false,"options":null,"units":null,"type":"check_box"},{"id":"139","title":"Электрорегулировка пассажирского сиденья","depends_on":null,"required":false,"options":null,"units":null,"type":"check_box"},{"id":"140","title":"Подогрев передних сидений","depends_on":null,"required":false,"options":null,"units":null,"type":"check_box"},{"id":"141","title":"Подогрев боковых зеркал","depends_on":null,"required":false,"options":null,"units":null,"type":"check_box"},{"id":"142","title":"Центральный замок","depends_on":null,"required":false,"options":null,"units":null,"type":"check_box"},{"id":"143","title":"Круиз-контроль","depends_on":null,"required":false,"options":null,"units":null,"type":"check_box"},{"id":"144","title":"Аудиосистема, Bluetooth","depends_on":null,"required":false,"options":null,"units":null,"type":"check_box"},{"id":"145","title":"Кожаный салон","depends_on":null,"required":false,"options":null,"units":null,"type":"check_box"},{"id":"147","title":"Обивка салона ткань","depends_on":null,"required":false,"options":null,"units":null,"type":"check_box"},{"id":"148","title":"Бортовой компьютер","depends_on":null,"required":false,"options":null,"units":null,"type":"check_box"},{"id":"149","title":"Навигационная система, TV, DVD","depends_on":null,"required":false,"options":null,"units":null,"type":"check_box"},{"id":"150","title":"Тонированные стекла","depends_on":null,"required":false,"options":null,"units":null,"type":"check_box"}]},{"title":"Медиа","features":[{"id":"14","title":"Фото","depends_on":null,"required":true,"options":null,"units":null,"type":"upload_images"},{"id":"15","title":"Видео","depends_on":null,"required":false,"options":null,"units":null,"type":"upload_videos"}]},{"title":"Контакты","features":[{"id":"16","title":"Контакты","depends_on":null,"required":false,"options":null,"units":null,"type":"contacts"}]}]}
[2025-05-01 06:33:09] {"Options":[{"id":"22838","title":"E-Pace"},{"id":"21365","title":"F-PACE"},{"id":"24397","title":"F-Type"},{"id":"22837","title":"I-Pace"},{"id":"654","title":"S-Type"},{"id":"370","title":"X-Type"},{"id":"20492","title":"XE"},{"id":"833","title":"XF"},{"id":"881","title":"XFR"},{"id":"707","title":"XJ"},{"id":"834","title":"XK"},{"id":"835","title":"XKR"}]}
[2025-05-01 06:33:09] {"Options":[{"id":"37446","title":"I (2016 - н. в)"}]}
[2025-05-01 06:33:09] {"phone_numbers":[{"phone_number":"37369977674","country_code":373,"national_number":"69977674","region":"Молдова"},{"phone_number":"37368500573","country_code":373,"national_number":"68500573","region":"Молдова"},{"phone_number":"37369533300","country_code":373,"national_number":"69533300","region":"Молдова"},{"phone_number":"37362166882","country_code":373,"national_number":"62166882","region":"Молдова"},{"phone_number":"37379500425","country_code":373,"national_number":"79500425","region":"Молдова"},{"phone_number":"37379500645","country_code":373,"national_number":"79500645","region":"Молдова"}]}
[2025-05-01 06:33:09] <html>
<head><title>429 Too Many Requests</title></head>
<body>
<center><h1>429 Too Many Requests</h1></center>
<hr><center>nginx</center>
</body>
</html>

[2025-05-01 06:33:09] <html>
<head><title>429 Too Many Requests</title></head>
<body>
<center><h1>429 Too Many Requests</h1></center>
<hr><center>nginx</center>
</body>
</html>

[2025-05-01 06:51:31] {"categories":[{"id":"658","title":"Транспорт","url":"transport"},{"id":"270","title":"Недвижимость","url":"real-estate"},{"id":"38","title":"Телефоны и гаджеты","url":"phone-and-communication"},{"id":"2","title":"Компьютеры и оргтехника","url":"computers-and-office-equipment"},{"id":"1237","title":"Строительство и ремонт","url":"construction-and-repair"},{"id":"1213","title":"Одежда, обувь и аксессуары","url":"clothes-and-shoes"},{"id":"1195","title":"Мебель и интерьер","url":"furniture-and-interior"},{"id":"44","title":"Аудио-Видео-Фото","url":"audio-video-photo"},{"id":"753","title":"Все остальное","url":"all-else"},{"id":"6146","title":"Работа","url":"work"},{"id":"6026","title":"Сельское хозяйство","url":"agriculture"},{"id":"6341","title":"Услуги","url":"services"},{"id":"226","title":"Питомцы и растения","url":"animals-and-plants"},{"id":"1155","title":"Спорт и здоровье","url":"sports-health-and-beauty"},{"id":"7522","title":"Красота и уход","url":"beauty-and-personal-care"},{"id":"693","title":"Туризм, отдых и развлечения","url":"tourism-leisure-and-entertainment"},{"id":"1182","title":"Бизнес","url":"business"},{"id":"269","title":"Музыкальные инструменты","url":"musical-instruments"},{"id":"45","title":"Бытовая техника","url":"household-appliances"},{"id":"1223","title":"Все для торжеств","url":"all-for-celebrations"},{"id":"1412","title":"Детский мир","url":"children-world"},{"id":"1170","title":"Все для дома и офиса","url":"all-for-home-and-office"},{"id":"1187","title":"Знакомства","url":"dating-and-greetings"}]}
[2025-05-01 06:51:31] {"subcategories":[{"id":"659","title":"Легковые автомобили","url":"transport/cars"},{"id":"660","title":"Автобусы и микроавтобусы","url":"transport/buses-and-minibuses"},{"id":"662","title":"Грузовые автомобили","url":"transport/trucks"},{"id":"663","title":"Мотоциклы и мототехника","url":"transport/motorcycles"},{"id":"664","title":"Велотранспорт","url":"transport/bicycles"},{"id":"6636","title":"Гироскутеры, электросамокаты","url":"transport/electric-scooters"},{"id":"669","title":"Спецтехника","url":"transport/special-equipment"},{"id":"667","title":"Прицепы","url":"transport/trailers"},{"id":"671","title":"Ретроавтомобили и автоэкспонаты","url":"transport/retro-cars"},{"id":"666","title":"Водный транспорт","url":"transport/snowmobiles-and-jet-ski"},{"id":"1411","title":"Воздушный транспорт","url":"transport/airplanes"},{"id":"678","title":"Диски и шины","url":"transport/wheels-and-tires"},{"id":"674","title":"Запчасти и разборка легковых автомобилей","url":"transport/spare-parts-for-cars"},{"id":"6054","title":"Мотоэкипировка","url":"transport/moto-equipment"},{"id":"675","title":"Запчасти для грузовых автомобилей","url":"transport/spare-parts-for-trucks"},{"id":"677","title":"Автозеркала, автостекла и автооптика","url":"transport/auto-glass-and-optics"},{"id":"1348","title":"Запчасти для мототехники","url":"transport/spare-parts-for-motorcycles"},{"id":"6024","title":"Велозапчасти и велоаксессуары","url":"transport/spare-parts-for-bicycles"},{"id":"6718","title":"Аккумуляторы","url":"transport/batteries"},{"id":"688","title":"Автомагнитолы и DVD","url":"transport/carcaraudio"},{"id":"685","title":"Автоакустика","url":"transport/acoustic"},{"id":"6592","title":"Видеорегистраторы","url":"transport/video-recorders"},{"id":"687","title":"GPS, навигация","url":"transport/dvd-tv-gps-tuner"},{"id":"689","title":"Комплектующие автозвука","url":"transport/supplies-of-car-audio"},{"id":"6593","title":"Радары, сигнализация","url":"transport/radars-alarms"},{"id":"6710","title":"Аксессуары для салона","url":"transport/interior-accessories"},{"id":"6711","title":"Коврики для авто","url":"transport/car-carpets"},{"id":"6705","title":"Краски автомобильные","url":"transport/car-paint"},{"id":"6713","title":"Тех помощь","url":"transport/technical-support"},{"id":"6712","title":"Аксессуары для кузова","url":"transport/car-body-accessories"},{"id":"6714","title":"Автобагажники","url":"transport/car-trunks"},{"id":"6715","title":"Подкрылки","url":"transport/wheel-arch-liners"},{"id":"6716","title":"Парковочные радары","url":"transport/parktronic"},{"id":"6717","title":"Автомобильные ключи","url":"transport/car-keys"},{"id":"6720","title":"Ключи","url":"transport/keys"},{"id":"6722","title":"Домкраты","url":"transport/car-jacks"},{"id":"6723","title":"Подъёмники","url":"transport/car-lifts"},{"id":"6721","title":"Съемники","url":"transport/pullers"},{"id":"6724","title":"Компрессоры автомобильные","url":"transport/automobile-compressors"},{"id":"6725","title":"Стенд развал-схождения","url":"transport/wheel-alignment-stand"},{"id":"6726","title":"Зарядные устройства для авто","url":"transport/chargers-for-cars"},{"id":"6727","title":"Мойки высокого давления","url":"transport/pressure-washers"},{"id":"6728","title":"Диагностическое оборудование","url":"transport/diagnostic-equipment"},{"id":"6729","title":"Шиномонтажное оборудование","url":"transport/tire-equipment"},{"id":"6730","title":"Гидравлическое и механическое оборудование","url":"transport/hydraulic-and-mechanical-equipment"},{"id":"6731","title":"Мебель для СТО","url":"transport/service-station-furniture"},{"id":"6732","title":"Инструмент для смазочных работ","url":"transport/lubrication-tool"},{"id":"6733","title":"Оборудование для кузовных работ","url":"transport/bodywork-equipment"},{"id":"6734","title":"Дополнительное оборудование для авто","url":"transport/additional-car-equipment"},{"id":"6689","title":"Гидравлические масла","url":"transport/hydraulic-oils"},{"id":"6688","title":"Трансмиссионные масла","url":"transport/gear-oils"},{"id":"6691","title":"Антифризы","url":"transport/antifreeze"},{"id":"6690","title":"Тормозные жидкости","url":"transport/brake-fluid"},{"id":"6693","title":"Смазки","url":"transport/automotive-lubricants"},{"id":"6687","title":"Моторные масла","url":"transport/motor-oil"},{"id":"6692","title":"Омывающие жидкости","url":"transport/washer-fluid"},{"id":"6696","title":"Присадки в масло","url":"transport/oil-additives"},{"id":"6695","title":"Присадки в топливо","url":"transport/fuel-additives"},{"id":"6697","title":"Присадки к трансмиссионным маслам","url":"transport/gear-oil-additives"},{"id":"6698","title":"Промывки и очистители","url":"transport/washes-and-cleaners"},{"id":"6699","title":"Корректоры и осушители топлива","url":"transport/fuel-additives-and-dispersants"},{"id":"1403","title":"Автосервис","url":"transport/car-2"},{"id":"1401","title":"Грузоперевозки","url":"transport/cargo"},{"id":"6647","title":"Авто на заказ","url":"transport/order-car"},{"id":"1358","title":"Пассажироперевозки","url":"transport/passenger"},{"id":"6663","title":"Мотосервис и велосервис","url":"transport/motoservice"},{"id":"1402","title":"Аренда транспорта","url":"transport/rent-a-car"},{"id":"6790","title":"Аксессуары для мойки автомобиля","url":"transport/car-wash-accessories"},{"id":"6702","title":"Автошампуни","url":"transport/car-shampoo"},{"id":"6704","title":"Очистители кузова","url":"transport/car-cleaner"},{"id":"6701","title":"Всё для полировки","url":"transport/polishes"},{"id":"6703","title":"Защитные составы для кузова","url":"transport/anti-corrosion-coatings"},{"id":"6706","title":"Автокосметика для салона","url":"transport/interior-cleaning"},{"id":"6707","title":"Автокосметика для колес","url":"transport/rim-protection"},{"id":"6708","title":"Автокосметика для стекол и оптики","url":"transport/autocosmetics-for-glasses-and-optics"},{"id":"1339","title":"Разное","url":"transport/miscellaneous"}]}
[2025-05-01 06:51:31] {"offer_types":[{"id":"776","title":"Продам"},{"id":"777","title":"Куплю"},{"id":"23844","title":"Авто на заказ"},{"id":"778","title":"Меняю"}]}
[2025-05-01 06:51:31] {"features_groups":[{"title":"Общее","features":[{"id":"20","title":"Марка","depends_on":null,"required":true,"options":[{"id":"139","title":"Ford"},{"id":"149","title":"Honda"},{"id":"111","title":"Hyundai"},{"id":"130","title":"KIA"},{"id":"22","title":"Mercedes"},{"id":"28","title":"Nissan"},{"id":"143","title":"Skoda"},{"id":"47","title":"Toyota"},{"id":"193","title":"Volvo"},{"id":"20","title":"Volkswagen"},{"id":"22223","title":"ARO"},{"id":"23516","title":"Abarth"},{"id":"392","title":"Acura"},{"id":"38968","title":"Aito"},{"id":"24787","title":"Aiways"},{"id":"295","title":"Alfa Romeo"},{"id":"24790","title":"ArcFox"},{"id":"22887","title":"Aston Martin"},{"id":"57","title":"Audi"},{"id":"36217","title":"Avatr"},{"id":"23696","title":"BAIC"},{"id":"43030","title":"BAW"},{"id":"34","title":"BMW"},{"id":"288","title":"Bentley"},{"id":"748","title":"Brilliance"},{"id":"20947","title":"Buick"},{"id":"487","title":"Byd"},{"id":"439","title":"Cadillac"},{"id":"23654","title":"Changan"},{"id":"119","title":"Chery"},{"id":"167","title":"Chevrolet"},{"id":"101","title":"Chrysler"},{"id":"32","title":"Citroen"},{"id":"24455","title":"Cupra"},{"id":"24352","title":"DS Automobiles"},{"id":"375","title":"Dacia"},{"id":"99","title":"Daewoo"},{"id":"132","title":"Daihatsu"},{"id":"20359","title":"Datsun"},{"id":"31863","title":"Denza"},{"id":"89","title":"Dodge"},{"id":"24796","title":"Dongfeng"},{"id":"38687","title":"Exeed"},{"id":"504","title":"FAW"},{"id":"22889","title":"Ferrari"},{"id":"41","title":"Fiat"},{"id":"24719","title":"GAC"},{"id":"616","title":"GMC"},{"id":"587","title":"Geely"},{"id":"24520","title":"Genesis"},{"id":"202","title":"Great Wall"},{"id":"22890","title":"Hafei"},{"id":"521","title":"Haima"},{"id":"23260","title":"Haval"},{"id":"36703","title":"HiPhi"},{"id":"39680","title":"Hongqi"},{"id":"24782","title":"Hozon"},{"id":"37326","title":"Hozon"},{"id":"247","title":"Hummer"},{"id":"32708","title":"IM Motors"},{"id":"419","title":"Infiniti"},{"id":"22891","title":"Iran Khodro"},{"id":"14","title":"Isuzu"},{"id":"1049","title":"Iveco"},{"id":"1667","title":"JMC"},{"id":"662","title":"Jac"},{"id":"369","title":"Jaguar"},{"id":"186","title":"Jeep"},{"id":"28752","title":"Jetour"},{"id":"37820","title":"Jetta"},{"id":"39760","title":"LEVC"},{"id":"24420","title":"Lada"},{"id":"85","title":"Lada / ВАЗ"},{"id":"12462","title":"Lamborghini"},{"id":"210","title":"Lancia"},{"id":"291","title":"Land Rover"},{"id":"24738","title":"Leapmotor"},{"id":"136","title":"Lexus"},{"id":"34753","title":"LiXiang"},{"id":"414","title":"Lifan"},{"id":"305","title":"Lincoln"},{"id":"25004","title":"Linktour"},{"id":"1743","title":"Lotus"},{"id":"40826","title":"Lucid"},{"id":"39770","title":"Luxeed"},{"id":"28447","title":"Lynk \u0026 Co"},{"id":"33046","title":"MG"},{"id":"1704","title":"Maserati"},{"id":"45","title":"Mazda"},{"id":"23296","title":"McLaren"},{"id":"22892","title":"Mercedes-Maybach"},{"id":"22893","title":"Mercury"},{"id":"577","title":"Mini"},{"id":"36","title":"Mitsubishi"},{"id":"34747","title":"NIO"},{"id":"1","title":"Opel"},{"id":"24773","title":"Oshan"},{"id":"76","title":"Peugeot"},{"id":"1125","title":"Piaggio"},{"id":"39267","title":"Polestar"},{"id":"284","title":"Pontiac"},{"id":"282","title":"Porsche"},{"id":"23870","title":"Ravon"},{"id":"8","title":"Renault"},{"id":"27737","title":"Renault Samsung"},{"id":"42104","title":"Riddara"},{"id":"39472","title":"Rivian"},{"id":"24729","title":"Roewe"},{"id":"266","title":"Rolls-Royce"},{"id":"62","title":"Rover"},{"id":"344","title":"Saab"},{"id":"22895","title":"Saturn"},{"id":"22352","title":"Scion"},{"id":"200","title":"Seat"},{"id":"24732","title":"Skywell"},{"id":"263","title":"Smart"},{"id":"397","title":"Ssangyong"},{"id":"121","title":"Subaru"},{"id":"43","title":"Suzuki"},{"id":"34794","title":"Tank"},{"id":"883","title":"Tata"},{"id":"1662","title":"Tatra"},{"id":"17483","title":"Tesla"},{"id":"35821","title":"Venucia"},{"id":"36707","title":"Voyah"},{"id":"23709","title":"Weltmeister"},{"id":"31867","title":"Wuling"},{"id":"37323","title":"Xiaomi"},{"id":"23680","title":"Xpeng"},{"id":"24793","title":"Zeekr"},{"id":"23261","title":"Zotye"},{"id":"219","title":"ГАЗ"},{"id":"154","title":"Другая марка"},{"id":"249","title":"ЗАЗ"},{"id":"21019","title":"ЛуАЗ"},{"id":"59","title":"Москвич / Иж"},{"id":"410","title":"УАЗ"}],"units":null,"type":"drop_down_options"},{"id":"21","title":"Модель","depends_on":"20","required":true,"options":null,"units":null,"type":"drop_down_options"},{"id":"2095","title":"Поколение","depends_on":"21","required":true,"options":null,"units":null,"type":"drop_down_options"},{"id":"775","title":"Регистрация","depends_on":null,"required":true,"options":[{"id":"18592","title":"Республика Молдова"},{"id":"18593","title":"Приднестровье"},{"id":"20473","title":"Растаможен"},{"id":"20474","title":"Не растаможен"},{"id":"18594","title":"Другое"}],"units":null,"type":"drop_down_options"},{"id":"593","title":"Состояние","depends_on":null,"required":true,"options":[{"id":"18672","title":"Новый"},{"id":"18668","title":"С пробегом"},{"id":"23242","title":"Требует ремонта"}],"units":null,"type":"drop_down_options"},{"id":"1761","title":"Наличие","depends_on":null,"required":true,"options":[{"id":"29670","title":"На месте"},{"id":"29671","title":"В пути"},{"id":"29672","title":"Под заказ"}],"units":null,"type":"drop_down_options"},{"id":"1763","title":"Происхождение автомобиля","depends_on":null,"required":true,"options":[{"id":"29677","title":"Еврозона"},{"id":"29678","title":"США"},{"id":"33042","title":"Китай"},{"id":"33043","title":"Корея"},{"id":"42430","title":"Япония"},{"id":"33044","title":"Другое"}],"units":null,"type":"drop_down_options"},{"id":"13","title":"body","depends_on":null,"required":false,"options":null,"units":null,"type":"textarea_text"},{"id":"1404","title":"Теги","depends_on":null,"required":false,"options":null,"units":null,"type":"textbox_text"}]},{"title":"Цена и регион","features":[{"id":"7","title":"Регион","depends_on":null,"required":true,"options":[{"id":"12912","title":"Бельцы мун."},{"id":"12882","title":"Бендеры мун."},{"id":"12901","title":"Бессарабка"},{"id":"12898","title":"Бричаны"},{"id":"12878","title":"Вулканешты"},{"id":"12904","title":"Глодяны"},{"id":"12873","title":"Григориополь"},{"id":"17475","title":"Днестровск"},{"id":"12896","title":"Дондюшаны"},{"id":"12893","title":"Дрокия"},{"id":"12879","title":"Дубоссары"},{"id":"12895","title":"Единцы"},{"id":"12908","title":"Кагул"},{"id":"12907","title":"Калараш"},{"id":"12874","title":"Каменка"},{"id":"12890","title":"Кантемир"},{"id":"12903","title":"Каушаны"},{"id":"12900","title":"Кишинёв мун."},{"id":"12875","title":"Комрат"},{"id":"12888","title":"Криуляны"},{"id":"12881","title":"Леова"},{"id":"12877","title":"Ниспорены"},{"id":"12905","title":"Новые Анены"},{"id":"12902","title":"Окница"},{"id":"12909","title":"Оргеев"},{"id":"12891","title":"Резина"},{"id":"12883","title":"Рыбница"},{"id":"12897","title":"Рышканы"},{"id":"12884","title":"Слободзея"},{"id":"12899","title":"Сороки"},{"id":"12910","title":"Страшены"},{"id":"12906","title":"Сынжерей"},{"id":"12894","title":"Тараклия"},{"id":"12892","title":"Теленешты"},{"id":"12885","title":"Тирасполь мун."},{"id":"12870","title":"Унгены"},{"id":"12887","title":"Фалешты"},{"id":"12911","title":"Флорешты"},{"id":"12876","title":"Хынчешты"},{"id":"12871","title":"Чадыр-Лунга"},{"id":"12889","title":"Чимишлия"},{"id":"12880","title":"Шолданешты"},{"id":"12872","title":"Штефан-Водэ"},{"id":"12886","title":"Яловены"}],"units":null,"type":"drop_down_options"},{"id":"2","title":"Цена","depends_on":null,"required":true,"options":null,"units":["eur","usd","mdl"],"type":"textbox_numeric_measurement"}]},{"title":"Свойства","features":[{"id":"795","title":"Автор объявления","depends_on":null,"required":true,"options":[{"id":"23241","title":"Автодилер"}],"units":null,"type":"drop_down_options"},{"id":"19","title":"Год выпуска","depends_on":null,"required":true,"options":null,"units":null,"type":"textbox_numeric"},{"id":"1196","title":"Руль","depends_on":null,"required":true,"options":[{"id":"21979","title":"Левый"},{"id":"21978","title":"Правый"}],"units":null,"type":"drop_down_options"},{"id":"846","title":"Количество мест","depends_on":null,"required":true,"options":[{"id":"19117","title":"2"},{"id":"19123","title":"3"},{"id":"19007","title":"3-4"},{"id":"19118","title":"4"},{"id":"19119","title":"5"},{"id":"19121","title":"6"},{"id":"19120","title":"7"},{"id":"19122","title":"8"},{"id":"24583","title":"9"}],"units":null,"type":"drop_down_options"},{"id":"102","title":"Тип кузова","depends_on":null,"required":true,"options":[{"id":"18","title":"Внедорожник"},{"id":"156","title":"Кабриолет"},{"id":"68","title":"Комби"},{"id":"74","title":"Кроссовер"},{"id":"96","title":"Купе"},{"id":"53","title":"Микровэн"},{"id":"49","title":"Минивэн"},{"id":"61","title":"Пикап"},{"id":"265","title":"Родстер"},{"id":"6","title":"Седан"},{"id":"27","title":"Универсал"},{"id":"97","title":"Фургон"},{"id":"11","title":"Хетчбэк"}],"units":null,"type":"drop_down_options"},{"id":"851","title":"Количество дверей","depends_on":null,"required":false,"options":[{"id":"19083","title":"2"},{"id":"19084","title":"3"},{"id":"19085","title":"4"},{"id":"19086","title":"5"}],"units":null,"type":"drop_down_options"},{"id":"104","title":"Пробег","depends_on":null,"required":true,"options":null,"units":["km","mi"],"type":"textbox_numeric_measurement"},{"id":"103","title":"Объём двигателя","depends_on":null,"required":true,"options":null,"units":["cm3"],"type":"textbox_numeric_measurement"},{"id":"107","title":"Мощность (л.с.)","depends_on":null,"required":false,"options":null,"units":["hp"],"type":"textbox_numeric_measurement"},{"id":"151","title":"Тип топлива","depends_on":null,"required":true,"options":[{"id":"10","title":"Бензин"},{"id":"24","title":"Дизель"},{"id":"3","title":"Газ / Бензин (пропан)"},{"id":"159","title":"Газ / Бензин (метан)"},{"id":"161","title":"Гибрид"},{"id":"22987","title":"Плагин-гибрид"},{"id":"12617","title":"Электричество"},{"id":"21311","title":"Газ"}],"units":null,"type":"drop_down_options"},{"id":"101","title":"КПП","depends_on":null,"required":true,"options":[{"id":"1051","title":"Вариатор"},{"id":"1054","title":"Роботизированная"},{"id":"16","title":"Автоматическая"},{"id":"4","title":"Механическая"}],"units":null,"type":"drop_down_options"},{"id":"108","title":"Привод","depends_on":null,"required":true,"options":[{"id":"25","title":"Задний"},{"id":"5","title":"Передний"},{"id":"17","title":"4х4"}],"units":null,"type":"drop_down_options"},{"id":"17","title":"Цвет","depends_on":null,"required":false,"options":[{"id":"87","title":"Бежевый"},{"id":"19","title":"Белый"},{"id":"65","title":"Бордовый"},{"id":"31","title":"Голубой"},{"id":"179","title":"Желтый"},{"id":"13","title":"Зелёный"},{"id":"72","title":"Золотой"},{"id":"208","title":"Коричневый"},{"id":"38","title":"Красный"},{"id":"309","title":"Малины"},{"id":"334","title":"Оранжевый"},{"id":"554","title":"Розовый"},{"id":"176","title":"Салатовый"},{"id":"56","title":"Серебряный"},{"id":"50","title":"Серый"},{"id":"40","title":"Синий"},{"id":"12","title":"Тёмно-зелёный"},{"id":"93","title":"Фиолетовый"},{"id":"79","title":"Хамелеон"},{"id":"7","title":"Черный"}],"units":null,"type":"drop_down_options"}]},{"title":"Безопасность","features":[{"id":"109","title":"Антиблокировочная тормозная система (ABS)","depends_on":null,"required":false,"options":null,"units":null,"type":"check_box"},{"id":"115","title":"Шторки безопасности","depends_on":null,"required":false,"options":null,"units":null,"type":"check_box"},{"id":"110","title":"Антипробуксовочная система (TCS, ASR, TRC)","depends_on":null,"required":false,"options":null,"units":null,"type":"check_box"},{"id":"114","title":"Боковые подушки безопасности","depends_on":null,"required":false,"options":null,"units":null,"type":"check_box"},{"id":"116","title":"Датчик парковки","depends_on":null,"required":false,"options":null,"units":null,"type":"check_box"},{"id":"1639","title":"Система кругового обзора","depends_on":null,"required":false,"options":null,"units":null,"type":"check_box"},{"id":"113","title":"Подушка безопасности пассажира","depends_on":null,"required":false,"options":null,"units":null,"type":"check_box"},{"id":"111","title":"Система стабилизации (ESP, DSC, VDC, ESC)","depends_on":null,"required":false,"options":null,"units":null,"type":"check_box"},{"id":"112","title":"Подушка безопасности водителя","depends_on":null,"required":false,"options":null,"units":null,"type":"check_box"},{"id":"119","title":"Омыватель фар","depends_on":null,"required":false,"options":null,"units":null,"type":"check_box"},{"id":"118","title":"Датчик света","depends_on":null,"required":false,"options":null,"units":null,"type":"check_box"},{"id":"120","title":"Противоугонное устройство","depends_on":null,"required":false,"options":null,"units":null,"type":"check_box"},{"id":"127","title":"Летние шины","depends_on":null,"required":false,"options":null,"units":null,"type":"check_box"},{"id":"126","title":"Легкосплавные колесные диски","depends_on":null,"required":false,"options":null,"units":null,"type":"check_box"},{"id":"121","title":"Противоугонная сигнализация","depends_on":null,"required":false,"options":null,"units":null,"type":"check_box"},{"id":"124","title":"Многофункциональный руль","depends_on":null,"required":false,"options":null,"units":null,"type":"check_box"},{"id":"125","title":"Стальные колесные диски","depends_on":null,"required":false,"options":null,"units":null,"type":"check_box"},{"id":"128","title":"Зимние шины","depends_on":null,"required":false,"options":null,"units":null,"type":"check_box"},{"id":"123","title":"Противотуманные фары","depends_on":null,"required":false,"options":null,"units":null,"type":"check_box"},{"id":"129","title":"Всесезонные шины","depends_on":null,"required":false,"options":null,"units":null,"type":"check_box"},{"id":"117","title":"Датчик дождя","depends_on":null,"required":false,"options":null,"units":null,"type":"check_box"},{"id":"1638","title":"Камера заднего вида","depends_on":null,"required":false,"options":null,"units":null,"type":"check_box"},{"id":"122","title":"Ксеноновые фары","depends_on":null,"required":false,"options":null,"units":null,"type":"check_box"},{"id":"1757","title":"Светодиодные фары","depends_on":null,"required":false,"options":null,"units":null,"type":"check_box"},{"id":"1758","title":"Лазерные фары","depends_on":null,"required":false,"options":null,"units":null,"type":"check_box"},{"id":"1766","title":"Фаркоп","depends_on":null,"required":false,"options":null,"units":null,"type":"check_box"},{"id":"2201","title":"Крепления для детских сидений (Isofix)","depends_on":null,"required":false,"options":null,"units":null,"type":"check_box"},{"id":"2200","title":"Крепление для якорного ремня (Top Tether)","depends_on":null,"required":false,"options":null,"units":null,"type":"check_box"}]},{"title":"Комфорт","features":[{"id":"130","title":"Кондиционер","depends_on":null,"required":false,"options":null,"units":null,"type":"check_box"},{"id":"131","title":"Климат-контроль","depends_on":null,"required":false,"options":null,"units":null,"type":"check_box"},{"id":"132","title":"Усилитель руля","depends_on":null,"required":false,"options":null,"units":null,"type":"check_box"},{"id":"133","title":"Регулируемая по высоте рулевая колонка","depends_on":null,"required":false,"options":null,"units":null,"type":"check_box"},{"id":"134","title":"Регулируемая по вылету рулевая колонка","depends_on":null,"required":false,"options":null,"units":null,"type":"check_box"},{"id":"135","title":"Люк","depends_on":null,"required":false,"options":null,"units":null,"type":"check_box"},{"id":"136","title":"Электростеклоподъемники","depends_on":null,"required":false,"options":null,"units":null,"type":"check_box"},{"id":"137","title":"Электрорегулировка боковых зеркал","depends_on":null,"required":false,"options":null,"units":null,"type":"check_box"},{"id":"138","title":"Электрорегулировка водительского сиденья","depends_on":null,"required":false,"options":null,"units":null,"type":"check_box"},{"id":"139","title":"Электрорегулировка пассажирского сиденья","depends_on":null,"required":false,"options":null,"units":null,"type":"check_box"},{"id":"140","title":"Подогрев передних сидений","depends_on":null,"required":false,"options":null,"units":null,"type":"check_box"},{"id":"141","title":"Подогрев боковых зеркал","depends_on":null,"required":false,"options":null,"units":null,"type":"check_box"},{"id":"142","title":"Центральный замок","depends_on":null,"required":false,"options":null,"units":null,"type":"check_box"},{"id":"143","title":"Круиз-контроль","depends_on":null,"required":false,"options":null,"units":null,"type":"check_box"},{"id":"144","title":"Аудиосистема, Bluetooth","depends_on":null,"required":false,"options":null,"units":null,"type":"check_box"},{"id":"145","title":"Кожаный салон","depends_on":null,"required":false,"options":null,"units":null,"type":"check_box"},{"id":"147","title":"Обивка салона ткань","depends_on":null,"required":false,"options":null,"units":null,"type":"check_box"},{"id":"148","title":"Бортовой компьютер","depends_on":null,"required":false,"options":null,"units":null,"type":"check_box"},{"id":"149","title":"Навигационная система, TV, DVD","depends_on":null,"required":false,"options":null,"units":null,"type":"check_box"},{"id":"150","title":"Тонированные стекла","depends_on":null,"required":false,"options":null,"units":null,"type":"check_box"}]},{"title":"Медиа","features":[{"id":"14","title":"Фото","depends_on":null,"required":true,"options":null,"units":null,"type":"upload_images"},{"id":"15","title":"Видео","depends_on":null,"required":false,"options":null,"units":null,"type":"upload_videos"}]},{"title":"Контакты","features":[{"id":"16","title":"Контакты","depends_on":null,"required":false,"options":null,"units":null,"type":"contacts"}]}]}
[2025-05-01 06:51:31] {"Options":[{"id":"22838","title":"E-Pace"},{"id":"21365","title":"F-PACE"},{"id":"24397","title":"F-Type"},{"id":"22837","title":"I-Pace"},{"id":"654","title":"S-Type"},{"id":"370","title":"X-Type"},{"id":"20492","title":"XE"},{"id":"833","title":"XF"},{"id":"881","title":"XFR"},{"id":"707","title":"XJ"},{"id":"834","title":"XK"},{"id":"835","title":"XKR"}]}
[2025-05-01 06:51:31] {"Options":[{"id":"37446","title":"I (2016 - н. в)"}]}
[2025-05-01 06:51:31] {"phone_numbers":[{"phone_number":"37369977674","country_code":373,"national_number":"69977674","region":"Молдова"},{"phone_number":"37368500573","country_code":373,"national_number":"68500573","region":"Молдова"},{"phone_number":"37369533300","country_code":373,"national_number":"69533300","region":"Молдова"},{"phone_number":"37362166882","country_code":373,"national_number":"62166882","region":"Молдова"},{"phone_number":"37379500425","country_code":373,"national_number":"79500425","region":"Молдова"},{"phone_number":"37379500645","country_code":373,"national_number":"79500645","region":"Молдова"}]}
[2025-05-01 06:51:31] <html>
<head><title>429 Too Many Requests</title></head>
<body>
<center><h1>429 Too Many Requests</h1></center>
<hr><center>nginx</center>
</body>
</html>

[2025-05-01 06:51:31] <html>
<head><title>429 Too Many Requests</title></head>
<body>
<center><h1>429 Too Many Requests</h1></center>
<hr><center>nginx</center>
</body>
</html>

[2025-05-01 07:44:28] {"categories":[{"id":"658","title":"Транспорт","url":"transport"},{"id":"270","title":"Недвижимость","url":"real-estate"},{"id":"38","title":"Телефоны и гаджеты","url":"phone-and-communication"},{"id":"2","title":"Компьютеры и оргтехника","url":"computers-and-office-equipment"},{"id":"1237","title":"Строительство и ремонт","url":"construction-and-repair"},{"id":"1213","title":"Одежда, обувь и аксессуары","url":"clothes-and-shoes"},{"id":"1195","title":"Мебель и интерьер","url":"furniture-and-interior"},{"id":"44","title":"Аудио-Видео-Фото","url":"audio-video-photo"},{"id":"753","title":"Все остальное","url":"all-else"},{"id":"6146","title":"Работа","url":"work"},{"id":"6026","title":"Сельское хозяйство","url":"agriculture"},{"id":"6341","title":"Услуги","url":"services"},{"id":"226","title":"Питомцы и растения","url":"animals-and-plants"},{"id":"1155","title":"Спорт и здоровье","url":"sports-health-and-beauty"},{"id":"7522","title":"Красота и уход","url":"beauty-and-personal-care"},{"id":"693","title":"Туризм, отдых и развлечения","url":"tourism-leisure-and-entertainment"},{"id":"1182","title":"Бизнес","url":"business"},{"id":"269","title":"Музыкальные инструменты","url":"musical-instruments"},{"id":"45","title":"Бытовая техника","url":"household-appliances"},{"id":"1223","title":"Все для торжеств","url":"all-for-celebrations"},{"id":"1412","title":"Детский мир","url":"children-world"},{"id":"1170","title":"Все для дома и офиса","url":"all-for-home-and-office"},{"id":"1187","title":"Знакомства","url":"dating-and-greetings"}]}
[2025-05-01 07:44:28] {"subcategories":[{"id":"659","title":"Легковые автомобили","url":"transport/cars"},{"id":"660","title":"Автобусы и микроавтобусы","url":"transport/buses-and-minibuses"},{"id":"662","title":"Грузовые автомобили","url":"transport/trucks"},{"id":"663","title":"Мотоциклы и мототехника","url":"transport/motorcycles"},{"id":"664","title":"Велотранспорт","url":"transport/bicycles"},{"id":"6636","title":"Гироскутеры, электросамокаты","url":"transport/electric-scooters"},{"id":"669","title":"Спецтехника","url":"transport/special-equipment"},{"id":"667","title":"Прицепы","url":"transport/trailers"},{"id":"671","title":"Ретроавтомобили и автоэкспонаты","url":"transport/retro-cars"},{"id":"666","title":"Водный транспорт","url":"transport/snowmobiles-and-jet-ski"},{"id":"1411","title":"Воздушный транспорт","url":"transport/airplanes"},{"id":"678","title":"Диски и шины","url":"transport/wheels-and-tires"},{"id":"674","title":"Запчасти и разборка легковых автомобилей","url":"transport/spare-parts-for-cars"},{"id":"6054","title":"Мотоэкипировка","url":"transport/moto-equipment"},{"id":"675","title":"Запчасти для грузовых автомобилей","url":"transport/spare-parts-for-trucks"},{"id":"677","title":"Автозеркала, автостекла и автооптика","url":"transport/auto-glass-and-optics"},{"id":"1348","title":"Запчасти для мототехники","url":"transport/spare-parts-for-motorcycles"},{"id":"6024","title":"Велозапчасти и велоаксессуары","url":"transport/spare-parts-for-bicycles"},{"id":"6718","title":"Аккумуляторы","url":"transport/batteries"},{"id":"688","title":"Автомагнитолы и DVD","url":"transport/carcaraudio"},{"id":"685","title":"Автоакустика","url":"transport/acoustic"},{"id":"6592","title":"Видеорегистраторы","url":"transport/video-recorders"},{"id":"687","title":"GPS, навигация","url":"transport/dvd-tv-gps-tuner"},{"id":"689","title":"Комплектующие автозвука","url":"transport/supplies-of-car-audio"},{"id":"6593","title":"Радары, сигнализация","url":"transport/radars-alarms"},{"id":"6710","title":"Аксессуары для салона","url":"transport/interior-accessories"},{"id":"6711","title":"Коврики для авто","url":"transport/car-carpets"},{"id":"6705","title":"Краски автомобильные","url":"transport/car-paint"},{"id":"6713","title":"Тех помощь","url":"transport/technical-support"},{"id":"6712","title":"Аксессуары для кузова","url":"transport/car-body-accessories"},{"id":"6714","title":"Автобагажники","url":"transport/car-trunks"},{"id":"6715","title":"Подкрылки","url":"transport/wheel-arch-liners"},{"id":"6716","title":"Парковочные радары","url":"transport/parktronic"},{"id":"6717","title":"Автомобильные ключи","url":"transport/car-keys"},{"id":"6720","title":"Ключи","url":"transport/keys"},{"id":"6722","title":"Домкраты","url":"transport/car-jacks"},{"id":"6723","title":"Подъёмники","url":"transport/car-lifts"},{"id":"6721","title":"Съемники","url":"transport/pullers"},{"id":"6724","title":"Компрессоры автомобильные","url":"transport/automobile-compressors"},{"id":"6725","title":"Стенд развал-схождения","url":"transport/wheel-alignment-stand"},{"id":"6726","title":"Зарядные устройства для авто","url":"transport/chargers-for-cars"},{"id":"6727","title":"Мойки высокого давления","url":"transport/pressure-washers"},{"id":"6728","title":"Диагностическое оборудование","url":"transport/diagnostic-equipment"},{"id":"6729","title":"Шиномонтажное оборудование","url":"transport/tire-equipment"},{"id":"6730","title":"Гидравлическое и механическое оборудование","url":"transport/hydraulic-and-mechanical-equipment"},{"id":"6731","title":"Мебель для СТО","url":"transport/service-station-furniture"},{"id":"6732","title":"Инструмент для смазочных работ","url":"transport/lubrication-tool"},{"id":"6733","title":"Оборудование для кузовных работ","url":"transport/bodywork-equipment"},{"id":"6734","title":"Дополнительное оборудование для авто","url":"transport/additional-car-equipment"},{"id":"6689","title":"Гидравлические масла","url":"transport/hydraulic-oils"},{"id":"6688","title":"Трансмиссионные масла","url":"transport/gear-oils"},{"id":"6691","title":"Антифризы","url":"transport/antifreeze"},{"id":"6690","title":"Тормозные жидкости","url":"transport/brake-fluid"},{"id":"6693","title":"Смазки","url":"transport/automotive-lubricants"},{"id":"6687","title":"Моторные масла","url":"transport/motor-oil"},{"id":"6692","title":"Омывающие жидкости","url":"transport/washer-fluid"},{"id":"6696","title":"Присадки в масло","url":"transport/oil-additives"},{"id":"6695","title":"Присадки в топливо","url":"transport/fuel-additives"},{"id":"6697","title":"Присадки к трансмиссионным маслам","url":"transport/gear-oil-additives"},{"id":"6698","title":"Промывки и очистители","url":"transport/washes-and-cleaners"},{"id":"6699","title":"Корректоры и осушители топлива","url":"transport/fuel-additives-and-dispersants"},{"id":"1403","title":"Автосервис","url":"transport/car-2"},{"id":"1401","title":"Грузоперевозки","url":"transport/cargo"},{"id":"6647","title":"Авто на заказ","url":"transport/order-car"},{"id":"1358","title":"Пассажироперевозки","url":"transport/passenger"},{"id":"6663","title":"Мотосервис и велосервис","url":"transport/motoservice"},{"id":"1402","title":"Аренда транспорта","url":"transport/rent-a-car"},{"id":"6790","title":"Аксессуары для мойки автомобиля","url":"transport/car-wash-accessories"},{"id":"6702","title":"Автошампуни","url":"transport/car-shampoo"},{"id":"6704","title":"Очистители кузова","url":"transport/car-cleaner"},{"id":"6701","title":"Всё для полировки","url":"transport/polishes"},{"id":"6703","title":"Защитные составы для кузова","url":"transport/anti-corrosion-coatings"},{"id":"6706","title":"Автокосметика для салона","url":"transport/interior-cleaning"},{"id":"6707","title":"Автокосметика для колес","url":"transport/rim-protection"},{"id":"6708","title":"Автокосметика для стекол и оптики","url":"transport/autocosmetics-for-glasses-and-optics"},{"id":"1339","title":"Разное","url":"transport/miscellaneous"}]}
[2025-05-01 07:44:28] {"offer_types":[{"id":"776","title":"Продам"},{"id":"777","title":"Куплю"},{"id":"23844","title":"Авто на заказ"},{"id":"778","title":"Меняю"}]}
[2025-05-01 07:44:28] {"features_groups":[{"title":"Общее","features":[{"id":"20","title":"Марка","depends_on":null,"required":true,"options":[{"id":"139","title":"Ford"},{"id":"149","title":"Honda"},{"id":"111","title":"Hyundai"},{"id":"130","title":"KIA"},{"id":"22","title":"Mercedes"},{"id":"28","title":"Nissan"},{"id":"143","title":"Skoda"},{"id":"47","title":"Toyota"},{"id":"193","title":"Volvo"},{"id":"20","title":"Volkswagen"},{"id":"22223","title":"ARO"},{"id":"23516","title":"Abarth"},{"id":"392","title":"Acura"},{"id":"38968","title":"Aito"},{"id":"24787","title":"Aiways"},{"id":"295","title":"Alfa Romeo"},{"id":"24790","title":"ArcFox"},{"id":"22887","title":"Aston Martin"},{"id":"57","title":"Audi"},{"id":"36217","title":"Avatr"},{"id":"23696","title":"BAIC"},{"id":"43030","title":"BAW"},{"id":"34","title":"BMW"},{"id":"288","title":"Bentley"},{"id":"748","title":"Brilliance"},{"id":"20947","title":"Buick"},{"id":"487","title":"Byd"},{"id":"439","title":"Cadillac"},{"id":"23654","title":"Changan"},{"id":"119","title":"Chery"},{"id":"167","title":"Chevrolet"},{"id":"101","title":"Chrysler"},{"id":"32","title":"Citroen"},{"id":"24455","title":"Cupra"},{"id":"24352","title":"DS Automobiles"},{"id":"375","title":"Dacia"},{"id":"99","title":"Daewoo"},{"id":"132","title":"Daihatsu"},{"id":"20359","title":"Datsun"},{"id":"31863","title":"Denza"},{"id":"89","title":"Dodge"},{"id":"24796","title":"Dongfeng"},{"id":"38687","title":"Exeed"},{"id":"504","title":"FAW"},{"id":"22889","title":"Ferrari"},{"id":"41","title":"Fiat"},{"id":"24719","title":"GAC"},{"id":"616","title":"GMC"},{"id":"587","title":"Geely"},{"id":"24520","title":"Genesis"},{"id":"202","title":"Great Wall"},{"id":"22890","title":"Hafei"},{"id":"521","title":"Haima"},{"id":"23260","title":"Haval"},{"id":"36703","title":"HiPhi"},{"id":"39680","title":"Hongqi"},{"id":"24782","title":"Hozon"},{"id":"37326","title":"Hozon"},{"id":"247","title":"Hummer"},{"id":"32708","title":"IM Motors"},{"id":"419","title":"Infiniti"},{"id":"22891","title":"Iran Khodro"},{"id":"14","title":"Isuzu"},{"id":"1049","title":"Iveco"},{"id":"1667","title":"JMC"},{"id":"662","title":"Jac"},{"id":"369","title":"Jaguar"},{"id":"186","title":"Jeep"},{"id":"28752","title":"Jetour"},{"id":"37820","title":"Jetta"},{"id":"39760","title":"LEVC"},{"id":"24420","title":"Lada"},{"id":"85","title":"Lada / ВАЗ"},{"id":"12462","title":"Lamborghini"},{"id":"210","title":"Lancia"},{"id":"291","title":"Land Rover"},{"id":"24738","title":"Leapmotor"},{"id":"136","title":"Lexus"},{"id":"34753","title":"LiXiang"},{"id":"414","title":"Lifan"},{"id":"305","title":"Lincoln"},{"id":"25004","title":"Linktour"},{"id":"1743","title":"Lotus"},{"id":"40826","title":"Lucid"},{"id":"39770","title":"Luxeed"},{"id":"28447","title":"Lynk \u0026 Co"},{"id":"33046","title":"MG"},{"id":"1704","title":"Maserati"},{"id":"45","title":"Mazda"},{"id":"23296","title":"McLaren"},{"id":"22892","title":"Mercedes-Maybach"},{"id":"22893","title":"Mercury"},{"id":"577","title":"Mini"},{"id":"36","title":"Mitsubishi"},{"id":"34747","title":"NIO"},{"id":"1","title":"Opel"},{"id":"24773","title":"Oshan"},{"id":"76","title":"Peugeot"},{"id":"1125","title":"Piaggio"},{"id":"39267","title":"Polestar"},{"id":"284","title":"Pontiac"},{"id":"282","title":"Porsche"},{"id":"23870","title":"Ravon"},{"id":"8","title":"Renault"},{"id":"27737","title":"Renault Samsung"},{"id":"42104","title":"Riddara"},{"id":"39472","title":"Rivian"},{"id":"24729","title":"Roewe"},{"id":"266","title":"Rolls-Royce"},{"id":"62","title":"Rover"},{"id":"344","title":"Saab"},{"id":"22895","title":"Saturn"},{"id":"22352","title":"Scion"},{"id":"200","title":"Seat"},{"id":"24732","title":"Skywell"},{"id":"263","title":"Smart"},{"id":"397","title":"Ssangyong"},{"id":"121","title":"Subaru"},{"id":"43","title":"Suzuki"},{"id":"34794","title":"Tank"},{"id":"883","title":"Tata"},{"id":"1662","title":"Tatra"},{"id":"17483","title":"Tesla"},{"id":"35821","title":"Venucia"},{"id":"36707","title":"Voyah"},{"id":"23709","title":"Weltmeister"},{"id":"31867","title":"Wuling"},{"id":"37323","title":"Xiaomi"},{"id":"23680","title":"Xpeng"},{"id":"24793","title":"Zeekr"},{"id":"23261","title":"Zotye"},{"id":"219","title":"ГАЗ"},{"id":"154","title":"Другая марка"},{"id":"249","title":"ЗАЗ"},{"id":"21019","title":"ЛуАЗ"},{"id":"59","title":"Москвич / Иж"},{"id":"410","title":"УАЗ"}],"units":null,"type":"drop_down_options"},{"id":"21","title":"Модель","depends_on":"20","required":true,"options":null,"units":null,"type":"drop_down_options"},{"id":"2095","title":"Поколение","depends_on":"21","required":true,"options":null,"units":null,"type":"drop_down_options"},{"id":"775","title":"Регистрация","depends_on":null,"required":true,"options":[{"id":"18592","title":"Республика Молдова"},{"id":"18593","title":"Приднестровье"},{"id":"20473","title":"Растаможен"},{"id":"20474","title":"Не растаможен"},{"id":"18594","title":"Другое"}],"units":null,"type":"drop_down_options"},{"id":"593","title":"Состояние","depends_on":null,"required":true,"options":[{"id":"18672","title":"Новый"},{"id":"18668","title":"С пробегом"},{"id":"23242","title":"Требует ремонта"}],"units":null,"type":"drop_down_options"},{"id":"1761","title":"Наличие","depends_on":null,"required":true,"options":[{"id":"29670","title":"На месте"},{"id":"29671","title":"В пути"},{"id":"29672","title":"Под заказ"}],"units":null,"type":"drop_down_options"},{"id":"1763","title":"Происхождение автомобиля","depends_on":null,"required":true,"options":[{"id":"29677","title":"Еврозона"},{"id":"29678","title":"США"},{"id":"33042","title":"Китай"},{"id":"33043","title":"Корея"},{"id":"42430","title":"Япония"},{"id":"33044","title":"Другое"}],"units":null,"type":"drop_down_options"},{"id":"13","title":"body","depends_on":null,"required":false,"options":null,"units":null,"type":"textarea_text"},{"id":"1404","title":"Теги","depends_on":null,"required":false,"options":null,"units":null,"type":"textbox_text"}]},{"title":"Цена и регион","features":[{"id":"7","title":"Регион","depends_on":null,"required":true,"options":[{"id":"12912","title":"Бельцы мун."},{"id":"12882","title":"Бендеры мун."},{"id":"12901","title":"Бессарабка"},{"id":"12898","title":"Бричаны"},{"id":"12878","title":"Вулканешты"},{"id":"12904","title":"Глодяны"},{"id":"12873","title":"Григориополь"},{"id":"17475","title":"Днестровск"},{"id":"12896","title":"Дондюшаны"},{"id":"12893","title":"Дрокия"},{"id":"12879","title":"Дубоссары"},{"id":"12895","title":"Единцы"},{"id":"12908","title":"Кагул"},{"id":"12907","title":"Калараш"},{"id":"12874","title":"Каменка"},{"id":"12890","title":"Кантемир"},{"id":"12903","title":"Каушаны"},{"id":"12900","title":"Кишинёв мун."},{"id":"12875","title":"Комрат"},{"id":"12888","title":"Криуляны"},{"id":"12881","title":"Леова"},{"id":"12877","title":"Ниспорены"},{"id":"12905","title":"Новые Анены"},{"id":"12902","title":"Окница"},{"id":"12909","title":"Оргеев"},{"id":"12891","title":"Резина"},{"id":"12883","title":"Рыбница"},{"id":"12897","title":"Рышканы"},{"id":"12884","title":"Слободзея"},{"id":"12899","title":"Сороки"},{"id":"12910","title":"Страшены"},{"id":"12906","title":"Сынжерей"},{"id":"12894","title":"Тараклия"},{"id":"12892","title":"Теленешты"},{"id":"12885","title":"Тирасполь мун."},{"id":"12870","title":"Унгены"},{"id":"12887","title":"Фалешты"},{"id":"12911","title":"Флорешты"},{"id":"12876","title":"Хынчешты"},{"id":"12871","title":"Чадыр-Лунга"},{"id":"12889","title":"Чимишлия"},{"id":"12880","title":"Шолданешты"},{"id":"12872","title":"Штефан-Водэ"},{"id":"12886","title":"Яловены"}],"units":null,"type":"drop_down_options"},{"id":"2","title":"Цена","depends_on":null,"required":true,"options":null,"units":["eur","usd","mdl"],"type":"textbox_numeric_measurement"}]},{"title":"Свойства","features":[{"id":"795","title":"Автор объявления","depends_on":null,"required":true,"options":[{"id":"23241","title":"Автодилер"}],"units":null,"type":"drop_down_options"},{"id":"19","title":"Год выпуска","depends_on":null,"required":true,"options":null,"units":null,"type":"textbox_numeric"},{"id":"1196","title":"Руль","depends_on":null,"required":true,"options":[{"id":"21979","title":"Левый"},{"id":"21978","title":"Правый"}],"units":null,"type":"drop_down_options"},{"id":"846","title":"Количество мест","depends_on":null,"required":true,"options":[{"id":"19117","title":"2"},{"id":"19123","title":"3"},{"id":"19007","title":"3-4"},{"id":"19118","title":"4"},{"id":"19119","title":"5"},{"id":"19121","title":"6"},{"id":"19120","title":"7"},{"id":"19122","title":"8"},{"id":"24583","title":"9"}],"units":null,"type":"drop_down_options"},{"id":"102","title":"Тип кузова","depends_on":null,"required":true,"options":[{"id":"18","title":"Внедорожник"},{"id":"156","title":"Кабриолет"},{"id":"68","title":"Комби"},{"id":"74","title":"Кроссовер"},{"id":"96","title":"Купе"},{"id":"53","title":"Микровэн"},{"id":"49","title":"Минивэн"},{"id":"61","title":"Пикап"},{"id":"265","title":"Родстер"},{"id":"6","title":"Седан"},{"id":"27","title":"Универсал"},{"id":"97","title":"Фургон"},{"id":"11","title":"Хетчбэк"}],"units":null,"type":"drop_down_options"},{"id":"851","title":"Количество дверей","depends_on":null,"required":false,"options":[{"id":"19083","title":"2"},{"id":"19084","title":"3"},{"id":"19085","title":"4"},{"id":"19086","title":"5"}],"units":null,"type":"drop_down_options"},{"id":"104","title":"Пробег","depends_on":null,"required":true,"options":null,"units":["km","mi"],"type":"textbox_numeric_measurement"},{"id":"103","title":"Объём двигателя","depends_on":null,"required":true,"options":null,"units":["cm3"],"type":"textbox_numeric_measurement"},{"id":"107","title":"Мощность (л.с.)","depends_on":null,"required":false,"options":null,"units":["hp"],"type":"textbox_numeric_measurement"},{"id":"151","title":"Тип топлива","depends_on":null,"required":true,"options":[{"id":"10","title":"Бензин"},{"id":"24","title":"Дизель"},{"id":"3","title":"Газ / Бензин (пропан)"},{"id":"159","title":"Газ / Бензин (метан)"},{"id":"161","title":"Гибрид"},{"id":"22987","title":"Плагин-гибрид"},{"id":"12617","title":"Электричество"},{"id":"21311","title":"Газ"}],"units":null,"type":"drop_down_options"},{"id":"101","title":"КПП","depends_on":null,"required":true,"options":[{"id":"1051","title":"Вариатор"},{"id":"1054","title":"Роботизированная"},{"id":"16","title":"Автоматическая"},{"id":"4","title":"Механическая"}],"units":null,"type":"drop_down_options"},{"id":"108","title":"Привод","depends_on":null,"required":true,"options":[{"id":"25","title":"Задний"},{"id":"5","title":"Передний"},{"id":"17","title":"4х4"}],"units":null,"type":"drop_down_options"},{"id":"17","title":"Цвет","depends_on":null,"required":false,"options":[{"id":"87","title":"Бежевый"},{"id":"19","title":"Белый"},{"id":"65","title":"Бордовый"},{"id":"31","title":"Голубой"},{"id":"179","title":"Желтый"},{"id":"13","title":"Зелёный"},{"id":"72","title":"Золотой"},{"id":"208","title":"Коричневый"},{"id":"38","title":"Красный"},{"id":"309","title":"Малины"},{"id":"334","title":"Оранжевый"},{"id":"554","title":"Розовый"},{"id":"176","title":"Салатовый"},{"id":"56","title":"Серебряный"},{"id":"50","title":"Серый"},{"id":"40","title":"Синий"},{"id":"12","title":"Тёмно-зелёный"},{"id":"93","title":"Фиолетовый"},{"id":"79","title":"Хамелеон"},{"id":"7","title":"Черный"}],"units":null,"type":"drop_down_options"}]},{"title":"Безопасность","features":[{"id":"109","title":"Антиблокировочная тормозная система (ABS)","depends_on":null,"required":false,"options":null,"units":null,"type":"check_box"},{"id":"115","title":"Шторки безопасности","depends_on":null,"required":false,"options":null,"units":null,"type":"check_box"},{"id":"110","title":"Антипробуксовочная система (TCS, ASR, TRC)","depends_on":null,"required":false,"options":null,"units":null,"type":"check_box"},{"id":"114","title":"Боковые подушки безопасности","depends_on":null,"required":false,"options":null,"units":null,"type":"check_box"},{"id":"116","title":"Датчик парковки","depends_on":null,"required":false,"options":null,"units":null,"type":"check_box"},{"id":"1639","title":"Система кругового обзора","depends_on":null,"required":false,"options":null,"units":null,"type":"check_box"},{"id":"113","title":"Подушка безопасности пассажира","depends_on":null,"required":false,"options":null,"units":null,"type":"check_box"},{"id":"111","title":"Система стабилизации (ESP, DSC, VDC, ESC)","depends_on":null,"required":false,"options":null,"units":null,"type":"check_box"},{"id":"112","title":"Подушка безопасности водителя","depends_on":null,"required":false,"options":null,"units":null,"type":"check_box"},{"id":"119","title":"Омыватель фар","depends_on":null,"required":false,"options":null,"units":null,"type":"check_box"},{"id":"118","title":"Датчик света","depends_on":null,"required":false,"options":null,"units":null,"type":"check_box"},{"id":"120","title":"Противоугонное устройство","depends_on":null,"required":false,"options":null,"units":null,"type":"check_box"},{"id":"127","title":"Летние шины","depends_on":null,"required":false,"options":null,"units":null,"type":"check_box"},{"id":"126","title":"Легкосплавные колесные диски","depends_on":null,"required":false,"options":null,"units":null,"type":"check_box"},{"id":"121","title":"Противоугонная сигнализация","depends_on":null,"required":false,"options":null,"units":null,"type":"check_box"},{"id":"124","title":"Многофункциональный руль","depends_on":null,"required":false,"options":null,"units":null,"type":"check_box"},{"id":"125","title":"Стальные колесные диски","depends_on":null,"required":false,"options":null,"units":null,"type":"check_box"},{"id":"128","title":"Зимние шины","depends_on":null,"required":false,"options":null,"units":null,"type":"check_box"},{"id":"123","title":"Противотуманные фары","depends_on":null,"required":false,"options":null,"units":null,"type":"check_box"},{"id":"129","title":"Всесезонные шины","depends_on":null,"required":false,"options":null,"units":null,"type":"check_box"},{"id":"117","title":"Датчик дождя","depends_on":null,"required":false,"options":null,"units":null,"type":"check_box"},{"id":"1638","title":"Камера заднего вида","depends_on":null,"required":false,"options":null,"units":null,"type":"check_box"},{"id":"122","title":"Ксеноновые фары","depends_on":null,"required":false,"options":null,"units":null,"type":"check_box"},{"id":"1757","title":"Светодиодные фары","depends_on":null,"required":false,"options":null,"units":null,"type":"check_box"},{"id":"1758","title":"Лазерные фары","depends_on":null,"required":false,"options":null,"units":null,"type":"check_box"},{"id":"1766","title":"Фаркоп","depends_on":null,"required":false,"options":null,"units":null,"type":"check_box"},{"id":"2201","title":"Крепления для детских сидений (Isofix)","depends_on":null,"required":false,"options":null,"units":null,"type":"check_box"},{"id":"2200","title":"Крепление для якорного ремня (Top Tether)","depends_on":null,"required":false,"options":null,"units":null,"type":"check_box"}]},{"title":"Комфорт","features":[{"id":"130","title":"Кондиционер","depends_on":null,"required":false,"options":null,"units":null,"type":"check_box"},{"id":"131","title":"Климат-контроль","depends_on":null,"required":false,"options":null,"units":null,"type":"check_box"},{"id":"132","title":"Усилитель руля","depends_on":null,"required":false,"options":null,"units":null,"type":"check_box"},{"id":"133","title":"Регулируемая по высоте рулевая колонка","depends_on":null,"required":false,"options":null,"units":null,"type":"check_box"},{"id":"134","title":"Регулируемая по вылету рулевая колонка","depends_on":null,"required":false,"options":null,"units":null,"type":"check_box"},{"id":"135","title":"Люк","depends_on":null,"required":false,"options":null,"units":null,"type":"check_box"},{"id":"136","title":"Электростеклоподъемники","depends_on":null,"required":false,"options":null,"units":null,"type":"check_box"},{"id":"137","title":"Электрорегулировка боковых зеркал","depends_on":null,"required":false,"options":null,"units":null,"type":"check_box"},{"id":"138","title":"Электрорегулировка водительского сиденья","depends_on":null,"required":false,"options":null,"units":null,"type":"check_box"},{"id":"139","title":"Электрорегулировка пассажирского сиденья","depends_on":null,"required":false,"options":null,"units":null,"type":"check_box"},{"id":"140","title":"Подогрев передних сидений","depends_on":null,"required":false,"options":null,"units":null,"type":"check_box"},{"id":"141","title":"Подогрев боковых зеркал","depends_on":null,"required":false,"options":null,"units":null,"type":"check_box"},{"id":"142","title":"Центральный замок","depends_on":null,"required":false,"options":null,"units":null,"type":"check_box"},{"id":"143","title":"Круиз-контроль","depends_on":null,"required":false,"options":null,"units":null,"type":"check_box"},{"id":"144","title":"Аудиосистема, Bluetooth","depends_on":null,"required":false,"options":null,"units":null,"type":"check_box"},{"id":"145","title":"Кожаный салон","depends_on":null,"required":false,"options":null,"units":null,"type":"check_box"},{"id":"147","title":"Обивка салона ткань","depends_on":null,"required":false,"options":null,"units":null,"type":"check_box"},{"id":"148","title":"Бортовой компьютер","depends_on":null,"required":false,"options":null,"units":null,"type":"check_box"},{"id":"149","title":"Навигационная система, TV, DVD","depends_on":null,"required":false,"options":null,"units":null,"type":"check_box"},{"id":"150","title":"Тонированные стекла","depends_on":null,"required":false,"options":null,"units":null,"type":"check_box"}]},{"title":"Медиа","features":[{"id":"14","title":"Фото","depends_on":null,"required":true,"options":null,"units":null,"type":"upload_images"},{"id":"15","title":"Видео","depends_on":null,"required":false,"options":null,"units":null,"type":"upload_videos"}]},{"title":"Контакты","features":[{"id":"16","title":"Контакты","depends_on":null,"required":false,"options":null,"units":null,"type":"contacts"}]}]}
[2025-05-01 07:44:28] {"Options":[{"id":"8457","title":"100 NX"},{"id":"8458","title":"200 SX"},{"id":"581","title":"240 SX"},{"id":"649","title":"350Z"},{"id":"8460","title":"370Z"},{"id":"92","title":"Almera"},{"id":"114","title":"Almera Tino"},{"id":"457","title":"Altima"},{"id":"29858","title":"Ariya"},{"id":"800","title":"Armada"},{"id":"30","title":"Bluebird"},{"id":"669","title":"Cherry"},{"id":"8470","title":"Frontier"},{"id":"8472","title":"GT-R"},{"id":"8473","title":"Interstar"},{"id":"869","title":"Juke"},{"id":"23590","title":"Kicks"},{"id":"8475","title":"Kubistar"},{"id":"1684","title":"Laurel"},{"id":"8476","title":"Leaf"},{"id":"1736","title":"March"},{"id":"241","title":"Maxima"},{"id":"214","title":"Micra"},{"id":"115","title":"Murano"},{"id":"8479","title":"NV200"},{"id":"8478","title":"NV300"},{"id":"8480","title":"NV400"},{"id":"429","title":"Navara"},{"id":"684","title":"Note"},{"id":"321","title":"Pathfinder"},{"id":"323","title":"Patrol"},{"id":"1003","title":"Pixo"},{"id":"442","title":"Prairie"},{"id":"8482","title":"Presage"},{"id":"8483","title":"Primastar"},{"id":"29","title":"Primera"},{"id":"8484","title":"Pulsar"},{"id":"352","title":"Qashqai"},{"id":"8485","title":"Qashqai+2"},{"id":"8486","title":"Quest"},{"id":"8488","title":"Rogue"},{"id":"8490","title":"Sentra"},{"id":"680","title":"Serena"},{"id":"552","title":"Skyline"},{"id":"71","title":"Sunny"},{"id":"24755","title":"Sylphy"},{"id":"850","title":"Teana"},{"id":"428","title":"Terrano"},{"id":"80","title":"Tiida"},{"id":"8493","title":"Titan"},{"id":"8495","title":"Urvan"},{"id":"118","title":"Vanette"},{"id":"1693","title":"Versa"},{"id":"123","title":"X-Trail"},{"id":"8497","title":"Xterra"},{"id":"40164","title":"Z"},{"id":"17730","title":"Другое"}]}
[2025-05-01 07:44:28] {"Options":[{"id":"35397","title":"E11 (2005 - 2012)"},{"id":"35398","title":"E12 (2012 - 2020)"},{"id":"35399","title":"E13 (2020 - н. в)"}]}
[2025-05-01 07:44:28] {"phone_numbers":[{"phone_number":"37369977674","country_code":373,"national_number":"69977674","region":"Молдова"},{"phone_number":"37368500573","country_code":373,"national_number":"68500573","region":"Молдова"},{"phone_number":"37369533300","country_code":373,"national_number":"69533300","region":"Молдова"},{"phone_number":"37362166882","country_code":373,"national_number":"62166882","region":"Молдова"},{"phone_number":"37379500425","country_code":373,"national_number":"79500425","region":"Молдова"},{"phone_number":"37379500645","country_code":373,"national_number":"79500645","region":"Молдова"}]}
[2025-05-01 07:44:28] <html>
<head><title>429 Too Many Requests</title></head>
<body>
<center><h1>429 Too Many Requests</h1></center>
<hr><center>nginx</center>
</body>
</html>

[2025-05-01 07:44:28] <html>
<head><title>429 Too Many Requests</title></head>
<body>
<center><h1>429 Too Many Requests</h1></center>
<hr><center>nginx</center>
</body>
</html>

[2025-05-01 07:44:32] {"categories":[{"id":"658","title":"Транспорт","url":"transport"},{"id":"270","title":"Недвижимость","url":"real-estate"},{"id":"38","title":"Телефоны и гаджеты","url":"phone-and-communication"},{"id":"2","title":"Компьютеры и оргтехника","url":"computers-and-office-equipment"},{"id":"1237","title":"Строительство и ремонт","url":"construction-and-repair"},{"id":"1213","title":"Одежда, обувь и аксессуары","url":"clothes-and-shoes"},{"id":"1195","title":"Мебель и интерьер","url":"furniture-and-interior"},{"id":"44","title":"Аудио-Видео-Фото","url":"audio-video-photo"},{"id":"753","title":"Все остальное","url":"all-else"},{"id":"6146","title":"Работа","url":"work"},{"id":"6026","title":"Сельское хозяйство","url":"agriculture"},{"id":"6341","title":"Услуги","url":"services"},{"id":"226","title":"Питомцы и растения","url":"animals-and-plants"},{"id":"1155","title":"Спорт и здоровье","url":"sports-health-and-beauty"},{"id":"7522","title":"Красота и уход","url":"beauty-and-personal-care"},{"id":"693","title":"Туризм, отдых и развлечения","url":"tourism-leisure-and-entertainment"},{"id":"1182","title":"Бизнес","url":"business"},{"id":"269","title":"Музыкальные инструменты","url":"musical-instruments"},{"id":"45","title":"Бытовая техника","url":"household-appliances"},{"id":"1223","title":"Все для торжеств","url":"all-for-celebrations"},{"id":"1412","title":"Детский мир","url":"children-world"},{"id":"1170","title":"Все для дома и офиса","url":"all-for-home-and-office"},{"id":"1187","title":"Знакомства","url":"dating-and-greetings"}]}
[2025-05-01 07:44:32] {"subcategories":[{"id":"659","title":"Легковые автомобили","url":"transport/cars"},{"id":"660","title":"Автобусы и микроавтобусы","url":"transport/buses-and-minibuses"},{"id":"662","title":"Грузовые автомобили","url":"transport/trucks"},{"id":"663","title":"Мотоциклы и мототехника","url":"transport/motorcycles"},{"id":"664","title":"Велотранспорт","url":"transport/bicycles"},{"id":"6636","title":"Гироскутеры, электросамокаты","url":"transport/electric-scooters"},{"id":"669","title":"Спецтехника","url":"transport/special-equipment"},{"id":"667","title":"Прицепы","url":"transport/trailers"},{"id":"671","title":"Ретроавтомобили и автоэкспонаты","url":"transport/retro-cars"},{"id":"666","title":"Водный транспорт","url":"transport/snowmobiles-and-jet-ski"},{"id":"1411","title":"Воздушный транспорт","url":"transport/airplanes"},{"id":"678","title":"Диски и шины","url":"transport/wheels-and-tires"},{"id":"674","title":"Запчасти и разборка легковых автомобилей","url":"transport/spare-parts-for-cars"},{"id":"6054","title":"Мотоэкипировка","url":"transport/moto-equipment"},{"id":"675","title":"Запчасти для грузовых автомобилей","url":"transport/spare-parts-for-trucks"},{"id":"677","title":"Автозеркала, автостекла и автооптика","url":"transport/auto-glass-and-optics"},{"id":"1348","title":"Запчасти для мототехники","url":"transport/spare-parts-for-motorcycles"},{"id":"6024","title":"Велозапчасти и велоаксессуары","url":"transport/spare-parts-for-bicycles"},{"id":"6718","title":"Аккумуляторы","url":"transport/batteries"},{"id":"688","title":"Автомагнитолы и DVD","url":"transport/carcaraudio"},{"id":"685","title":"Автоакустика","url":"transport/acoustic"},{"id":"6592","title":"Видеорегистраторы","url":"transport/video-recorders"},{"id":"687","title":"GPS, навигация","url":"transport/dvd-tv-gps-tuner"},{"id":"689","title":"Комплектующие автозвука","url":"transport/supplies-of-car-audio"},{"id":"6593","title":"Радары, сигнализация","url":"transport/radars-alarms"},{"id":"6710","title":"Аксессуары для салона","url":"transport/interior-accessories"},{"id":"6711","title":"Коврики для авто","url":"transport/car-carpets"},{"id":"6705","title":"Краски автомобильные","url":"transport/car-paint"},{"id":"6713","title":"Тех помощь","url":"transport/technical-support"},{"id":"6712","title":"Аксессуары для кузова","url":"transport/car-body-accessories"},{"id":"6714","title":"Автобагажники","url":"transport/car-trunks"},{"id":"6715","title":"Подкрылки","url":"transport/wheel-arch-liners"},{"id":"6716","title":"Парковочные радары","url":"transport/parktronic"},{"id":"6717","title":"Автомобильные ключи","url":"transport/car-keys"},{"id":"6720","title":"Ключи","url":"transport/keys"},{"id":"6722","title":"Домкраты","url":"transport/car-jacks"},{"id":"6723","title":"Подъёмники","url":"transport/car-lifts"},{"id":"6721","title":"Съемники","url":"transport/pullers"},{"id":"6724","title":"Компрессоры автомобильные","url":"transport/automobile-compressors"},{"id":"6725","title":"Стенд развал-схождения","url":"transport/wheel-alignment-stand"},{"id":"6726","title":"Зарядные устройства для авто","url":"transport/chargers-for-cars"},{"id":"6727","title":"Мойки высокого давления","url":"transport/pressure-washers"},{"id":"6728","title":"Диагностическое оборудование","url":"transport/diagnostic-equipment"},{"id":"6729","title":"Шиномонтажное оборудование","url":"transport/tire-equipment"},{"id":"6730","title":"Гидравлическое и механическое оборудование","url":"transport/hydraulic-and-mechanical-equipment"},{"id":"6731","title":"Мебель для СТО","url":"transport/service-station-furniture"},{"id":"6732","title":"Инструмент для смазочных работ","url":"transport/lubrication-tool"},{"id":"6733","title":"Оборудование для кузовных работ","url":"transport/bodywork-equipment"},{"id":"6734","title":"Дополнительное оборудование для авто","url":"transport/additional-car-equipment"},{"id":"6689","title":"Гидравлические масла","url":"transport/hydraulic-oils"},{"id":"6688","title":"Трансмиссионные масла","url":"transport/gear-oils"},{"id":"6691","title":"Антифризы","url":"transport/antifreeze"},{"id":"6690","title":"Тормозные жидкости","url":"transport/brake-fluid"},{"id":"6693","title":"Смазки","url":"transport/automotive-lubricants"},{"id":"6687","title":"Моторные масла","url":"transport/motor-oil"},{"id":"6692","title":"Омывающие жидкости","url":"transport/washer-fluid"},{"id":"6696","title":"Присадки в масло","url":"transport/oil-additives"},{"id":"6695","title":"Присадки в топливо","url":"transport/fuel-additives"},{"id":"6697","title":"Присадки к трансмиссионным маслам","url":"transport/gear-oil-additives"},{"id":"6698","title":"Промывки и очистители","url":"transport/washes-and-cleaners"},{"id":"6699","title":"Корректоры и осушители топлива","url":"transport/fuel-additives-and-dispersants"},{"id":"1403","title":"Автосервис","url":"transport/car-2"},{"id":"1401","title":"Грузоперевозки","url":"transport/cargo"},{"id":"6647","title":"Авто на заказ","url":"transport/order-car"},{"id":"1358","title":"Пассажироперевозки","url":"transport/passenger"},{"id":"6663","title":"Мотосервис и велосервис","url":"transport/motoservice"},{"id":"1402","title":"Аренда транспорта","url":"transport/rent-a-car"},{"id":"6790","title":"Аксессуары для мойки автомобиля","url":"transport/car-wash-accessories"},{"id":"6702","title":"Автошампуни","url":"transport/car-shampoo"},{"id":"6704","title":"Очистители кузова","url":"transport/car-cleaner"},{"id":"6701","title":"Всё для полировки","url":"transport/polishes"},{"id":"6703","title":"Защитные составы для кузова","url":"transport/anti-corrosion-coatings"},{"id":"6706","title":"Автокосметика для салона","url":"transport/interior-cleaning"},{"id":"6707","title":"Автокосметика для колес","url":"transport/rim-protection"},{"id":"6708","title":"Автокосметика для стекол и оптики","url":"transport/autocosmetics-for-glasses-and-optics"},{"id":"1339","title":"Разное","url":"transport/miscellaneous"}]}
[2025-05-01 07:44:32] {"offer_types":[{"id":"776","title":"Продам"},{"id":"777","title":"Куплю"},{"id":"23844","title":"Авто на заказ"},{"id":"778","title":"Меняю"}]}
[2025-05-01 07:44:32] {"features_groups":[{"title":"Общее","features":[{"id":"20","title":"Марка","depends_on":null,"required":true,"options":[{"id":"139","title":"Ford"},{"id":"149","title":"Honda"},{"id":"111","title":"Hyundai"},{"id":"130","title":"KIA"},{"id":"22","title":"Mercedes"},{"id":"28","title":"Nissan"},{"id":"143","title":"Skoda"},{"id":"47","title":"Toyota"},{"id":"193","title":"Volvo"},{"id":"20","title":"Volkswagen"},{"id":"22223","title":"ARO"},{"id":"23516","title":"Abarth"},{"id":"392","title":"Acura"},{"id":"38968","title":"Aito"},{"id":"24787","title":"Aiways"},{"id":"295","title":"Alfa Romeo"},{"id":"24790","title":"ArcFox"},{"id":"22887","title":"Aston Martin"},{"id":"57","title":"Audi"},{"id":"36217","title":"Avatr"},{"id":"23696","title":"BAIC"},{"id":"43030","title":"BAW"},{"id":"34","title":"BMW"},{"id":"288","title":"Bentley"},{"id":"748","title":"Brilliance"},{"id":"20947","title":"Buick"},{"id":"487","title":"Byd"},{"id":"439","title":"Cadillac"},{"id":"23654","title":"Changan"},{"id":"119","title":"Chery"},{"id":"167","title":"Chevrolet"},{"id":"101","title":"Chrysler"},{"id":"32","title":"Citroen"},{"id":"24455","title":"Cupra"},{"id":"24352","title":"DS Automobiles"},{"id":"375","title":"Dacia"},{"id":"99","title":"Daewoo"},{"id":"132","title":"Daihatsu"},{"id":"20359","title":"Datsun"},{"id":"31863","title":"Denza"},{"id":"89","title":"Dodge"},{"id":"24796","title":"Dongfeng"},{"id":"38687","title":"Exeed"},{"id":"504","title":"FAW"},{"id":"22889","title":"Ferrari"},{"id":"41","title":"Fiat"},{"id":"24719","title":"GAC"},{"id":"616","title":"GMC"},{"id":"587","title":"Geely"},{"id":"24520","title":"Genesis"},{"id":"202","title":"Great Wall"},{"id":"22890","title":"Hafei"},{"id":"521","title":"Haima"},{"id":"23260","title":"Haval"},{"id":"36703","title":"HiPhi"},{"id":"39680","title":"Hongqi"},{"id":"24782","title":"Hozon"},{"id":"37326","title":"Hozon"},{"id":"247","title":"Hummer"},{"id":"32708","title":"IM Motors"},{"id":"419","title":"Infiniti"},{"id":"22891","title":"Iran Khodro"},{"id":"14","title":"Isuzu"},{"id":"1049","title":"Iveco"},{"id":"1667","title":"JMC"},{"id":"662","title":"Jac"},{"id":"369","title":"Jaguar"},{"id":"186","title":"Jeep"},{"id":"28752","title":"Jetour"},{"id":"37820","title":"Jetta"},{"id":"39760","title":"LEVC"},{"id":"24420","title":"Lada"},{"id":"85","title":"Lada / ВАЗ"},{"id":"12462","title":"Lamborghini"},{"id":"210","title":"Lancia"},{"id":"291","title":"Land Rover"},{"id":"24738","title":"Leapmotor"},{"id":"136","title":"Lexus"},{"id":"34753","title":"LiXiang"},{"id":"414","title":"Lifan"},{"id":"305","title":"Lincoln"},{"id":"25004","title":"Linktour"},{"id":"1743","title":"Lotus"},{"id":"40826","title":"Lucid"},{"id":"39770","title":"Luxeed"},{"id":"28447","title":"Lynk \u0026 Co"},{"id":"33046","title":"MG"},{"id":"1704","title":"Maserati"},{"id":"45","title":"Mazda"},{"id":"23296","title":"McLaren"},{"id":"22892","title":"Mercedes-Maybach"},{"id":"22893","title":"Mercury"},{"id":"577","title":"Mini"},{"id":"36","title":"Mitsubishi"},{"id":"34747","title":"NIO"},{"id":"1","title":"Opel"},{"id":"24773","title":"Oshan"},{"id":"76","title":"Peugeot"},{"id":"1125","title":"Piaggio"},{"id":"39267","title":"Polestar"},{"id":"284","title":"Pontiac"},{"id":"282","title":"Porsche"},{"id":"23870","title":"Ravon"},{"id":"8","title":"Renault"},{"id":"27737","title":"Renault Samsung"},{"id":"42104","title":"Riddara"},{"id":"39472","title":"Rivian"},{"id":"24729","title":"Roewe"},{"id":"266","title":"Rolls-Royce"},{"id":"62","title":"Rover"},{"id":"344","title":"Saab"},{"id":"22895","title":"Saturn"},{"id":"22352","title":"Scion"},{"id":"200","title":"Seat"},{"id":"24732","title":"Skywell"},{"id":"263","title":"Smart"},{"id":"397","title":"Ssangyong"},{"id":"121","title":"Subaru"},{"id":"43","title":"Suzuki"},{"id":"34794","title":"Tank"},{"id":"883","title":"Tata"},{"id":"1662","title":"Tatra"},{"id":"17483","title":"Tesla"},{"id":"35821","title":"Venucia"},{"id":"36707","title":"Voyah"},{"id":"23709","title":"Weltmeister"},{"id":"31867","title":"Wuling"},{"id":"37323","title":"Xiaomi"},{"id":"23680","title":"Xpeng"},{"id":"24793","title":"Zeekr"},{"id":"23261","title":"Zotye"},{"id":"219","title":"ГАЗ"},{"id":"154","title":"Другая марка"},{"id":"249","title":"ЗАЗ"},{"id":"21019","title":"ЛуАЗ"},{"id":"59","title":"Москвич / Иж"},{"id":"410","title":"УАЗ"}],"units":null,"type":"drop_down_options"},{"id":"21","title":"Модель","depends_on":"20","required":true,"options":null,"units":null,"type":"drop_down_options"},{"id":"2095","title":"Поколение","depends_on":"21","required":true,"options":null,"units":null,"type":"drop_down_options"},{"id":"775","title":"Регистрация","depends_on":null,"required":true,"options":[{"id":"18592","title":"Республика Молдова"},{"id":"18593","title":"Приднестровье"},{"id":"20473","title":"Растаможен"},{"id":"20474","title":"Не растаможен"},{"id":"18594","title":"Другое"}],"units":null,"type":"drop_down_options"},{"id":"593","title":"Состояние","depends_on":null,"required":true,"options":[{"id":"18672","title":"Новый"},{"id":"18668","title":"С пробегом"},{"id":"23242","title":"Требует ремонта"}],"units":null,"type":"drop_down_options"},{"id":"1761","title":"Наличие","depends_on":null,"required":true,"options":[{"id":"29670","title":"На месте"},{"id":"29671","title":"В пути"},{"id":"29672","title":"Под заказ"}],"units":null,"type":"drop_down_options"},{"id":"1763","title":"Происхождение автомобиля","depends_on":null,"required":true,"options":[{"id":"29677","title":"Еврозона"},{"id":"29678","title":"США"},{"id":"33042","title":"Китай"},{"id":"33043","title":"Корея"},{"id":"42430","title":"Япония"},{"id":"33044","title":"Другое"}],"units":null,"type":"drop_down_options"},{"id":"13","title":"body","depends_on":null,"required":false,"options":null,"units":null,"type":"textarea_text"},{"id":"1404","title":"Теги","depends_on":null,"required":false,"options":null,"units":null,"type":"textbox_text"}]},{"title":"Цена и регион","features":[{"id":"7","title":"Регион","depends_on":null,"required":true,"options":[{"id":"12912","title":"Бельцы мун."},{"id":"12882","title":"Бендеры мун."},{"id":"12901","title":"Бессарабка"},{"id":"12898","title":"Бричаны"},{"id":"12878","title":"Вулканешты"},{"id":"12904","title":"Глодяны"},{"id":"12873","title":"Григориополь"},{"id":"17475","title":"Днестровск"},{"id":"12896","title":"Дондюшаны"},{"id":"12893","title":"Дрокия"},{"id":"12879","title":"Дубоссары"},{"id":"12895","title":"Единцы"},{"id":"12908","title":"Кагул"},{"id":"12907","title":"Калараш"},{"id":"12874","title":"Каменка"},{"id":"12890","title":"Кантемир"},{"id":"12903","title":"Каушаны"},{"id":"12900","title":"Кишинёв мун."},{"id":"12875","title":"Комрат"},{"id":"12888","title":"Криуляны"},{"id":"12881","title":"Леова"},{"id":"12877","title":"Ниспорены"},{"id":"12905","title":"Новые Анены"},{"id":"12902","title":"Окница"},{"id":"12909","title":"Оргеев"},{"id":"12891","title":"Резина"},{"id":"12883","title":"Рыбница"},{"id":"12897","title":"Рышканы"},{"id":"12884","title":"Слободзея"},{"id":"12899","title":"Сороки"},{"id":"12910","title":"Страшены"},{"id":"12906","title":"Сынжерей"},{"id":"12894","title":"Тараклия"},{"id":"12892","title":"Теленешты"},{"id":"12885","title":"Тирасполь мун."},{"id":"12870","title":"Унгены"},{"id":"12887","title":"Фалешты"},{"id":"12911","title":"Флорешты"},{"id":"12876","title":"Хынчешты"},{"id":"12871","title":"Чадыр-Лунга"},{"id":"12889","title":"Чимишлия"},{"id":"12880","title":"Шолданешты"},{"id":"12872","title":"Штефан-Водэ"},{"id":"12886","title":"Яловены"}],"units":null,"type":"drop_down_options"},{"id":"2","title":"Цена","depends_on":null,"required":true,"options":null,"units":["eur","usd","mdl"],"type":"textbox_numeric_measurement"}]},{"title":"Свойства","features":[{"id":"795","title":"Автор объявления","depends_on":null,"required":true,"options":[{"id":"23241","title":"Автодилер"}],"units":null,"type":"drop_down_options"},{"id":"19","title":"Год выпуска","depends_on":null,"required":true,"options":null,"units":null,"type":"textbox_numeric"},{"id":"1196","title":"Руль","depends_on":null,"required":true,"options":[{"id":"21979","title":"Левый"},{"id":"21978","title":"Правый"}],"units":null,"type":"drop_down_options"},{"id":"846","title":"Количество мест","depends_on":null,"required":true,"options":[{"id":"19117","title":"2"},{"id":"19123","title":"3"},{"id":"19007","title":"3-4"},{"id":"19118","title":"4"},{"id":"19119","title":"5"},{"id":"19121","title":"6"},{"id":"19120","title":"7"},{"id":"19122","title":"8"},{"id":"24583","title":"9"}],"units":null,"type":"drop_down_options"},{"id":"102","title":"Тип кузова","depends_on":null,"required":true,"options":[{"id":"18","title":"Внедорожник"},{"id":"156","title":"Кабриолет"},{"id":"68","title":"Комби"},{"id":"74","title":"Кроссовер"},{"id":"96","title":"Купе"},{"id":"53","title":"Микровэн"},{"id":"49","title":"Минивэн"},{"id":"61","title":"Пикап"},{"id":"265","title":"Родстер"},{"id":"6","title":"Седан"},{"id":"27","title":"Универсал"},{"id":"97","title":"Фургон"},{"id":"11","title":"Хетчбэк"}],"units":null,"type":"drop_down_options"},{"id":"851","title":"Количество дверей","depends_on":null,"required":false,"options":[{"id":"19083","title":"2"},{"id":"19084","title":"3"},{"id":"19085","title":"4"},{"id":"19086","title":"5"}],"units":null,"type":"drop_down_options"},{"id":"104","title":"Пробег","depends_on":null,"required":true,"options":null,"units":["km","mi"],"type":"textbox_numeric_measurement"},{"id":"103","title":"Объём двигателя","depends_on":null,"required":true,"options":null,"units":["cm3"],"type":"textbox_numeric_measurement"},{"id":"107","title":"Мощность (л.с.)","depends_on":null,"required":false,"options":null,"units":["hp"],"type":"textbox_numeric_measurement"},{"id":"151","title":"Тип топлива","depends_on":null,"required":true,"options":[{"id":"10","title":"Бензин"},{"id":"24","title":"Дизель"},{"id":"3","title":"Газ / Бензин (пропан)"},{"id":"159","title":"Газ / Бензин (метан)"},{"id":"161","title":"Гибрид"},{"id":"22987","title":"Плагин-гибрид"},{"id":"12617","title":"Электричество"},{"id":"21311","title":"Газ"}],"units":null,"type":"drop_down_options"},{"id":"101","title":"КПП","depends_on":null,"required":true,"options":[{"id":"1051","title":"Вариатор"},{"id":"1054","title":"Роботизированная"},{"id":"16","title":"Автоматическая"},{"id":"4","title":"Механическая"}],"units":null,"type":"drop_down_options"},{"id":"108","title":"Привод","depends_on":null,"required":true,"options":[{"id":"25","title":"Задний"},{"id":"5","title":"Передний"},{"id":"17","title":"4х4"}],"units":null,"type":"drop_down_options"},{"id":"17","title":"Цвет","depends_on":null,"required":false,"options":[{"id":"87","title":"Бежевый"},{"id":"19","title":"Белый"},{"id":"65","title":"Бордовый"},{"id":"31","title":"Голубой"},{"id":"179","title":"Желтый"},{"id":"13","title":"Зелёный"},{"id":"72","title":"Золотой"},{"id":"208","title":"Коричневый"},{"id":"38","title":"Красный"},{"id":"309","title":"Малины"},{"id":"334","title":"Оранжевый"},{"id":"554","title":"Розовый"},{"id":"176","title":"Салатовый"},{"id":"56","title":"Серебряный"},{"id":"50","title":"Серый"},{"id":"40","title":"Синий"},{"id":"12","title":"Тёмно-зелёный"},{"id":"93","title":"Фиолетовый"},{"id":"79","title":"Хамелеон"},{"id":"7","title":"Черный"}],"units":null,"type":"drop_down_options"}]},{"title":"Безопасность","features":[{"id":"109","title":"Антиблокировочная тормозная система (ABS)","depends_on":null,"required":false,"options":null,"units":null,"type":"check_box"},{"id":"115","title":"Шторки безопасности","depends_on":null,"required":false,"options":null,"units":null,"type":"check_box"},{"id":"110","title":"Антипробуксовочная система (TCS, ASR, TRC)","depends_on":null,"required":false,"options":null,"units":null,"type":"check_box"},{"id":"114","title":"Боковые подушки безопасности","depends_on":null,"required":false,"options":null,"units":null,"type":"check_box"},{"id":"116","title":"Датчик парковки","depends_on":null,"required":false,"options":null,"units":null,"type":"check_box"},{"id":"1639","title":"Система кругового обзора","depends_on":null,"required":false,"options":null,"units":null,"type":"check_box"},{"id":"113","title":"Подушка безопасности пассажира","depends_on":null,"required":false,"options":null,"units":null,"type":"check_box"},{"id":"111","title":"Система стабилизации (ESP, DSC, VDC, ESC)","depends_on":null,"required":false,"options":null,"units":null,"type":"check_box"},{"id":"112","title":"Подушка безопасности водителя","depends_on":null,"required":false,"options":null,"units":null,"type":"check_box"},{"id":"119","title":"Омыватель фар","depends_on":null,"required":false,"options":null,"units":null,"type":"check_box"},{"id":"118","title":"Датчик света","depends_on":null,"required":false,"options":null,"units":null,"type":"check_box"},{"id":"120","title":"Противоугонное устройство","depends_on":null,"required":false,"options":null,"units":null,"type":"check_box"},{"id":"127","title":"Летние шины","depends_on":null,"required":false,"options":null,"units":null,"type":"check_box"},{"id":"126","title":"Легкосплавные колесные диски","depends_on":null,"required":false,"options":null,"units":null,"type":"check_box"},{"id":"121","title":"Противоугонная сигнализация","depends_on":null,"required":false,"options":null,"units":null,"type":"check_box"},{"id":"124","title":"Многофункциональный руль","depends_on":null,"required":false,"options":null,"units":null,"type":"check_box"},{"id":"125","title":"Стальные колесные диски","depends_on":null,"required":false,"options":null,"units":null,"type":"check_box"},{"id":"128","title":"Зимние шины","depends_on":null,"required":false,"options":null,"units":null,"type":"check_box"},{"id":"123","title":"Противотуманные фары","depends_on":null,"required":false,"options":null,"units":null,"type":"check_box"},{"id":"129","title":"Всесезонные шины","depends_on":null,"required":false,"options":null,"units":null,"type":"check_box"},{"id":"117","title":"Датчик дождя","depends_on":null,"required":false,"options":null,"units":null,"type":"check_box"},{"id":"1638","title":"Камера заднего вида","depends_on":null,"required":false,"options":null,"units":null,"type":"check_box"},{"id":"122","title":"Ксеноновые фары","depends_on":null,"required":false,"options":null,"units":null,"type":"check_box"},{"id":"1757","title":"Светодиодные фары","depends_on":null,"required":false,"options":null,"units":null,"type":"check_box"},{"id":"1758","title":"Лазерные фары","depends_on":null,"required":false,"options":null,"units":null,"type":"check_box"},{"id":"1766","title":"Фаркоп","depends_on":null,"required":false,"options":null,"units":null,"type":"check_box"},{"id":"2201","title":"Крепления для детских сидений (Isofix)","depends_on":null,"required":false,"options":null,"units":null,"type":"check_box"},{"id":"2200","title":"Крепление для якорного ремня (Top Tether)","depends_on":null,"required":false,"options":null,"units":null,"type":"check_box"}]},{"title":"Комфорт","features":[{"id":"130","title":"Кондиционер","depends_on":null,"required":false,"options":null,"units":null,"type":"check_box"},{"id":"131","title":"Климат-контроль","depends_on":null,"required":false,"options":null,"units":null,"type":"check_box"},{"id":"132","title":"Усилитель руля","depends_on":null,"required":false,"options":null,"units":null,"type":"check_box"},{"id":"133","title":"Регулируемая по высоте рулевая колонка","depends_on":null,"required":false,"options":null,"units":null,"type":"check_box"},{"id":"134","title":"Регулируемая по вылету рулевая колонка","depends_on":null,"required":false,"options":null,"units":null,"type":"check_box"},{"id":"135","title":"Люк","depends_on":null,"required":false,"options":null,"units":null,"type":"check_box"},{"id":"136","title":"Электростеклоподъемники","depends_on":null,"required":false,"options":null,"units":null,"type":"check_box"},{"id":"137","title":"Электрорегулировка боковых зеркал","depends_on":null,"required":false,"options":null,"units":null,"type":"check_box"},{"id":"138","title":"Электрорегулировка водительского сиденья","depends_on":null,"required":false,"options":null,"units":null,"type":"check_box"},{"id":"139","title":"Электрорегулировка пассажирского сиденья","depends_on":null,"required":false,"options":null,"units":null,"type":"check_box"},{"id":"140","title":"Подогрев передних сидений","depends_on":null,"required":false,"options":null,"units":null,"type":"check_box"},{"id":"141","title":"Подогрев боковых зеркал","depends_on":null,"required":false,"options":null,"units":null,"type":"check_box"},{"id":"142","title":"Центральный замок","depends_on":null,"required":false,"options":null,"units":null,"type":"check_box"},{"id":"143","title":"Круиз-контроль","depends_on":null,"required":false,"options":null,"units":null,"type":"check_box"},{"id":"144","title":"Аудиосистема, Bluetooth","depends_on":null,"required":false,"options":null,"units":null,"type":"check_box"},{"id":"145","title":"Кожаный салон","depends_on":null,"required":false,"options":null,"units":null,"type":"check_box"},{"id":"147","title":"Обивка салона ткань","depends_on":null,"required":false,"options":null,"units":null,"type":"check_box"},{"id":"148","title":"Бортовой компьютер","depends_on":null,"required":false,"options":null,"units":null,"type":"check_box"},{"id":"149","title":"Навигационная система, TV, DVD","depends_on":null,"required":false,"options":null,"units":null,"type":"check_box"},{"id":"150","title":"Тонированные стекла","depends_on":null,"required":false,"options":null,"units":null,"type":"check_box"}]},{"title":"Медиа","features":[{"id":"14","title":"Фото","depends_on":null,"required":true,"options":null,"units":null,"type":"upload_images"},{"id":"15","title":"Видео","depends_on":null,"required":false,"options":null,"units":null,"type":"upload_videos"}]},{"title":"Контакты","features":[{"id":"16","title":"Контакты","depends_on":null,"required":false,"options":null,"units":null,"type":"contacts"}]}]}
[2025-05-01 07:44:32] {"Options":[{"id":"8457","title":"100 NX"},{"id":"8458","title":"200 SX"},{"id":"581","title":"240 SX"},{"id":"649","title":"350Z"},{"id":"8460","title":"370Z"},{"id":"92","title":"Almera"},{"id":"114","title":"Almera Tino"},{"id":"457","title":"Altima"},{"id":"29858","title":"Ariya"},{"id":"800","title":"Armada"},{"id":"30","title":"Bluebird"},{"id":"669","title":"Cherry"},{"id":"8470","title":"Frontier"},{"id":"8472","title":"GT-R"},{"id":"8473","title":"Interstar"},{"id":"869","title":"Juke"},{"id":"23590","title":"Kicks"},{"id":"8475","title":"Kubistar"},{"id":"1684","title":"Laurel"},{"id":"8476","title":"Leaf"},{"id":"1736","title":"March"},{"id":"241","title":"Maxima"},{"id":"214","title":"Micra"},{"id":"115","title":"Murano"},{"id":"8479","title":"NV200"},{"id":"8478","title":"NV300"},{"id":"8480","title":"NV400"},{"id":"429","title":"Navara"},{"id":"684","title":"Note"},{"id":"321","title":"Pathfinder"},{"id":"323","title":"Patrol"},{"id":"1003","title":"Pixo"},{"id":"442","title":"Prairie"},{"id":"8482","title":"Presage"},{"id":"8483","title":"Primastar"},{"id":"29","title":"Primera"},{"id":"8484","title":"Pulsar"},{"id":"352","title":"Qashqai"},{"id":"8485","title":"Qashqai+2"},{"id":"8486","title":"Quest"},{"id":"8488","title":"Rogue"},{"id":"8490","title":"Sentra"},{"id":"680","title":"Serena"},{"id":"552","title":"Skyline"},{"id":"71","title":"Sunny"},{"id":"24755","title":"Sylphy"},{"id":"850","title":"Teana"},{"id":"428","title":"Terrano"},{"id":"80","title":"Tiida"},{"id":"8493","title":"Titan"},{"id":"8495","title":"Urvan"},{"id":"118","title":"Vanette"},{"id":"1693","title":"Versa"},{"id":"123","title":"X-Trail"},{"id":"8497","title":"Xterra"},{"id":"40164","title":"Z"},{"id":"17730","title":"Другое"}]}
[2025-05-01 07:44:32] {"Options":[{"id":"35397","title":"E11 (2005 - 2012)"},{"id":"35398","title":"E12 (2012 - 2020)"},{"id":"35399","title":"E13 (2020 - н. в)"}]}
[2025-05-01 07:44:32] {"ad_id":"89599696","ad":{"id":"89599696","title":"Nissan Note","offer_type":776,"price":{"id":2,"value":6899,"unit":"eur"},"state":"public","categories":{"category":{"id":"658","title":"Transport","url":"transport"},"subcategory":{"id":"659","title":"Autoturisme","url":"transport/cars"}},"type":"standard","views_counter":370,"autorepublisher":{"enabled":false,"schedule":null},"posted":"2025-01-13T21:02:12+02:00","republished":"2025-01-21T11:55:02+02:00","expire":"2025-02-19T20:55:08+02:00","block_reasons":null,"location":{"location_region":"Chișinău mun.","location_location":"","location_sector":"","location_street":"","location_building":""},"images":{"id":14,"value":["adb0b872112c86a5a46743a11293c5c3.jpg","6eff3445056cc30dda234571a9eda8ae.jpg","acb69bdf554bc011a23dec4bc118658e.jpg","55b9df3544a8bf452e0fb4edb829a46b.jpg","03e6be419515f955f58f2517013305b9.jpg","e0a2a973d4affbe31aecd1f97c974163.jpg","b973da1b077ef5580ab3ac28e097602d.jpg","5c6a8e15ceb1e9851715fa695eac1dd2.jpg","71c6a69a1daac24f13e304d320a5fa21.jpg","15e7ce2f861eb6654fab114e055040b9.jpg","dfdf5e42c6077aa84099a57905ba0714.jpg","f7f723ff76a3df2c8b348a707bc3ca56.jpg","24bb09bc08a0faaf694e260e5bc676ec.jpg","9c4821e0a96ce03cc202859be472f7c9.jpg"],"unit":null},"videos":{"id":15,"value":[{"thumbnail_url":"https://i1.ytimg.com/vi/_sbHQnaZ9kk/mqdefault.jpg","video_url":"https://www.youtube.com/watch?v=_sbHQnaZ9kk"},{"thumbnail_url":"https://i1.ytimg.com/vi/O9CdDeJ9vXs/mqdefault.jpg","video_url":"https://www.youtube.com/watch?v=O9CdDeJ9vXs"},{"thumbnail_url":"https://i1.ytimg.com/vi/LDzcvhjTf0w/mqdefault.jpg","video_url":"https://www.youtube.com/watch?v=LDzcvhjTf0w"}],"unit":null},"contacts":{"id":16,"value":{"without_number":false,"phone_numbers":["37379500425"]},"unit":null},"delivery":null},"min_daily_limit":10,"daily_limit":10,"days_left":-99,"date_end":"2025-01-21T09:51:07+00:00","state":"","period":7,"republish":false,"click_price":100,"total_clicks":0,"budget":{"overall":0,"daily_limit":10,"spent_today":0},"is_deprecated":false,"errors_list":[],"errors":[],"keywords":[],"categories":[],"current_page":""}
[2025-05-01 07:44:32] <html>
<head><title>429 Too Many Requests</title></head>
<body>
<center><h1>429 Too Many Requests</h1></center>
<hr><center>nginx</center>
</body>
</html>

[2025-05-01 07:44:55] {"categories":[{"id":"658","title":"Транспорт","url":"transport"},{"id":"270","title":"Недвижимость","url":"real-estate"},{"id":"38","title":"Телефоны и гаджеты","url":"phone-and-communication"},{"id":"2","title":"Компьютеры и оргтехника","url":"computers-and-office-equipment"},{"id":"1237","title":"Строительство и ремонт","url":"construction-and-repair"},{"id":"1213","title":"Одежда, обувь и аксессуары","url":"clothes-and-shoes"},{"id":"1195","title":"Мебель и интерьер","url":"furniture-and-interior"},{"id":"44","title":"Аудио-Видео-Фото","url":"audio-video-photo"},{"id":"753","title":"Все остальное","url":"all-else"},{"id":"6146","title":"Работа","url":"work"},{"id":"6026","title":"Сельское хозяйство","url":"agriculture"},{"id":"6341","title":"Услуги","url":"services"},{"id":"226","title":"Питомцы и растения","url":"animals-and-plants"},{"id":"1155","title":"Спорт и здоровье","url":"sports-health-and-beauty"},{"id":"7522","title":"Красота и уход","url":"beauty-and-personal-care"},{"id":"693","title":"Туризм, отдых и развлечения","url":"tourism-leisure-and-entertainment"},{"id":"1182","title":"Бизнес","url":"business"},{"id":"269","title":"Музыкальные инструменты","url":"musical-instruments"},{"id":"45","title":"Бытовая техника","url":"household-appliances"},{"id":"1223","title":"Все для торжеств","url":"all-for-celebrations"},{"id":"1412","title":"Детский мир","url":"children-world"},{"id":"1170","title":"Все для дома и офиса","url":"all-for-home-and-office"},{"id":"1187","title":"Знакомства","url":"dating-and-greetings"}]}
[2025-05-01 07:44:55] {"subcategories":[{"id":"659","title":"Легковые автомобили","url":"transport/cars"},{"id":"660","title":"Автобусы и микроавтобусы","url":"transport/buses-and-minibuses"},{"id":"662","title":"Грузовые автомобили","url":"transport/trucks"},{"id":"663","title":"Мотоциклы и мототехника","url":"transport/motorcycles"},{"id":"664","title":"Велотранспорт","url":"transport/bicycles"},{"id":"6636","title":"Гироскутеры, электросамокаты","url":"transport/electric-scooters"},{"id":"669","title":"Спецтехника","url":"transport/special-equipment"},{"id":"667","title":"Прицепы","url":"transport/trailers"},{"id":"671","title":"Ретроавтомобили и автоэкспонаты","url":"transport/retro-cars"},{"id":"666","title":"Водный транспорт","url":"transport/snowmobiles-and-jet-ski"},{"id":"1411","title":"Воздушный транспорт","url":"transport/airplanes"},{"id":"678","title":"Диски и шины","url":"transport/wheels-and-tires"},{"id":"674","title":"Запчасти и разборка легковых автомобилей","url":"transport/spare-parts-for-cars"},{"id":"6054","title":"Мотоэкипировка","url":"transport/moto-equipment"},{"id":"675","title":"Запчасти для грузовых автомобилей","url":"transport/spare-parts-for-trucks"},{"id":"677","title":"Автозеркала, автостекла и автооптика","url":"transport/auto-glass-and-optics"},{"id":"1348","title":"Запчасти для мототехники","url":"transport/spare-parts-for-motorcycles"},{"id":"6024","title":"Велозапчасти и велоаксессуары","url":"transport/spare-parts-for-bicycles"},{"id":"6718","title":"Аккумуляторы","url":"transport/batteries"},{"id":"688","title":"Автомагнитолы и DVD","url":"transport/carcaraudio"},{"id":"685","title":"Автоакустика","url":"transport/acoustic"},{"id":"6592","title":"Видеорегистраторы","url":"transport/video-recorders"},{"id":"687","title":"GPS, навигация","url":"transport/dvd-tv-gps-tuner"},{"id":"689","title":"Комплектующие автозвука","url":"transport/supplies-of-car-audio"},{"id":"6593","title":"Радары, сигнализация","url":"transport/radars-alarms"},{"id":"6710","title":"Аксессуары для салона","url":"transport/interior-accessories"},{"id":"6711","title":"Коврики для авто","url":"transport/car-carpets"},{"id":"6705","title":"Краски автомобильные","url":"transport/car-paint"},{"id":"6713","title":"Тех помощь","url":"transport/technical-support"},{"id":"6712","title":"Аксессуары для кузова","url":"transport/car-body-accessories"},{"id":"6714","title":"Автобагажники","url":"transport/car-trunks"},{"id":"6715","title":"Подкрылки","url":"transport/wheel-arch-liners"},{"id":"6716","title":"Парковочные радары","url":"transport/parktronic"},{"id":"6717","title":"Автомобильные ключи","url":"transport/car-keys"},{"id":"6720","title":"Ключи","url":"transport/keys"},{"id":"6722","title":"Домкраты","url":"transport/car-jacks"},{"id":"6723","title":"Подъёмники","url":"transport/car-lifts"},{"id":"6721","title":"Съемники","url":"transport/pullers"},{"id":"6724","title":"Компрессоры автомобильные","url":"transport/automobile-compressors"},{"id":"6725","title":"Стенд развал-схождения","url":"transport/wheel-alignment-stand"},{"id":"6726","title":"Зарядные устройства для авто","url":"transport/chargers-for-cars"},{"id":"6727","title":"Мойки высокого давления","url":"transport/pressure-washers"},{"id":"6728","title":"Диагностическое оборудование","url":"transport/diagnostic-equipment"},{"id":"6729","title":"Шиномонтажное оборудование","url":"transport/tire-equipment"},{"id":"6730","title":"Гидравлическое и механическое оборудование","url":"transport/hydraulic-and-mechanical-equipment"},{"id":"6731","title":"Мебель для СТО","url":"transport/service-station-furniture"},{"id":"6732","title":"Инструмент для смазочных работ","url":"transport/lubrication-tool"},{"id":"6733","title":"Оборудование для кузовных работ","url":"transport/bodywork-equipment"},{"id":"6734","title":"Дополнительное оборудование для авто","url":"transport/additional-car-equipment"},{"id":"6689","title":"Гидравлические масла","url":"transport/hydraulic-oils"},{"id":"6688","title":"Трансмиссионные масла","url":"transport/gear-oils"},{"id":"6691","title":"Антифризы","url":"transport/antifreeze"},{"id":"6690","title":"Тормозные жидкости","url":"transport/brake-fluid"},{"id":"6693","title":"Смазки","url":"transport/automotive-lubricants"},{"id":"6687","title":"Моторные масла","url":"transport/motor-oil"},{"id":"6692","title":"Омывающие жидкости","url":"transport/washer-fluid"},{"id":"6696","title":"Присадки в масло","url":"transport/oil-additives"},{"id":"6695","title":"Присадки в топливо","url":"transport/fuel-additives"},{"id":"6697","title":"Присадки к трансмиссионным маслам","url":"transport/gear-oil-additives"},{"id":"6698","title":"Промывки и очистители","url":"transport/washes-and-cleaners"},{"id":"6699","title":"Корректоры и осушители топлива","url":"transport/fuel-additives-and-dispersants"},{"id":"1403","title":"Автосервис","url":"transport/car-2"},{"id":"1401","title":"Грузоперевозки","url":"transport/cargo"},{"id":"6647","title":"Авто на заказ","url":"transport/order-car"},{"id":"1358","title":"Пассажироперевозки","url":"transport/passenger"},{"id":"6663","title":"Мотосервис и велосервис","url":"transport/motoservice"},{"id":"1402","title":"Аренда транспорта","url":"transport/rent-a-car"},{"id":"6790","title":"Аксессуары для мойки автомобиля","url":"transport/car-wash-accessories"},{"id":"6702","title":"Автошампуни","url":"transport/car-shampoo"},{"id":"6704","title":"Очистители кузова","url":"transport/car-cleaner"},{"id":"6701","title":"Всё для полировки","url":"transport/polishes"},{"id":"6703","title":"Защитные составы для кузова","url":"transport/anti-corrosion-coatings"},{"id":"6706","title":"Автокосметика для салона","url":"transport/interior-cleaning"},{"id":"6707","title":"Автокосметика для колес","url":"transport/rim-protection"},{"id":"6708","title":"Автокосметика для стекол и оптики","url":"transport/autocosmetics-for-glasses-and-optics"},{"id":"1339","title":"Разное","url":"transport/miscellaneous"}]}
[2025-05-01 07:44:55] {"offer_types":[{"id":"776","title":"Продам"},{"id":"777","title":"Куплю"},{"id":"23844","title":"Авто на заказ"},{"id":"778","title":"Меняю"}]}
[2025-05-01 07:44:55] {"features_groups":[{"title":"Общее","features":[{"id":"20","title":"Марка","depends_on":null,"required":true,"options":[{"id":"139","title":"Ford"},{"id":"149","title":"Honda"},{"id":"111","title":"Hyundai"},{"id":"130","title":"KIA"},{"id":"22","title":"Mercedes"},{"id":"28","title":"Nissan"},{"id":"143","title":"Skoda"},{"id":"47","title":"Toyota"},{"id":"193","title":"Volvo"},{"id":"20","title":"Volkswagen"},{"id":"22223","title":"ARO"},{"id":"23516","title":"Abarth"},{"id":"392","title":"Acura"},{"id":"38968","title":"Aito"},{"id":"24787","title":"Aiways"},{"id":"295","title":"Alfa Romeo"},{"id":"24790","title":"ArcFox"},{"id":"22887","title":"Aston Martin"},{"id":"57","title":"Audi"},{"id":"36217","title":"Avatr"},{"id":"23696","title":"BAIC"},{"id":"43030","title":"BAW"},{"id":"34","title":"BMW"},{"id":"288","title":"Bentley"},{"id":"748","title":"Brilliance"},{"id":"20947","title":"Buick"},{"id":"487","title":"Byd"},{"id":"439","title":"Cadillac"},{"id":"23654","title":"Changan"},{"id":"119","title":"Chery"},{"id":"167","title":"Chevrolet"},{"id":"101","title":"Chrysler"},{"id":"32","title":"Citroen"},{"id":"24455","title":"Cupra"},{"id":"24352","title":"DS Automobiles"},{"id":"375","title":"Dacia"},{"id":"99","title":"Daewoo"},{"id":"132","title":"Daihatsu"},{"id":"20359","title":"Datsun"},{"id":"31863","title":"Denza"},{"id":"89","title":"Dodge"},{"id":"24796","title":"Dongfeng"},{"id":"38687","title":"Exeed"},{"id":"504","title":"FAW"},{"id":"22889","title":"Ferrari"},{"id":"41","title":"Fiat"},{"id":"24719","title":"GAC"},{"id":"616","title":"GMC"},{"id":"587","title":"Geely"},{"id":"24520","title":"Genesis"},{"id":"202","title":"Great Wall"},{"id":"22890","title":"Hafei"},{"id":"521","title":"Haima"},{"id":"23260","title":"Haval"},{"id":"36703","title":"HiPhi"},{"id":"39680","title":"Hongqi"},{"id":"24782","title":"Hozon"},{"id":"37326","title":"Hozon"},{"id":"247","title":"Hummer"},{"id":"32708","title":"IM Motors"},{"id":"419","title":"Infiniti"},{"id":"22891","title":"Iran Khodro"},{"id":"14","title":"Isuzu"},{"id":"1049","title":"Iveco"},{"id":"1667","title":"JMC"},{"id":"662","title":"Jac"},{"id":"369","title":"Jaguar"},{"id":"186","title":"Jeep"},{"id":"28752","title":"Jetour"},{"id":"37820","title":"Jetta"},{"id":"39760","title":"LEVC"},{"id":"24420","title":"Lada"},{"id":"85","title":"Lada / ВАЗ"},{"id":"12462","title":"Lamborghini"},{"id":"210","title":"Lancia"},{"id":"291","title":"Land Rover"},{"id":"24738","title":"Leapmotor"},{"id":"136","title":"Lexus"},{"id":"34753","title":"LiXiang"},{"id":"414","title":"Lifan"},{"id":"305","title":"Lincoln"},{"id":"25004","title":"Linktour"},{"id":"1743","title":"Lotus"},{"id":"40826","title":"Lucid"},{"id":"39770","title":"Luxeed"},{"id":"28447","title":"Lynk \u0026 Co"},{"id":"33046","title":"MG"},{"id":"1704","title":"Maserati"},{"id":"45","title":"Mazda"},{"id":"23296","title":"McLaren"},{"id":"22892","title":"Mercedes-Maybach"},{"id":"22893","title":"Mercury"},{"id":"577","title":"Mini"},{"id":"36","title":"Mitsubishi"},{"id":"34747","title":"NIO"},{"id":"1","title":"Opel"},{"id":"24773","title":"Oshan"},{"id":"76","title":"Peugeot"},{"id":"1125","title":"Piaggio"},{"id":"39267","title":"Polestar"},{"id":"284","title":"Pontiac"},{"id":"282","title":"Porsche"},{"id":"23870","title":"Ravon"},{"id":"8","title":"Renault"},{"id":"27737","title":"Renault Samsung"},{"id":"42104","title":"Riddara"},{"id":"39472","title":"Rivian"},{"id":"24729","title":"Roewe"},{"id":"266","title":"Rolls-Royce"},{"id":"62","title":"Rover"},{"id":"344","title":"Saab"},{"id":"22895","title":"Saturn"},{"id":"22352","title":"Scion"},{"id":"200","title":"Seat"},{"id":"24732","title":"Skywell"},{"id":"263","title":"Smart"},{"id":"397","title":"Ssangyong"},{"id":"121","title":"Subaru"},{"id":"43","title":"Suzuki"},{"id":"34794","title":"Tank"},{"id":"883","title":"Tata"},{"id":"1662","title":"Tatra"},{"id":"17483","title":"Tesla"},{"id":"35821","title":"Venucia"},{"id":"36707","title":"Voyah"},{"id":"23709","title":"Weltmeister"},{"id":"31867","title":"Wuling"},{"id":"37323","title":"Xiaomi"},{"id":"23680","title":"Xpeng"},{"id":"24793","title":"Zeekr"},{"id":"23261","title":"Zotye"},{"id":"219","title":"ГАЗ"},{"id":"154","title":"Другая марка"},{"id":"249","title":"ЗАЗ"},{"id":"21019","title":"ЛуАЗ"},{"id":"59","title":"Москвич / Иж"},{"id":"410","title":"УАЗ"}],"units":null,"type":"drop_down_options"},{"id":"21","title":"Модель","depends_on":"20","required":true,"options":null,"units":null,"type":"drop_down_options"},{"id":"2095","title":"Поколение","depends_on":"21","required":true,"options":null,"units":null,"type":"drop_down_options"},{"id":"775","title":"Регистрация","depends_on":null,"required":true,"options":[{"id":"18592","title":"Республика Молдова"},{"id":"18593","title":"Приднестровье"},{"id":"20473","title":"Растаможен"},{"id":"20474","title":"Не растаможен"},{"id":"18594","title":"Другое"}],"units":null,"type":"drop_down_options"},{"id":"593","title":"Состояние","depends_on":null,"required":true,"options":[{"id":"18672","title":"Новый"},{"id":"18668","title":"С пробегом"},{"id":"23242","title":"Требует ремонта"}],"units":null,"type":"drop_down_options"},{"id":"1761","title":"Наличие","depends_on":null,"required":true,"options":[{"id":"29670","title":"На месте"},{"id":"29671","title":"В пути"},{"id":"29672","title":"Под заказ"}],"units":null,"type":"drop_down_options"},{"id":"1763","title":"Происхождение автомобиля","depends_on":null,"required":true,"options":[{"id":"29677","title":"Еврозона"},{"id":"29678","title":"США"},{"id":"33042","title":"Китай"},{"id":"33043","title":"Корея"},{"id":"42430","title":"Япония"},{"id":"33044","title":"Другое"}],"units":null,"type":"drop_down_options"},{"id":"13","title":"body","depends_on":null,"required":false,"options":null,"units":null,"type":"textarea_text"},{"id":"1404","title":"Теги","depends_on":null,"required":false,"options":null,"units":null,"type":"textbox_text"}]},{"title":"Цена и регион","features":[{"id":"7","title":"Регион","depends_on":null,"required":true,"options":[{"id":"12912","title":"Бельцы мун."},{"id":"12882","title":"Бендеры мун."},{"id":"12901","title":"Бессарабка"},{"id":"12898","title":"Бричаны"},{"id":"12878","title":"Вулканешты"},{"id":"12904","title":"Глодяны"},{"id":"12873","title":"Григориополь"},{"id":"17475","title":"Днестровск"},{"id":"12896","title":"Дондюшаны"},{"id":"12893","title":"Дрокия"},{"id":"12879","title":"Дубоссары"},{"id":"12895","title":"Единцы"},{"id":"12908","title":"Кагул"},{"id":"12907","title":"Калараш"},{"id":"12874","title":"Каменка"},{"id":"12890","title":"Кантемир"},{"id":"12903","title":"Каушаны"},{"id":"12900","title":"Кишинёв мун."},{"id":"12875","title":"Комрат"},{"id":"12888","title":"Криуляны"},{"id":"12881","title":"Леова"},{"id":"12877","title":"Ниспорены"},{"id":"12905","title":"Новые Анены"},{"id":"12902","title":"Окница"},{"id":"12909","title":"Оргеев"},{"id":"12891","title":"Резина"},{"id":"12883","title":"Рыбница"},{"id":"12897","title":"Рышканы"},{"id":"12884","title":"Слободзея"},{"id":"12899","title":"Сороки"},{"id":"12910","title":"Страшены"},{"id":"12906","title":"Сынжерей"},{"id":"12894","title":"Тараклия"},{"id":"12892","title":"Теленешты"},{"id":"12885","title":"Тирасполь мун."},{"id":"12870","title":"Унгены"},{"id":"12887","title":"Фалешты"},{"id":"12911","title":"Флорешты"},{"id":"12876","title":"Хынчешты"},{"id":"12871","title":"Чадыр-Лунга"},{"id":"12889","title":"Чимишлия"},{"id":"12880","title":"Шолданешты"},{"id":"12872","title":"Штефан-Водэ"},{"id":"12886","title":"Яловены"}],"units":null,"type":"drop_down_options"},{"id":"2","title":"Цена","depends_on":null,"required":true,"options":null,"units":["eur","usd","mdl"],"type":"textbox_numeric_measurement"}]},{"title":"Свойства","features":[{"id":"795","title":"Автор объявления","depends_on":null,"required":true,"options":[{"id":"23241","title":"Автодилер"}],"units":null,"type":"drop_down_options"},{"id":"19","title":"Год выпуска","depends_on":null,"required":true,"options":null,"units":null,"type":"textbox_numeric"},{"id":"1196","title":"Руль","depends_on":null,"required":true,"options":[{"id":"21979","title":"Левый"},{"id":"21978","title":"Правый"}],"units":null,"type":"drop_down_options"},{"id":"846","title":"Количество мест","depends_on":null,"required":true,"options":[{"id":"19117","title":"2"},{"id":"19123","title":"3"},{"id":"19007","title":"3-4"},{"id":"19118","title":"4"},{"id":"19119","title":"5"},{"id":"19121","title":"6"},{"id":"19120","title":"7"},{"id":"19122","title":"8"},{"id":"24583","title":"9"}],"units":null,"type":"drop_down_options"},{"id":"102","title":"Тип кузова","depends_on":null,"required":true,"options":[{"id":"18","title":"Внедорожник"},{"id":"156","title":"Кабриолет"},{"id":"68","title":"Комби"},{"id":"74","title":"Кроссовер"},{"id":"96","title":"Купе"},{"id":"53","title":"Микровэн"},{"id":"49","title":"Минивэн"},{"id":"61","title":"Пикап"},{"id":"265","title":"Родстер"},{"id":"6","title":"Седан"},{"id":"27","title":"Универсал"},{"id":"97","title":"Фургон"},{"id":"11","title":"Хетчбэк"}],"units":null,"type":"drop_down_options"},{"id":"851","title":"Количество дверей","depends_on":null,"required":false,"options":[{"id":"19083","title":"2"},{"id":"19084","title":"3"},{"id":"19085","title":"4"},{"id":"19086","title":"5"}],"units":null,"type":"drop_down_options"},{"id":"104","title":"Пробег","depends_on":null,"required":true,"options":null,"units":["km","mi"],"type":"textbox_numeric_measurement"},{"id":"103","title":"Объём двигателя","depends_on":null,"required":true,"options":null,"units":["cm3"],"type":"textbox_numeric_measurement"},{"id":"107","title":"Мощность (л.с.)","depends_on":null,"required":false,"options":null,"units":["hp"],"type":"textbox_numeric_measurement"},{"id":"151","title":"Тип топлива","depends_on":null,"required":true,"options":[{"id":"10","title":"Бензин"},{"id":"24","title":"Дизель"},{"id":"3","title":"Газ / Бензин (пропан)"},{"id":"159","title":"Газ / Бензин (метан)"},{"id":"161","title":"Гибрид"},{"id":"22987","title":"Плагин-гибрид"},{"id":"12617","title":"Электричество"},{"id":"21311","title":"Газ"}],"units":null,"type":"drop_down_options"},{"id":"101","title":"КПП","depends_on":null,"required":true,"options":[{"id":"1051","title":"Вариатор"},{"id":"1054","title":"Роботизированная"},{"id":"16","title":"Автоматическая"},{"id":"4","title":"Механическая"}],"units":null,"type":"drop_down_options"},{"id":"108","title":"Привод","depends_on":null,"required":true,"options":[{"id":"25","title":"Задний"},{"id":"5","title":"Передний"},{"id":"17","title":"4х4"}],"units":null,"type":"drop_down_options"},{"id":"17","title":"Цвет","depends_on":null,"required":false,"options":[{"id":"87","title":"Бежевый"},{"id":"19","title":"Белый"},{"id":"65","title":"Бордовый"},{"id":"31","title":"Голубой"},{"id":"179","title":"Желтый"},{"id":"13","title":"Зелёный"},{"id":"72","title":"Золотой"},{"id":"208","title":"Коричневый"},{"id":"38","title":"Красный"},{"id":"309","title":"Малины"},{"id":"334","title":"Оранжевый"},{"id":"554","title":"Розовый"},{"id":"176","title":"Салатовый"},{"id":"56","title":"Серебряный"},{"id":"50","title":"Серый"},{"id":"40","title":"Синий"},{"id":"12","title":"Тёмно-зелёный"},{"id":"93","title":"Фиолетовый"},{"id":"79","title":"Хамелеон"},{"id":"7","title":"Черный"}],"units":null,"type":"drop_down_options"}]},{"title":"Безопасность","features":[{"id":"109","title":"Антиблокировочная тормозная система (ABS)","depends_on":null,"required":false,"options":null,"units":null,"type":"check_box"},{"id":"115","title":"Шторки безопасности","depends_on":null,"required":false,"options":null,"units":null,"type":"check_box"},{"id":"110","title":"Антипробуксовочная система (TCS, ASR, TRC)","depends_on":null,"required":false,"options":null,"units":null,"type":"check_box"},{"id":"114","title":"Боковые подушки безопасности","depends_on":null,"required":false,"options":null,"units":null,"type":"check_box"},{"id":"116","title":"Датчик парковки","depends_on":null,"required":false,"options":null,"units":null,"type":"check_box"},{"id":"1639","title":"Система кругового обзора","depends_on":null,"required":false,"options":null,"units":null,"type":"check_box"},{"id":"113","title":"Подушка безопасности пассажира","depends_on":null,"required":false,"options":null,"units":null,"type":"check_box"},{"id":"111","title":"Система стабилизации (ESP, DSC, VDC, ESC)","depends_on":null,"required":false,"options":null,"units":null,"type":"check_box"},{"id":"112","title":"Подушка безопасности водителя","depends_on":null,"required":false,"options":null,"units":null,"type":"check_box"},{"id":"119","title":"Омыватель фар","depends_on":null,"required":false,"options":null,"units":null,"type":"check_box"},{"id":"118","title":"Датчик света","depends_on":null,"required":false,"options":null,"units":null,"type":"check_box"},{"id":"120","title":"Противоугонное устройство","depends_on":null,"required":false,"options":null,"units":null,"type":"check_box"},{"id":"127","title":"Летние шины","depends_on":null,"required":false,"options":null,"units":null,"type":"check_box"},{"id":"126","title":"Легкосплавные колесные диски","depends_on":null,"required":false,"options":null,"units":null,"type":"check_box"},{"id":"121","title":"Противоугонная сигнализация","depends_on":null,"required":false,"options":null,"units":null,"type":"check_box"},{"id":"124","title":"Многофункциональный руль","depends_on":null,"required":false,"options":null,"units":null,"type":"check_box"},{"id":"125","title":"Стальные колесные диски","depends_on":null,"required":false,"options":null,"units":null,"type":"check_box"},{"id":"128","title":"Зимние шины","depends_on":null,"required":false,"options":null,"units":null,"type":"check_box"},{"id":"123","title":"Противотуманные фары","depends_on":null,"required":false,"options":null,"units":null,"type":"check_box"},{"id":"129","title":"Всесезонные шины","depends_on":null,"required":false,"options":null,"units":null,"type":"check_box"},{"id":"117","title":"Датчик дождя","depends_on":null,"required":false,"options":null,"units":null,"type":"check_box"},{"id":"1638","title":"Камера заднего вида","depends_on":null,"required":false,"options":null,"units":null,"type":"check_box"},{"id":"122","title":"Ксеноновые фары","depends_on":null,"required":false,"options":null,"units":null,"type":"check_box"},{"id":"1757","title":"Светодиодные фары","depends_on":null,"required":false,"options":null,"units":null,"type":"check_box"},{"id":"1758","title":"Лазерные фары","depends_on":null,"required":false,"options":null,"units":null,"type":"check_box"},{"id":"1766","title":"Фаркоп","depends_on":null,"required":false,"options":null,"units":null,"type":"check_box"},{"id":"2201","title":"Крепления для детских сидений (Isofix)","depends_on":null,"required":false,"options":null,"units":null,"type":"check_box"},{"id":"2200","title":"Крепление для якорного ремня (Top Tether)","depends_on":null,"required":false,"options":null,"units":null,"type":"check_box"}]},{"title":"Комфорт","features":[{"id":"130","title":"Кондиционер","depends_on":null,"required":false,"options":null,"units":null,"type":"check_box"},{"id":"131","title":"Климат-контроль","depends_on":null,"required":false,"options":null,"units":null,"type":"check_box"},{"id":"132","title":"Усилитель руля","depends_on":null,"required":false,"options":null,"units":null,"type":"check_box"},{"id":"133","title":"Регулируемая по высоте рулевая колонка","depends_on":null,"required":false,"options":null,"units":null,"type":"check_box"},{"id":"134","title":"Регулируемая по вылету рулевая колонка","depends_on":null,"required":false,"options":null,"units":null,"type":"check_box"},{"id":"135","title":"Люк","depends_on":null,"required":false,"options":null,"units":null,"type":"check_box"},{"id":"136","title":"Электростеклоподъемники","depends_on":null,"required":false,"options":null,"units":null,"type":"check_box"},{"id":"137","title":"Электрорегулировка боковых зеркал","depends_on":null,"required":false,"options":null,"units":null,"type":"check_box"},{"id":"138","title":"Электрорегулировка водительского сиденья","depends_on":null,"required":false,"options":null,"units":null,"type":"check_box"},{"id":"139","title":"Электрорегулировка пассажирского сиденья","depends_on":null,"required":false,"options":null,"units":null,"type":"check_box"},{"id":"140","title":"Подогрев передних сидений","depends_on":null,"required":false,"options":null,"units":null,"type":"check_box"},{"id":"141","title":"Подогрев боковых зеркал","depends_on":null,"required":false,"options":null,"units":null,"type":"check_box"},{"id":"142","title":"Центральный замок","depends_on":null,"required":false,"options":null,"units":null,"type":"check_box"},{"id":"143","title":"Круиз-контроль","depends_on":null,"required":false,"options":null,"units":null,"type":"check_box"},{"id":"144","title":"Аудиосистема, Bluetooth","depends_on":null,"required":false,"options":null,"units":null,"type":"check_box"},{"id":"145","title":"Кожаный салон","depends_on":null,"required":false,"options":null,"units":null,"type":"check_box"},{"id":"147","title":"Обивка салона ткань","depends_on":null,"required":false,"options":null,"units":null,"type":"check_box"},{"id":"148","title":"Бортовой компьютер","depends_on":null,"required":false,"options":null,"units":null,"type":"check_box"},{"id":"149","title":"Навигационная система, TV, DVD","depends_on":null,"required":false,"options":null,"units":null,"type":"check_box"},{"id":"150","title":"Тонированные стекла","depends_on":null,"required":false,"options":null,"units":null,"type":"check_box"}]},{"title":"Медиа","features":[{"id":"14","title":"Фото","depends_on":null,"required":true,"options":null,"units":null,"type":"upload_images"},{"id":"15","title":"Видео","depends_on":null,"required":false,"options":null,"units":null,"type":"upload_videos"}]},{"title":"Контакты","features":[{"id":"16","title":"Контакты","depends_on":null,"required":false,"options":null,"units":null,"type":"contacts"}]}]}
[2025-05-01 07:44:55] {"Options":[{"id":"8457","title":"100 NX"},{"id":"8458","title":"200 SX"},{"id":"581","title":"240 SX"},{"id":"649","title":"350Z"},{"id":"8460","title":"370Z"},{"id":"92","title":"Almera"},{"id":"114","title":"Almera Tino"},{"id":"457","title":"Altima"},{"id":"29858","title":"Ariya"},{"id":"800","title":"Armada"},{"id":"30","title":"Bluebird"},{"id":"669","title":"Cherry"},{"id":"8470","title":"Frontier"},{"id":"8472","title":"GT-R"},{"id":"8473","title":"Interstar"},{"id":"869","title":"Juke"},{"id":"23590","title":"Kicks"},{"id":"8475","title":"Kubistar"},{"id":"1684","title":"Laurel"},{"id":"8476","title":"Leaf"},{"id":"1736","title":"March"},{"id":"241","title":"Maxima"},{"id":"214","title":"Micra"},{"id":"115","title":"Murano"},{"id":"8479","title":"NV200"},{"id":"8478","title":"NV300"},{"id":"8480","title":"NV400"},{"id":"429","title":"Navara"},{"id":"684","title":"Note"},{"id":"321","title":"Pathfinder"},{"id":"323","title":"Patrol"},{"id":"1003","title":"Pixo"},{"id":"442","title":"Prairie"},{"id":"8482","title":"Presage"},{"id":"8483","title":"Primastar"},{"id":"29","title":"Primera"},{"id":"8484","title":"Pulsar"},{"id":"352","title":"Qashqai"},{"id":"8485","title":"Qashqai+2"},{"id":"8486","title":"Quest"},{"id":"8488","title":"Rogue"},{"id":"8490","title":"Sentra"},{"id":"680","title":"Serena"},{"id":"552","title":"Skyline"},{"id":"71","title":"Sunny"},{"id":"24755","title":"Sylphy"},{"id":"850","title":"Teana"},{"id":"428","title":"Terrano"},{"id":"80","title":"Tiida"},{"id":"8493","title":"Titan"},{"id":"8495","title":"Urvan"},{"id":"118","title":"Vanette"},{"id":"1693","title":"Versa"},{"id":"123","title":"X-Trail"},{"id":"8497","title":"Xterra"},{"id":"40164","title":"Z"},{"id":"17730","title":"Другое"}]}
[2025-05-01 07:44:55] {"Options":[{"id":"35397","title":"E11 (2005 - 2012)"},{"id":"35398","title":"E12 (2012 - 2020)"},{"id":"35399","title":"E13 (2020 - н. в)"}]}
[2025-05-01 07:44:55] {"ad_id":"89599696","ad":{"id":"89599696","title":"Nissan Note","offer_type":776,"price":{"id":2,"value":6899,"unit":"eur"},"state":"public","categories":{"category":{"id":"658","title":"Transport","url":"transport"},"subcategory":{"id":"659","title":"Autoturisme","url":"transport/cars"}},"type":"standard","views_counter":370,"autorepublisher":{"enabled":false,"schedule":null},"posted":"2025-01-13T21:02:12+02:00","republished":"2025-01-21T11:55:02+02:00","expire":"2025-02-19T20:55:08+02:00","block_reasons":null,"location":{"location_region":"Chișinău mun.","location_location":"","location_sector":"","location_street":"","location_building":""},"images":{"id":14,"value":["adb0b872112c86a5a46743a11293c5c3.jpg","6eff3445056cc30dda234571a9eda8ae.jpg","acb69bdf554bc011a23dec4bc118658e.jpg","55b9df3544a8bf452e0fb4edb829a46b.jpg","03e6be419515f955f58f2517013305b9.jpg","e0a2a973d4affbe31aecd1f97c974163.jpg","b973da1b077ef5580ab3ac28e097602d.jpg","5c6a8e15ceb1e9851715fa695eac1dd2.jpg","71c6a69a1daac24f13e304d320a5fa21.jpg","15e7ce2f861eb6654fab114e055040b9.jpg","dfdf5e42c6077aa84099a57905ba0714.jpg","f7f723ff76a3df2c8b348a707bc3ca56.jpg","24bb09bc08a0faaf694e260e5bc676ec.jpg","9c4821e0a96ce03cc202859be472f7c9.jpg"],"unit":null},"videos":{"id":15,"value":[{"thumbnail_url":"https://i1.ytimg.com/vi/_sbHQnaZ9kk/mqdefault.jpg","video_url":"https://www.youtube.com/watch?v=_sbHQnaZ9kk"},{"thumbnail_url":"https://i1.ytimg.com/vi/O9CdDeJ9vXs/mqdefault.jpg","video_url":"https://www.youtube.com/watch?v=O9CdDeJ9vXs"},{"thumbnail_url":"https://i1.ytimg.com/vi/LDzcvhjTf0w/mqdefault.jpg","video_url":"https://www.youtube.com/watch?v=LDzcvhjTf0w"}],"unit":null},"contacts":{"id":16,"value":{"without_number":false,"phone_numbers":["37379500425"]},"unit":null},"delivery":null},"min_daily_limit":10,"daily_limit":10,"days_left":-99,"date_end":"2025-01-21T09:51:07+00:00","state":"","period":7,"republish":false,"click_price":100,"total_clicks":0,"budget":{"overall":0,"daily_limit":10,"spent_today":0},"is_deprecated":false,"errors_list":[],"errors":[],"keywords":[],"categories":[],"current_page":""}
[2025-05-01 07:44:55] {"ad_id":"89599696","ad":{"id":"89599696","title":"Nissan Note","offer_type":776,"price":{"id":2,"value":6899,"unit":"eur"},"state":"public","categories":{"category":{"id":"658","title":"Transport","url":"transport"},"subcategory":{"id":"659","title":"Autoturisme","url":"transport/cars"}},"type":"standard","views_counter":370,"autorepublisher":{"enabled":false,"schedule":null},"posted":"2025-01-13T21:02:12+02:00","republished":"2025-01-21T11:55:02+02:00","expire":"2025-02-19T20:55:08+02:00","block_reasons":null,"location":{"location_region":"Chișinău mun.","location_location":"","location_sector":"","location_street":"","location_building":""},"images":{"id":14,"value":["adb0b872112c86a5a46743a11293c5c3.jpg","6eff3445056cc30dda234571a9eda8ae.jpg","acb69bdf554bc011a23dec4bc118658e.jpg","55b9df3544a8bf452e0fb4edb829a46b.jpg","03e6be419515f955f58f2517013305b9.jpg","e0a2a973d4affbe31aecd1f97c974163.jpg","b973da1b077ef5580ab3ac28e097602d.jpg","5c6a8e15ceb1e9851715fa695eac1dd2.jpg","71c6a69a1daac24f13e304d320a5fa21.jpg","15e7ce2f861eb6654fab114e055040b9.jpg","dfdf5e42c6077aa84099a57905ba0714.jpg","f7f723ff76a3df2c8b348a707bc3ca56.jpg","24bb09bc08a0faaf694e260e5bc676ec.jpg","9c4821e0a96ce03cc202859be472f7c9.jpg"],"unit":null},"videos":{"id":15,"value":[{"thumbnail_url":"https://i1.ytimg.com/vi/_sbHQnaZ9kk/mqdefault.jpg","video_url":"https://www.youtube.com/watch?v=_sbHQnaZ9kk"},{"thumbnail_url":"https://i1.ytimg.com/vi/O9CdDeJ9vXs/mqdefault.jpg","video_url":"https://www.youtube.com/watch?v=O9CdDeJ9vXs"},{"thumbnail_url":"https://i1.ytimg.com/vi/LDzcvhjTf0w/mqdefault.jpg","video_url":"https://www.youtube.com/watch?v=LDzcvhjTf0w"}],"unit":null},"contacts":{"id":16,"value":{"without_number":false,"phone_numbers":["37379500425"]},"unit":null},"delivery":null},"min_daily_limit":10,"daily_limit":10,"days_left":-99,"date_end":"2025-01-21T09:51:07+00:00","state":"","period":7,"republish":false,"click_price":100,"total_clicks":0,"budget":{"overall":0,"daily_limit":10,"spent_today":0},"is_deprecated":false,"errors_list":[],"errors":[],"keywords":[],"categories":[],"current_page":""}
